6769430842
8060927622
7461999852
6938003674
7400233971
6999718728
6257617532
8080731335
7424406518
7969639660
8108155830
7602904787
8220000449
7327001957
6551127010
6615405845
6818103660
8437337133
7290708482
7610957868
6788173744
7105954072
7739807696
807642992
7092482094
7770300905
6953796441
7149252423
6738753354
7412723885
8490046160
7267589986
7279346196
7395774190
8015331044
7144142242
7377593438
7577028918
7449050490
7466833652
8214226971
7465680458
7136606781
8497747136
8377114287
7168674739
7673304876
8014939740
7227020535
7351258473
7365311879
8336311034
7228108812
7047336943
7479405515
7298242908
1228663361
7760754893
6978985011
6022622962
8541308445
8189006379
7674592578
7277461317
7884148151
8156525719
792655161
581190853
8259108657
7123972210
8430772873
481519105
6215024404
780865452
7339776091
7403226511
7559934722
7403350555
7255944751
7121423943
7297097217
7792797473
6803627662
6161038879
8212234297
7633696663
8092774732
8405469869
7466871191
7991426560
7067448211
7523857569
8440355432
7212458981
7433051231
7171288114
7022048458
7950570568
8338682592
7035204366
7087150977
7482051237
8216192565
7380203284
8306709234
6860832186
5435720413
8528252806
8445646803
8457822108
8512511445
8453368866
6971978587
8001925457
7454945226
6791859633
6328972261
7747200162
6440039667
7059436289
8490638609
7316229968
8469855184
6995478366
7819016546
1805615458
7596711829
7138575726
7481849663
7406135234
7132206799
7521732849
8484458956
7557212141
6970114277
8318326088
6756240877
7371398666
7007437705
6441113141
7587182784
8297785282
7231849215
965277644
6876779080
7177362593
6873088155
5584757434
7492553738
7739566678
1468384910
7749446463
8516841142
7206661142
7017131426
7988968886
7245313091
7417453072
8036385484
7386153147
7201370693
8237960824
7455872353
8313061288
7377914738
7560326521
6993982914
7051036475
8264888862
8442564425
8172127316
6730959233
7725331035
7404021593
8007734120
6455145048
7542242566
7124953541
7272361137
8298179217
8196349381
7904181527
8162221382
6782183411
7916755046
6515899270
7425334157
8037654819
7144697889
6778851535
7390198616
7357406244
6783091986
7144376376
7246390659
7140466202
7234734627
8542236207
8309911054
8363076718
7225935463
7355970415
7765591316
6751208918
7495023394
7267517513
1384281989
7230995216
8283834191
8161494546
7248822601
7936474092
6708572686
7351200756
7622779162
8305420672
6539372028
6210791475
7169206681
6997870294
8014613616
7355826131
7682267929
852049986
7082055730
8312755539
1352769035
7986350636
7041535953
6711367440
8392949858
6889036738
7735347088
7470021667
8484846823
804243487
722972618
7434335217
7615172247
7497194591
7468456526
7351408063
8262037515
5605952915
6977120681
7183242761
6798947293
7191629724
7150868730
5948609969
7654581003
7442868309
7597598081
6875461792
7869808523
7254075217
8220170461
8408462513
8381576301
8440641576
7661433408
7923532117
8467803138
6560941538
7495019919
7118169628
7003682382
7927640050
6613463011
7752468175
1671510814
8080817134
8440525927
7770767520
7352923640
7318432230
1622757019
6442427394
8093183863
7751531702
7698729706
8427631830
7757688354
7890715878
8101419668
7210216910
7417779335
7576808510
8371741970
7519518048
6364370861
8262311704
8057094581
7078497837
7262501758
7605697333
7512521735
7642890945
7237483033
7458897551
8207983451
7680394376
7616709125
7442278415
8227495166
7349492527
8024872187
5503648785
7267660391
7465152034
6400384522
7453217879
8002237294
7221385429
7768504953
6319024088
7966328921
7190629473
7123309746
7042836713
7782348192
8199370528
7009900293
7049142078
7278209771
6801937301
7904406333
7294548455
7252018035
7251763575
7084623345
6538754444
7012771568
7918650482
7952899205
7576877818
7350403562
6165611750
6514272001
8551003831
7940981396
7858632755
7369388345
7700714206
1545578790
7864394834
6718499275
8083714873
6980035142
7342220075
7252669731
7686550490
8207241355
8041002051
7568289354
8338578533
8020832703
7325501277
7163815719
8588807851
7299390976
7283731733
7321791963
8479551800
7277802452
8370331368
7229921260
7402798262
6914649447
8372109959
6572109294
6411454710
8496682806
7012790041
7529574932
8268239655
7370386454
8151854111
6848406300
7360694961
7752318385
7232375357
8382217622
8213729872
6410339393
7056014863
8392068123
7197265539
6658698883
6813842997
7481024538
7487897139
7754438341
7437314009
7141741666
7584584207
7404147286
7183298211
7323632709
5459436734
6244358280
7370716136
8356812914
8481410212
6562911660
7459745024
6466182256
6802840363
8244606295
7340329053
7374025101
7499648637
7566696284
7204634211
7251811943
7119789966
8279072690
6774271146
6046379402
8480056105
1953922135
7235840251
7014055841
7093283474
7613660853
7235609920
7056988071
8464412134
7914288593
7299771015
7182280518
7395053755
8367376729
6754934440
7870043180
6637942271
8278840070
7407643352
7476052044
7206586871
7510405683
8067452363
8260377672
7650959181
7615195184
7048243615
8109319758
7903351635
6672418672
6772876632
7396631380
7574414029
8441846732
8341659887
2125782598
6283720892
7180835138
7081865516
6846123244
7663151475
7611946331
8329253686
7964041961
8186734217
7517821048
6589335196
7975555043
7872478020
7348998491
6700807129
7726810385
6940056936
8448571439
7055001437
7804534323
7052826673
8334382793
7646742292
7786621493
7166298299
6534931588
5947840129
7475552832
6956919979
7377391204
7085735549
8456279353
8382290998
8074287588
8303436730
7403902864
7580564073
8207940674
8484829565
7324050631
6935829473
7069264494
7431288752
7116933428
7316718275
8057736185
7081775700
6705057150
7019132987
5662391653
8235221071
7414264306
7888166412
8412363335
8134032349
8432921941
7882911155
7271732270
7311421409
7678417340
7757547834
7337332707
6184604139
7408959457
8319460112
7146393423
7470214497
7213588583
7444353267
7904399161
7182707128
8203952417
7133303659
7242762142
8164796334
5547572002
5928120563
7875632234
6825159951
8361290715
7450824255
8351134612
6937999805
7701408330
7386894722
6777709439
7969414111
8039635088
7066876859
7274741645
7620569539
7478688649
7353883109
7112993561
8477480124
960534025
7947846223
7300669922
7130892241
7125738087
1029130158
7528859545
7139930952
7544952681
7030788859
7939742863
8515434728
5208660490
7515774582
7006778910
8192099106
7273308636
7009184756
7291380450
8133860696
7210083953
8415790391
7842089405
7063229011
7930566333
7663840385
7392383487
7043165578
6284139441
8095604350
6085659115
7699536336
8135742550
7046390262
7451995216
8125589044
7951653631
7141019811
6674341320
8367428849
7260065637
6710944836
8083985289
8436101953
7333471138
7074082903
7025382848
7393524967
7835526951
7201446089
8025723039
6775454320
8350575934
7341089963
7690469333
7245514883
8362710730
7238954829
8452707987
7394298066
5615172651
6488225123
7663808366
7850572979
7392801196
8508841276
8429811211
7777580571
8141893015
5632999533
7955472834
6387858512
5860514205
8320463864
8198876922
7229158926
8345554138
8221041496
7917582350
341151851
7106940486
8060376746
7543956738
7178781179
8433668249
6387596022
7266469597
7228136444
5851796070
7424265291
7443836142
7700432326
6472364253
6768891681
7104132476
8709292210
8147026828
8413272549
7778787429
8348039639
8321548860
6772745536
8050285219
8333702176
5112522052
8339369024
6883179593
7383639748
7343286411
6983869633
6912261955
7482088773
7088386416
8475940726
8365854225
7164002079
7253741495
7329674597
7800602176
7208748475
7275885262
6583248345
7009379486
7468477608
6625490627
7400528473
8154364487
8247976064
7558080107
7455195842
7404746339
7501234894
6504573414
7853907319
8358672562
7067488069
7051603404
7854743472
7214938203
8269193566
7063565920
6942242846
6478737117
7658682121
6966518878
8231672475
8363643484
934156137
7425761517
6996982060
7809813775
8484243579
7046876733
8038500860
6326919692
7149409083
7146199335
8406525916
7115988475
7072346716
8309660133
501788933
7715384989
8409751054
7595744938
7115080821
7256733963
7092539092
7952991089
7202929112
7267530235
319350531
7256181572
7389626831
7974171134
7403513732
7420900319
7828808687
7781117086
8125812147
6654763689
7566051307
8596430815
8479404177
8360449993
7386454435
7247861149
7744371855
7795159759
7278771473
1109694332
8363327686
8134995508
6488220974
7352808851
8005995471
7372324421
7594520472
6572284810
8095016677
7726599205
7665010411
6915391636
7358612989
6362572495
8340489008
8185892207
7610740774
7836307141
7477853282
8012924539
1807129001
7762448542
7563179220
8039243226
5561140895
6995342192
8208370196
7075849241
7499864134
7994854519
7264960593
6640128242
7030647204
8277570560
8402585756
5972129574
8107544793
7471459289
8316438532
7271617443
7925311338
7398483211
7161301063
7221867761
8232393777
6887358845
7344679486
6974584184
7506741312
7400034751
8246031347
8003846060
308255720
7229065280
7834535475
7188832499
6752235444
7496428700
6654869436
7619542360
7714042122
5831135159
7404345526
6815628231
7483843607
7720855403
6664370471
8322402264
8490767829
8000623551
8360778595
7279008523
7400286423
8539780805
8173724180
7185525571
7005153528
7110822710
7879782720
7338965372
8186406444
7835248867
6752133878
8257710458
8034412732
8404787891
7386729766
7584916180
7566370547
8284441999
7309432832
7057288430
7462441249
7837625842
5994044862
7963926456
7186668544
7471647717
6836134967
7655509971
8049374344
8345287976
7026675918
7975331517
6732639796
7811474984
8523097455
6841907630
6544954063
7579454170
6556362204
7288156629
7193718360
8548485196
8452199105
7643470698
6861133260
6989617634
7509678020
7473035455
7469230866
7196792278
6782488481
7345714048
8385526276
7153799387
8051848852
7297106982
8075804879
7853630628
8476773950
7924764244
7088666906
8594777904
7393768859
7652168978
6096295078
8105933945
7229085969
7582518965
7325406668
8507568513
6962044474
7190152434
7165258931
7285278593
7943830976
736071103
6519838981
7218713646
7455358424
6899693345
8351039632
7338011408
872826987
7164277270
7264765131
8774039505
7196270752
8508979893
7342556090
7075973045
7107813980
8212261072
7441842932
8284063771
7341078399
7395922909
5990049955
7031413560
8402603337
7150188528
7458821991
6750047108
8317664402
7266946627
7621045083
7377092318
7263634315
6656059773
8362758486
6995136924
7427552479
8443825325
7731799732
8109233310
7795571587
7970912728
7158639239
8198819807
7255685094
7512071867
8171448825
5433778379
8439209567
8408543894
7815365508
7294218926
1193894441
7444845133
1397828526
7719929786
7263122586
8241687860
7515023399
7272486097
7099782233
8086602379
7341023373
7811560516
8380357263
7988294387
7233893197
8106516388
7000385537
7908095762
7387400721
8191299186
7886303965
8471417796
7330001028
6891388096
7499088800
8211751149
6873518510
8018710535
6473403387
6990373456
7449407475
6977035034
7461517906
7248406758
8113512762
8394276890
7615941666
8463249624
7185931080
7377105830
7677822035
8312685501
8340205185
8298094073
1137231116
7005636229
7209599215
6148073043
7218808849
7767390301
7883639662
7262905275
8456428308
7915462717
7315884538
5867636774
8533447845
7592047317
8586738184
7981532968
8366512539
8139659381
7133413961
7756869037
7766008932
8375022289
7571946528
7523215388
6855295842
7292043264
7348639571
7305197552
7469251402
7427968570
7320145398
7632516989
7862818960
7450859381
7255448072
7666671779
7916087028
7759593914
7040652770
6330916658
6836199071
7214941560
6496293966
7144072793
7460874375
7046996043
8181852436
6241576343
6761793598
8270415664
7456567245
7816821110
7080182242
7853440058
7877885088
7443319503
8123936505
8505956020
7602268166
7424207920
6780044760
6391415555
7809584441
7753033799
8222854703
7398431670
7176329927
7060897731
7003059681
6880271161
8171056177
7127770637
7345023834
7771176167
7294163929
7245115773
7159104963
8386316249
7420197534
7572278342
7123219658
8243546870
6594502829
7026082515
8703953502
7278805647
8381984046
6847926562
7133371752
8405157606
7063930411
8121563649
7219498893
7457983289
2122520217
7040762624
7685899324
6304535740
6365452660
6861746499
7581614959
5332166672
7241421976
7413882660
7251318525
7311925467
8535012608
7078306737
8252466525
6939034882
6345527811
7056231080
7275272239
7510885989
8298394071
7473295681
6810319312
7064056756
8495339706
8453669714
7067833796
7294576035
8411605399
7579490706
8494471592
8417015940
6825748600
7385807151
6960889906
8379136628
6707225132
7944601964
7273839169
7018274566
8091223498
7412794448
7378270420
7172902487
7244638678
6823178127
8026255264
7593442725
7244238939
7620370968
7384412816
7274368400
6691733625
7663811735
8262103266
8194498996
6875917722
7537771275
7252485354
7007401502
8073028934
5870618146
7456426829
7140222695
6914633427
7954152534
7868241641
7481236426
620626197
1715099189
6883469196
7051634677
8464187044
8483323757
7304983272
7728888899
7154875431
6947774995
7364692504
8134768833
7493870014
7396541821
7492210149
8069930212
7196083508
7401771680
7087857643
2135117196
7100902488
862349345
7954445703
452755408
7007409012
7385838088
8141502272
7011830455
8202540488
7147710695
7966815768
5650031073
7055605974
6755177636
7373525281
8332247038
1905853173
7339546457
8270267841
8388905499
6346583150
7656349596
7405612751
7474434076
7167194327
6949705198
7467534705
8207320894
7410972369
8184001218
8339216054
7459273983
7571166145
7339593880
8065504527
8224529015
6743036479
8299797652
8229865848
7269550628
8290321838
7379100833
7336232518
8433431830
7681194663
7707900772
8050584653
7499192814
7309773689
7058495723
7198432203
7243830895
8190260964
7833325756
8307700801
8337051495
8077178984
8367651904
8582601152
7178866962
6932128289
7147569489
6856470188
1078042596
7161572916
7838349641
7157102161
8762125752
6689127450
6740273419
8224751077
8014874411
7307449434
8493974815
7238500048
7148621272
7527312137
8109496061
7228077318
7462971298
7479589309
7206671738
8004958261
7633905112
7984257102
7842783964
7065591283
7206073916
7390573632
7386688890
8311291388
1102981348
6894043669
8106677552
6750204416
7118777228
7235903908
8251549907
8285902134
7050491824
7065022836
7257644847
7428329658
7705841644
8356444865
7919716217
7927222863
6483595596
7323155642
8347063231
6925774028
8335827717
7899668616
7927530494
7916292704
7620730658
7500368462
8026513700
7368269753
7557056296
7495949288
6885588298
8331568315
7551070065
8036274073
7270268687
6963324634
5469546284
5626336102
7681788637
7587907622
7409419361
7848615144
5972812237
7191950768
7629355180
7480046130
6759841889
7473851783
6007215598
8503697571
7149532789
8397770243
8372188836
7283249708
7451573152
7239914477
8289169878
6356080756
7176595472
7907854787
7403222946
7141119461
8342560171
6799718583
7268052151
6894214657
7257106688
7340358461
8156847969
6726837508
7788637688
6113673927
7669740848
1267823701
8106205923
7595745962
7812364073
7399854633
7655399079
6474157259
7794025184
7762279471
6213449811
8165979694
7487571790
7697514426
8240355993
7575595151
258023219
7527633250
8256787021
8484735461
7899572173
6054184460
7141055174
6376449333
5302985722
6712763743
8034136309
8417611549
7373620833
8446836993
6684764752
6963461521
8279144734
8261595797
6713737988
7286422229
6449573610
6966747384
7913374586
8066896799
7181552715
7639727618
7736018545
6625584181
7939027558
282149642
8484099359
8151720403
8227957965
7352000609
7878369273
8120775955
8473327462
7702607780
6517558332
7627720002
7404147531
6992597536
8003087118
7238878564
7095111224
7239956986
7797511630
7231501311
8031950640
6410665942
7992853650
7703652272
7786047493
7542858447
7283642328
7595022484
7028168666
7339811061
6004380466
7115822461
8281473489
6617618046
7807205058
7088162785
7302390268
6372613794
7430093933
7544512461
8276523549
8077872075
8002397666
8209455704
8125920739
7514762602
7471121743
8024318909
8037306493
5974190090
7059018086
6550249993
7059904944
7776410553
6549628668
7417731466
8430165540
7678960435
8423463354
6344695088
7118410978
6611143879
8248395299
7443477029
6802335984
7609691980
8355316520
7082638481
6863473204
7492117130
8011213988
7976521320
6387836995
7431182262
7210848455
7392122699
8239267153
7769548880
8343559124
7384720493
7389197873
7314688663
7482194180
6877355066
8407394611
7515828915
6931950342
7601409629
7368477034
5155079637
7017647286
6887680842
7772980804
5407854509
7963645175
7965074082
7112707230
7958496281
8473565800
8301252039
8399368832
7414147284
8535826084
6575634129
7353249642
7302495782
7896386105
7986243932
8115966021
8281247729
7040911479
7482042042
1208630604
7990278336
7281775240
7666966207
7010965940
7083125861
5235506952
7217530241
6613445048
8042820897
6268125835
136730615
7020499067
8420646441
7984740029
7546719912
7287725819
7886756980
8432626297
7776498268
7171083061
7211975178
7705922482
6148606763
7144230383
7429986770
8329820708
7057518421
7280800883
8446351885
299726676
8098261974
7655567439
7035041425
7600472520
8052696477
7223285704
7412352646
7684357713
8352406495
7034059949
8103346280
7684914286
8308824629
6550437695
8271029044
7463135013
7066805741
8265692316
7629700996
8466716448
6709040304
7202549008
1672698598
7530435991
7143814229
8439292458
8354007165
7070144783
7507981766
6178223166
7212733895
7978659029
7186573717
6235263805
7988093005
7284714716
8298708209
8495509611
7446424470
7339400837
7300103512
8419846797
7279408698
8534991449
7200909929
7645443111
8457897086
7002866275
8485148225
7682402045
7920922755
8365280702
7876458057
8401465456
8440375715
8143271201
8331469408
7724836195
7888751071
7486731752
1800515630
7240781732
7173582104
8341445173
8121409298
7895292629
7447163137
8339114798
7417137314
7556672650
8471428312
7387572816
5075332124
8393464567
6758485357
8210585061
6948595588
7554673706
7682539981
7231270716
7221153306
7149034422
7473197649
7141115869
695245018
8543945862
7414198786
6383596974
7517210272
8703053957
7833370485
7874682330
7299502812
6946345899
8057281454
7500354787
8334347355
7580975476
7136747447
7828955378
7383518830
8218704351
6585996173
7235559599
7314553304
6069672217
7085271580
5190198895
7504097801
7879325034
419916632
7460873308
8079530440
8089286892
7318291711
7734370835
8113946465
7575681982
7181599655
7023610517
7798474360
5071832777
6913110398
7938674040
8201971167
7260078388
7491458536
8299997029
8450109605
7186626457
7128053809
8142636344
7267772087
6721059017
6421356221
1914476236
7719552384
7485054721
7638715453
7555243996
7209421501
7582994155
7300206986
6541793938
8218150337
7354212303
7998602500
1892591594
8075699497
7535759903
8222431846
7233251417
6847760560
7415797201
7224628390
6709227648
7475052090
7908590368
8488668626
7728242347
8023395519
8275290268
7305971489
7897570003
7261424779
7747604381
7145368248
7937009190
7526121793
7012607716
7893261115
7127814340
7546202134
8270317537
7141707300
7047163813
8128807171
7417574387
6450267257
7244511731
7068023775
6191274785
7632995013
7436249591
8070521979
7170964801
7198771067
7079026289
7847579638
7075663802
6435246603
7209673002
7262805510
8373303729
7327957419
7200398915
7389685629
7591051630
7916054497
8376731264
7331929285
8065741801
6371676326
7980027798
8196902300
7448635925
7921628963
6994315423
7183177876
7202929935
6919321410
5987015088
8267580499
7335269687
7861019666
7939376275
7467903066
6365003720
6899091309
6507231918
8328694019
7963934420
350058685
8304224016
7436849695
6823218461
7037081725
7149507340
6257833988
7606673018
8171421329
5979821025
7350848620
7118755672
7256969130
8244006477
7265507071
7311234782
7675392054
8163564351
1465173115
7726436313
7455335122
7183670623
7893145649
8278271328
7583324442
8131378690
7226359231
8164614280
7416791669
8066985585
6553402110
7840829778
8381775376
8134590584
7553768414
7170052313
5640648697
7299788521
7922408245
7588228916
8212188639
8313019015
8057377630
7225573232
8270072482
7974432957
7384392009
8043274481
8244029702
7773283846
8516173073
8458930168
7015591961
6917711551
8432634467
8294573986
6889656612
8099847867
7797043780
7797361115
7286222523
8191235601
7482735770
6785705099
7238414128
6498699337
8456777063
7677025699
6958495638
900623320
7151770820
7372074156
7252583191
7575236930
6856551364
7681902458
7355459892
7439830709
6674502903
7380026997
7925972782
8578278663
7607045943
7557859539
7610273924
7150945356
8386062149
6643897507
8385586523
7512017746
7547163740
7872918662
7381247398
8379335539
8474441550
6979178180
6395011050
7305162836
7141400275
8272542445
7979340735
7359859125
7289468774
7412040022
6742449878
8490472741
7459502335
7336549967
7130401523
7442345288
7497918647
8151307801
7488045116
7239598385
5283495046
8056821607
8211268211
6398295384
1644373143
7510831166
5444007322
7616838374
7900966369
8029493341
8239016477
7511204548
7973081767
8046942632
6991489908
7203324892
7592089562
8084821011
7980061001
7247360993
7228891064
7629492281
8213057373
7418329178
7098837195
8013555161
7107380281
1587385973
7224905440
7955645820
8266502224
6620043037
7180562711
7477933957
7051333576
7600094806
7239745836
7247511028
7337252282
1982014895
7510794577
8299147908
7426660609
7123857284
7210929495
8030876420
8435179079
8471147691
7089041299
7449213460
7002050557
7304663329
7541212617
8539588058
7541964300
7286241678
7175981154
6103567475
7456465646
7570399589
6436387121
7039399842
7191935656
7071210838
8348250463
7111096817
1444244613
8247503704
7781823832
7249765580
7321103111
7369329997
7954883529
6712515877
8076363591
7208812663
7394357126
6321426801
7026704584
7244637909
7508955011
7000045763
7618724904
1462072707
7406118296
8015546673
8476798556
258029532
7479044601
6949302636
7494127827
7488833081
7521102589
8478596344
8289059891
7404623795
8487093611
7078022224
7064991746
8070667433
8029030718
7146999822
6960835605
6322804984
8274904336
7501127491
7412312028
8279085597
7268003842
7904086111
8488141855
8530228786
7784946917
446443734
8221024796
8197123862
8287223795
8265779150
7434353397
7869705445
8085235261
8157153365
6711416184
7336602281
7193199055
7482448558
6824219564
7229705924
8201442405
6710244475
8477613689
8048111058
6060478379
8345487841
7350224291
6160196241
8322336515
7051904219
8070652954
8406771766
7496887625
7747337003
7280675222
7159334240
7309945542
2093851611
7125775473
6551362573
7304212131
7773548890
8003129058
8491041408
7960780100
7633385803
7581303164
8275297784
7648331153
7221900372
7196661248
8122986029
7656122811
7150514002
7461262371
8070942199
7069559949
8106812022
7764717149
6355676617
7291738282
6709344316
7612892093
7580843534
8248658424
6811477539
7684347251
7666441444
7826473948
8245692532
8377833002
7247322866
6718692190
7100465169
7808064687
8148259204
7127320961
1575506354
7908672447
7994213722
8216036207
8230762813
8267135045
8362681981
7165881784
7118960869
1860899996
8455574434
7946938961
8124627511
8420762045
7490211751
7197128301
7234188928
6841487793
6355387758
7185160088
7374496230
6622742992
7470236609
6321143328
8316257089
6731245306
7915627665
6851097291
7480578696
1769982209
8235133121
7081873965
7104028968
8020873366
8275334867
7673551127
7325010833
7036649490
7221580762
7280284057
7348338832
8445529394
7268614308
7314098529
8200507465
8262623370
7379562139
8241661796
7779000072
7447430459
8229166662
8030608342
6346500879
8340398956
6426393733
8231806099
7500112227
6569438843
7454118045
7981858863
7322619768
7221086381
7819142357
7415442410
8353149447
8133763719
266540267
7638727517
7331628656
7246645096
7863299415
7287849688
8345363960
7449592478
8059399456
7421257642
8188032487
7686191355
7198352557
7031763802
7291553242
7918450814
8583875682
7107112883
5836386816
7140457984
7279544719
8021519993
8258839527
6348970274
7212607044
7448659288
8551459489
8233993816
8168185694
7425523014
8547343255
7843582694
5252902865
6597879518
7169276910
7675440418
8336886766
2064749981
7389784619
6468974941
7630873540
6362695376
7373607114
8517826918
7061628154
7673918920
7961167047
7581480656
6749739115
7750228357
6367761496
7308982349
7055115582
7268417464
8042451888
7909768060
7367542610
8133631541
6912011641
8494174283
6753208998
7578733029
6697013091
7266487970
7407995600
7345166763
7694203630
6846739714
7726398645
7418251103
7893196937
6937499081
7085445721
6474239183
6992380193
7747537885
7484713378
2117774230
8336732837
8206023437
7881202896
6317779932
7063765624
6371312221
7452870249
8342357913
7016298404
6761251855
7222603092
8383634826
6076696844
7727341198
7492465913
8163820722
7250970088
8496053313
8224103632
7498058507
8460913520
7124969009
7366823731
8050165137
7400238792
6419145428
8356851481
8143178002
7502322481
8254533581
7647694820
6830094657
7614471017
7247463342
1376635528
8423737359
6995895385
8443820131
7472526107
8247340177
7669030804
7098610608
7852955145
7364506539
6882306720
7254588283
6892872087
7227850687
7723513912
556283243
7227665065
7510718484
8161191960
7083245007
7402384616
8365486935
7185413991
7935311824
7264631923
7559893443
7182570466
7104533967
7076502108
8363672316
7982307427
7189835295
8076287867
6733917535
8345036264
8435366556
6406823145
8052697682
6915222387
7132122050
7255236883
8434296967
8059321905
7827055539
8082400922
7434203618
7889665038
6703242956
7009030186
7392581754
8062986472
7544040634
7175746990
7104813679
8357296924
7317084121
7414118341
6855853350
7538364642
1791059633
7007588628
7851469795
8499925491
7315748016
8112063890
8890727868
7430434476
7504552398
7229917349
7869532832
7380269027
7747406200
7465853379
7141046058
8367621628
7715864572
7912100571
7665887254
7729902799
7750076745
7974257046
7869745341
5795365920
7367788746
8322020384
6719468194
7443751308
7938497087
7430798484
7385607728
7645173187
8440708078
7569421947
8223166706
7895779160
7437585298
8095243021
8002652491
8204881760
7408046084
6232594367
6990606641
7261616714
6333221507
7749893260
7300363526
8387776567
6497869585
7083396988
6952663233
7350048158
8429149099
8463902545
7281583058
6417344774
7431619635
7838883520
7179045836
6614488378
7951311883
7057938773
7267544369
6492425257
8093763408
8459805164
7378841657
7344023238
7500447226
6915348329
8245256068
6173649475
7747226257
7219303011
7461875141
7205576048
7362836997
7325885238
8106988924
7573034411
7681742094
7122927289
8330141612
8297209929
7573099550
8436850156
7217867225
8481751063
7912522012
7503445319
8499248259
8392242621
8491100416
8235343758
8266199329
7072289679
7152190985
6707184750
6523916614
8156972985
7720691193
6115710791
7412889009
8138674412
7608784675
7367273721
8187630549
8261648390
7953565210
8472574342
7388223447
8326360437
8623572521
8173820740
7245061074
7093108319
7093321849
8435544518
6373498442
7143575714
8298857565
8284969290
7703155794
8174241744
7099742918
7328934192
8183945782
8254129114
7548655161
7088965914
8342970468
7114879949
7490241504
7158734038
8458050203
7277966652
7748440106
7902206283
7402461266
2107707530
7015632456
7734729107
7039225399
7443957960
6809486958
7577035551
7038902792
7701727713
7340316125
7908491958
8408825848
7205885281
8240208762
6599749231
7997898103
8296463568
7260771839
7555770291
7856989537
6875433735
7403003430
8465154715
7406730723
7358674967
8398383940
7185010266
8381985278
7076338137
7288793617
7408094950
7106586320
7986736493
7515917854
7623784708
7446245053
7061735663
6993977409
8172763760
7436743561
7338172142
8302137903
7372142686
8046855339
7142364675
7269818439
7333568440
7286428684
8456661085
7332004226
6622782161
7850967172
7542885514
7025283530
8261318246
7117266637
6998824780
7099402180
8394187442
7200946796
6666780360
7434566213
7636703629
7920146591
7687804248
7518255295
7887797829
8561645770
7247819621
7074032159
8044167361
7922930420
7450110498
7102579932
6203808665
8496619021
6576982804
7602154761
6641775661
6598468153
7773984417
8380245422
5516279388
7099388235
8330221051
7684855169
6524122713
6991857181
8086280529
7188067039
6831169614
7375978906
6751616510
7579559574
6929956739
6723204528
6747228567
7470056514
7594247257
6577006897
7694340218
8253097173
8327658839
7172866459
8240049608
7146993297
7063091687
7000108505
7318219378
6988024128
7696123461
7555049844
6949538611
6506053754
7615902054
7231769478
7364146207
8267161323
7300576497
7228983731
7311758091
7316375995
8571354670
7642283435
6929405987
8188458913
5950056952
7566629427
7203924302
7581973463
6859860921
7275073480
7274462091
8289027937
6779963433
7553543282
5891745356
7577524781
6054269807
6409671123
7413463347
8307689721
7614895836
7233840020
7021444129
8219930053
8403759639
7783741091
7399335703
8477764507
8584541862
7713255404
7851980782
7704627459
7081026363
7287679120
7419740835
7123783341
7648796487
7351732161
7984864081
7434772010
7185516347
8370171089
7465354238
7462270837
7282341887
8544005513
7247484834
1259719688
7312692534
5920130575
8589551511
6953672424
7671074532
7195028774
7739783774
6868719469
7177905116
7912966767
7435751355
7293967087
7461837860
7227601408
7397361016
7242942727
7253717585
7566057961
7274988746
7299274852
8509628476
7320586218
7537222317
8289449983
8361769322
8077225644
7499199697
8053146051
8234112096
5756568432
6889735462
6368598507
7846622305
7106994874
8130065571
7255645022
8597827833
7404170860
8080895088
7644565083
8369621150
7450958643
8162127573
7242268863
7579945118
8226322724
8485484528
7631058695
7228198598
7109525835
7419302669
6419900198
7624209407
7239518443
7483914207
8272488614
7452179630
8486366751
7612217674
8161365873
8447914765
8555677783
1888191726
7966202602
7932389673
7331359389
7329338155
6541945751
8442542263
8305581722
7125740071
8349339964
7395538101
7098693081
7418542860
7630288514
7444354044
7617049187
7500870372
8172722435
8401398056
7399467539
6845102461
8371802193
7227122272
6095742359
1495009991
6316317304
8009518754
7248418014
7586112755
7441495382
7001091296
6986215221
7422428420
7587076497
7682053061
7941835387
7252751273
7319513974
7407330492
7429794039
7626511187
7283581102
8230769180
7238786811
6700592286
7660635180
7705882985
7894775632
7157486666
6384411965
6992695915
7727766038
7625144630
7039543313
8276668871
8281431682
7997577525
7498353369
7545069991
7486562112
7824371298
7739539890
7036314577
8302078025
7265984462
7624344875
7368381465
7085868033
7097885890
7171891874
7421360981
6811453364
8371309946
7127149244
1530149392
7344985926
7505647559
7349322969
7429038099
7311182436
7364062217
8231555096
8531571312
7282803727
8583089121
7415209756
8266600611
6569702339
8278454888
7738580422
7236509239
7256384311
7322346268
8428497550
8390623997
6978836993
384086039
8476093633
7604227791
7741614142
7696087494
6275927759
7637726951
8076660279
7270860045
7384135198
770942071
6875922786
7993370638
7494509051
7947930653
8040591129
7463166121
7874252809
7622485241
417823003
7589923738
6339609603
717927825
7610205806
7078820946
8437641967
7243635227
6711257361
6618852083
6738481619
7328060716
7119453774
8202070816
7995392580
7361435553
8109737222
7489372387
7675883216
7280261163
7514410033
8391506764
7033988457
8366943680
6911247921
8125182120
7543987988
8044779298
8066728603
8017691852
7746715844
7127908325
1602233876
7165811079
8456652999
7020082274
7444593842
6465235397
5605549375
7225015969
7511797175
8194756933
7991514231
7451968477
1152663096
8347687062
7330864774
8372005047
8296496479
7366624872
7115892945
8120663894
6607900048
7109554421
7495656940
7047674919
6647332758
7304809083
8263786806
7124186437
6297760260
7002629361
8127185869
8377473905
1291586258
8234086225
7714559020
6257198741
8381069773
8408014518
7518493015
7628652033
8207246303
7364144276
8266168508
6388941547
7267558310
7079663635
6578554350
7676482429
7271498410
6747018683
7354451309
8186327491
7262028844
6358728068
8186254068
8522418489
7585795732
7585884464
8478630224
7477983366
7360366324
7573869344
6911610336
7995815443
7656195600
7650393033
7451737062
7106498595
7545504461
7337153005
7251622046
6999365362
7850209924
7713905204
6614049458
7730759735
7080497421
8060341200
6051961660
8382479983
8188298991
7558254461
7204399706
221113360
7448971465
8176371183
7988564795
6644822732
6913394428
8042385211
8379441989
7851547947
7077653987
7793396538
7252055163
8056966792
6933136852
6354721098
7760208521
7250788204
1798153708
7213863861
6254691951
705216460
8471877155
7671079098
8053514032
7271608189
6955973140
7316309213
7906001221
7762993245
6668278763
7681364172
7655947512
8461549136
7975690089
7729510888
8155331434
7183200982
6958012515
5897208724
7763063470
7009844997
7730741653
7836768620
8480292667
8009802329
6657280727
6992180805
6483319001
7734815634
6893687644
7816356751
8408369173
7795013554
8203022183
7706827406
7929911233
7716307738
7707166669
6260046105
6830704084
7039144925
7266756960
7321282611
6399722201
7514932104
7968999843
8279117067
7997067954
8139062812
7161596339
5990448359
7470333964
7979174684
7489482351
8021636574
7477523908
7258245998
7084188550
7218087666
7544255185
8311546158
7313522374
7423812296
8239070953
7322548740
7385786928
7947899018
7835252016
8346807411
7656282575
7286349036
7459987871
2095580588
8133455537
6631222121
7749533133
8469041494
7114527460
990855767
7230312593
7958690506
7736071440
8014963458
7356583469
7874240840
8047438511
7272456815
8471300788
7624303701
8238040901
8372228637
7969494658
8004899101
8141798250
5998972218
8138221313
1644487165
8270020467
7423701333
8096849795
8066429700
7004024530
7230372234
7204952028
7879620637
6725679046
7392437888
7021197237
6442803015
8250255247
7678495402
8332261251
7918379832
7134052642
7293268657
7423581382
7050888980
8211360274
7369876040
1466967672
7040223180
8223409067
7020590290
7409370419
6464182692
7934414056
7303187021
7174715768
7532923647
7363723311
8295363259
8268832109
1979247973
7159582169
6506677522
7455525268
8397683002
1854382582
8119381309
7032686818
6666461388
7535105495
7685477762
6819658901
7219864946
8300658252
7733103920
6407375574
8249706197
8049405212
7158376208
7837768776
7031779618
8209103708
5481892277
6811165183
5748681120
6634233311
7923402477
7177457630
7785278232
8089028603
7377385353
1362281233
7451847759
7156399878
8275242626
8266763703
8300688275
6937571459
7327640626
8565069487
7902834990
7476885522
7126687187
6480574342
7351488287
7358334590
6868594763
7101558257
8000712632
7105498793
6013437003
7083406617
8152233658
7307017324
7635770247
7746360895
7234175031
6320319779
7391222352
6828951074
7246482173
6439553158
339888380
8050320337
6994033434
7677877313
5044317913
7658917980
7998047642
962664705
7915821333
6860561243
7529275703
7914249167
6842531936
6969130392
7747841389
7422039946
7163486717
7879956475
7263331681
6942601344
7574293947
8132350911
7134181444
8202691775
7064803363
8110201818
1364571641
8424631911
5299155423
7111529440
7821262948
8386829027
7382820780
7221071584
7180706938
7607482095
7305081444
7954133574
7859522916
7597996215
8301805603
8045219082
1117623104
7645100195
8329162633
7065381927
8411143906
7219299520
8331904302
6996024402
6434400561
8438060447
7024682650
8340825944
7432846743
7251888500
6876091426
7044707821
6925780524
1785904058
7680302890
7380017159
8210083611
8038158130
7655052209
7697697018
1174227194
6736604048
8269036337
6939389168
8107396904
2018542066
7038866412
7154682101
8306531164
6684527684
7209828991
5969208758
8346878001
7509203256
8684789403
8304287172
7773764944
7669296760
7573804852
7269883688
7084893547
6801987893
7723934183
7861073469
7075741165
7420643989
7482189320
7351531026
6261465959
7412543640
7677489254
8431134545
6524195710
7067394736
7054753089
6793666046
7261206728
7581051973
7354205349
8279695617
7471447400
7601682560
7914411744
6446181971
8142491911
8087171418
1883468897
7616952074
7397096890
7808053217
7322674889
7080109694
7756558543
8478231239
6559487809
7909819915
7443524535
7156819687
7178267934
7343083993
7342650151
8415736260
8368113736
7035567537
8320476519
7503544216
8308862653
7411876499
7010688960
8348992002
8200550269
8200896580
7732488025
6742826057
7698815594
6888703679
7405192196
8091133498
7396345454
7936297440
7680238211
7195091128
5703111193
7759243828
7101698108
7697269319
6228269388
8009911335
8127904981
8370758857
7615771347
7340464737
8427642507
7254701540
7139856466
5496690850
7621867233
7564212951
7498151899
8470172018
7527407135
7084664004
6423561362
7811868945
8287593122
7655492226
8458160819
8047899157
7164971005
7792294906
7326556063
8483301055
8092255450
7710177535
7859042979
7471497190
7637756295
8337330999
8441361099
7101230381
7267790981
8019087850
7271518256
7493228955
7144921075
7579593154
7187198684
7537596452
7516590711
5272770549
8244920769
6484001039
7236477364
7237074433
7185438048
8584937787
7442354968
7396271046
7675546780
8129516233
8361478106
7487862815
8187435538
7713039280
7324203352
7132090673
2076965271
8140396744
5750310138
7668388779
7838317201
7052702668
6885655233
7434289117
7142046775
7078127019
7667731325
6791550177
7948652663
7808877114
6838741287
8176390778
8349886154
7399780111
7268557381
7389047713
8432963254
6074579969
8315815723
7063751431
8094789784
6413904748
6816065864
7447790810
8176920389
8024500171
7408131212
7089552896
7236977605
7879358106
8339642706
8444415266
7458883305
7072757136
6997956018
1104699784
7410591209
7354248975
7322829241
7495813777
7517884349
7800543031
5578216255
8451679388
7968283192
8382793590
8475314746
7291211307
8309944935
8117992848
8001215131
8162296845
7836705221
7854765312
8133062936
2048988343
6798261660
7989857362
5820902578
8445318494
5294346740
7630499249
7785340903
7480027789
6593140733
7052486290
8182992171
8256138250
7710330771
8194436480
7336751390
7452119698
8304675584
7253351372
6584730646
7266141913
8279587915
6380470801
6806289769
7176084991
7798146837
8077600535
6868832373
7056642442
7443331206
7521691310
6252490605
6264533268
8084497650
7107351290
6475954289
7494614896
8057699689
6681183963
7212221259
8147065011
7407739949
8363618794
7936543679
8313617559
6847954502
7173923722
8045658867
7354062914
370418829
7229938180
8047469119
7483462434
8216271389
7241366763
7214155037
7218553402
7356659595
7177604159
8421290712
7208977530
7004839955
8302769065
6072745225
7757999766
7166628072
7292492914
7883396528
7150128623
8335738014
7221452720
7616371330
8281652137
8218618254
7554149134
7789780700
8152336079
7196506976
8418023870
7253649105
1131868826
7151583384
7207709757
7041608662
7413350109
7070539373
7934190953
8246080934
7339577664
7044016818
7840361454
7327057234
7064710769
7236371712
8030987145
7414750114
6379594387
7752386928
6575064582
6793466068
7234898593
7697924797
8277172746
7001543600
7887236539
7193952834
8479711327
7763453855
7343791770
6763559891
8463215414
8351771926
7107511033
6938425741
7894067344
6208947520
7774654067
7501051565
7138686775
8002802935
7673981193
7255155046
7613939249
7203697941
8068530549
7507772221
6917413296
6573495090
8307840088
8350767763
7337775011
8369544557
7491869880
7361914587
7066656082
8273609562
7289942268
7050043255
7387979612
8085933720
6864321621
8489897639
6794835590
7191505815
8465728935
8277180703
8267496665
6826921257
7134236424
1013007322
8237297709
8197391882
8468115526
8057170770
7571885853
8152640350
7675103329
6785880052
8088466275
7793087182
8399548113
7349007153
7826929845
7626155561
6727062829
7010404919
7468921128
6939879619
7062899940
7390391685
7277867528
7171825291
6835006771
8231398243
7722874881
7428421702
7635109012
7323127295
7913980381
6381915426
7848739295
7449256333
7013404070
7553150725
7320066232
7462702171
7957151048
8263203836
7497514842
6378681675
7928548459
6754052352
7353078889
7380097735
8135889238
7921509172
6971043543
7729128427
7306124702
7510363951
6959858064
7370304700
7221961881
8276065547
6965691382
8568426284
8126471352
7017308909
8225393624
7176187218
6913620495
6798346063
8349015210
8251883126
7488172537
8380563660
7021194756
7090976920
8072630988
7352839818
7257002446
8347879706
7800205816
8272945485
7352452618
7385847078
6909302791
8375469851
7258939013
8330285818
7186011946
6574171409
8474193734
7078837278
7547643020
7337875172
1251383899
7937187784
7517493212
8374763196
7446800181
7993326136
6456628173
7207291314
7117629554
7242572981
8474279115
8427397215
7092288409
7659029685
7850591106
7230844138
7138119234
8271275523
8236709362
5347313927
7582540257
7344398247
6865589887
7107758506
7113650840
7165628330
7370714054
7024897871
8053885986
7119884656
7631212349
7451073624
6896441426
7842241724
7770410542
8246332155
7721327111
6887436588
7890813204
6614033714
7985312710
7747902145
8474505555
7041965795
6926548623
5578733161
6847910929
7162157949
5112800782
7830657154
7356917113
6420556540
6730495951
6455090690
7036370032
7599950204
7434958814
8475018447
7142321916
8206987828
8173756938
7587353469
5926069094
7405824845
7428526564
6658573612
7337056837
8472604577
6886651299
7283043272
7423329699
8084491326
8396273731
7113770465
6855529046
7238374638
7809590543
8259076601
7109466089
7186454406
8270253761
7908850605
7486848691
7401536748
7461378188
6852258754
7356920279
7221936589
7135629266
7260333181
7258955694
312783492
7385840352
7562113227
7958760304
860409052
8307042726
8456855550
6386730296
8127751564
8358297864
7687858464
7954272970
7450775647
7072483613
7341263779
7201105406
8214711998
6357124541
7218504339
6702465517
7941399164
8200240068
7382720425
7218580229
7666590386
7413517424
5459872702
7457004808
8494768880
6568473233
7458282277
7292747156
8341466269
7203663367
8256681749
8285454677
8555865945
7266852284
7280855903
7003751632
8295669271
6742069534
7981360443
152496444
7331759217
6487267264
7228867937
7483817708
6630973608
7888459209
8135980166
8113622778
7263284824
7438673364
7440734694
8282115836
7255991858
6475553256
8154435901
7217826846
7312628139
8002952806
6883730249
7047005464
8185103627
7358813372
910231170
7388118903
8276464008
7099884014
7963305822
8116830669
7278240742
8158658797
7484034828
7404827083
7776184887
6618346947
8583063148
6879430811
7455014478
380289314
7214128758
7456371330
7367681223
8169817312
6600012870
6836253657
7074653023
7670845438
7968227718
7795606829
8310340638
7950139148
7065681667
7312591547
6946738909
7292165986
7462708829
7034105750
7872146055
6351201781
7793102009
7485215448
6971682110
7023897659
8058108113
7371293226
8039032049
8362349749
8076806117
6706186540
6803775351
7828497758
7357501804
7365040355
7520715635
7378576302
7288299843
6757501058
7402289837
7410907526
7256459076
7159203731
7982211662
7195746101
7133664095
1918163977
7221117741
6766154844
7309018961
6778735730
7208885618
7421600546
7650183617
7471341991
8466593864
7445734561
7038105884
7580459950
7844072878
7671480302
7222092769
8155265861
7747121969
8362533229
8349029706
8052092319
1319547977
7759634193
7036376307
6300391331
7213977496
7238868997
7571659379
7236055718
6774618467
7221395211
8079163274
8110795763
7670404003
8369220715
809374308
8318897466
7528044024
7738021178
7810617704
6866264544
8266416664
6991550826
7205201395
7789862847
6715189190
8306845447
8071992239
8399567876
8269946694
7817039967
7143302692
7467486777
7238466300
8018851314
7524133111
8218067759
7982042908
7369805393
7768076678
7519164924
7774606089
6622747244
7245285462
7297690567
7074240179
7440715044
7508903320
7078462768
7539327432
7463226081
7068685427
7403358112
8166196148
7667963613
7462076747
7901897973
8057525917
6418258224
7444569183
7106412365
7026940134
7371408656
8190769802
7484090341
6960608737
8034989011
6867805485
7790684139
6736629138
7963477514
7359270383
5043625521
7142567796
6471636474
7633973940
7781574860
6730920829
7937766964
8308760588
6300421497
6652424288
7046297765
7253772692
7885404286
7934564688
7697358028
520713930
7414175487
8203085956
8167456515
6448815596
7443890879
7082235623
6785104638
8006793876
7524620035
7573189433
7165336607
6095070854
7087018960
8233849329
8323179906
7100919897
8353510288
7227263381
7928584327
6702403298
8330795198
7239210811
7845210937
7528684368
7200417830
8011763376
6821565971
7487336652
7390808227
7779358250
7807110737
6635925234
7547389287
7766101252
8428774530
7969759223
6802566921
5844026278
6483718413
6722822545
7152769766
7249043825
8421091604
7005686666
576286786
6030668881
7410649652
7180529351
6764278031
7907204762
7233139642
5277833841
7477136402
6799163751
7201899668
8418165492
8121030924
8184729672
7075782923
6596190094
7389063169
7948835226
7022887181
7237508640
7283673032
8091365793
7293398616
7644974830
7480196874
8743872661
7281494234
6629184016
8325716817
7561393400
6395681855
8398740482
7261002267
6407962318
6670389876
6130386583
7100086342
7710619810
7445727931
6993934741
6588479713
8332536762
7404275729
7882078523
6201319214
8568043698
7053922022
7259245868
7150854360
7671482835
8268798578
7608316834
8584206324
7736824244
8408139470
7926196157
7511913247
7313264040
7359430409
7383639398
7358590638
7533803926
7056343804
8368717701
6897074315
8442372889
7399851825
7349720986
7581747895
7406208887
6357004715
5696352328
7340352324
1730703597
7506843313
8468113308
8422227419
1567041874
6204351205
7738175099
7348191936
8437891963
7465497454
7248351462
8175270555
7355392581
7225129919
7467526404
6469037703
7508655482
7917785524
7234825031
7250645728
7294350349
7408719810
7810093919
7073660928
6494895224
7339646591
7247582704
8069506367
6776145846
7482851979
7971740176
8254895155
7668141920
8020834029
7293018445
7761722880
6780072906
8457599770
7373730901
7330621936
7746892699
8287272603
7388989095
6605732407
7513423658
7134251835
7288404035
7646636902
7099814823
7114418388
8236928225
7381747755
7840399850
7403892700
6892644968
7286760898
8387762841
7399268933
8132428411
7945382861
7989989053
5169236240
7702158688
7614626761
7023426876
7275386211
6866759285
7030741768
7158588616
8150858004
7235318271
7204583622
7737122723
6774216289
7360184210
7085921231
7256773368
5971667729
8409728922
7765134752
7116517747
8210348819
7475266832
7497192862
8546209054
6543252963
7506599619
7342284979
8111162061
8132000301
6640115439
8260547017
7386613584
7396110852
7811471732
7355341786
7645909175
7432915671
8410284896
7153655453
133769748
7972741574
7127546211
7999029987
8506086673
8492301281
8460666715
7459665538
7595918930
7235319609
8381097413
7635774815
7779291813
7414798573
8266305828
7483347341
6354722074
8190588994
7223903741
8455603355
7186894865
7487925961
7683466688
7633287641
7187645264
7983681036
7342674672
6028469748
7207513416
7722453278
6519461951
8146283914
7547616001
8400157571
889261524
339722837
6907409354
7936855523
7207017542
7975704762
7499386673
7860453275
7316370020
7524919611
7597599309
6465249217
6946601235
7687802507
7261920720
7322133201
7183965569
7321442930
7494966848
8163356674
7866369184
8297076377
7976558113
6473892484
8250177822
7899386930
8084803688
7558973489
6830251674
8178763800
7507729967
7110569302
7168823286
8316983548
7326713575
7729278694
5427495917
7331315538
8287663425
7602352282
6623495576
7320212999
7133033980
7327957588
8245617793
7124190367
6553396695
8504748123
7431101516
7730901364
7867731054
7609747725
5181211034
6598119943
7262152738
6633459948
6996496146
8373241071
8433706907
7914847588
8110508398
8296040138
6805836096
7204542229
7224501896
7166374281
1031175073
1910952538
8058431300
1968100598
7041625609
7337359762
7149212607
7433026932
8274834741
8050707868
7736005303
7265583713
8223519312
7060730319
7422803005
7352471247
7298906368
7032694224
7827428426
8280453751
2084381013
7353371428
7956408427
8499074587
8290466404
7495147426
7031932882
8066703668
7300634317
6927326603
5332268720
6235358798
6874402003
6470303076
7107309354
8471905441
7617616991
7327518560
7231008271
7405299470
1955588739
8468962784
5582097686
8483798433
7923731663
7248658941
7997468388
7069569631
7449922509
7575191120
7500595638
7456401898
8409783538
8509995445
8125057914
7088645307
7858315616
8418401288
8310667866
7018011147
7456782084
7372484577
761979756
7334861508
6763393458
7064235644
8230767406
7448885585
7226462241
7403729938
6508712547
6445147352
6982080899
8367358679
7224665591
7671952864
7081856576
8386121571
7065879300
8148501625
5289330381
8413407330
7280821764
8565946071
7255216906
8149079466
8057312280
7963468744
8283003698
7354815049
7201080298
7250211106
8324887358
7458517638
7565142199
7251938457
7563008551
7358108888
6246368798
6974359901
7353193533
7682766270
8452566885
7547606052
8345960423
8402292891
8265784989
7209785947
5016523592
7271743143
8069911052
7148422407
7921288670
7447605068
7357784390
7624925544
7506325166
7126267878
6906952279
7961320172
6518638205
7062086784
7970728261
7418798175
7139096236
8200147496
7277104395
7838727389
7027264566
6787232260
7174467155
7954526323
7982512437
7216688738
7959791412
6988870568
8330355539
7546039644
447945538
7467743286
6963638065
7007695224
7412354573
7623348925
7416606339
7314194134
7351223616
6778827046
8128886099
7464087860
7414201568
7366795693
7573571182
7073452554
8287800888
7328946241
7576992446
8354609336
736242280
8083622379
1928091251
7549528001
7722663614
7491783761
5936881629
7529364028
7405370066
7305286198
7538953778
7301526226
7377082334
7309871673
7797080172
6157484848
7474659598
7434775774
7094701651
7149234341
8296813840
8549654107
7867955610
8083275451
7477948871
8152560482
6717798588
8323945880
7415780158
418906218
6726427390
886564327
7184950202
7530816884
7449165992
7056776153
8371887113
7528569184
6829159651
7376514834
7330132879
7368496439
7398579051
8234288667
6371774174
142585251
7235530338
6823034117
6959745756
7261526908
8215181914
7400117952
8307297899
7169589309
7403131157
7035148342
7147554660
7100936889
6639970294
8259676675
8541138290
8003099656
8484687829
7930850979
7500181754
7810447043
8278004824
7565249266
7109279060
8119900720
8326250943
7329803845
7859246743
6142206359
603395709
7885560569
6994068763
7048085264
6874279786
7528461930
5991887587
6999677163
7262441311
7200707133
6418838721
7968205604
7473890878
8128759009
1077610179
7744229983
6811219374
7316390119
7282460648
1446157349
7679253517
7220841121
7406531771
7146349046
8063528838
7608212422
7258452699
7763367020
1408790367
474673689
7828053394
7057193331
8330219038
6865543214
8313075063
7029674208
8397688257
7463505195
8129750238
7129859572
8482866326
889726388
6819277218
7787519312
6338775026
8295190990
8326687606
7304898794
7436055956
7933464602
6845661046
7486190668
8259683941
7449128947
7374434387
7093488792
7499558767
6628430755
7111677975
8007073722
7201855416
8490358156
7700436608
7478484949
8058717499
7262509398
7200083608
7008241529
7200301355
7454836068
7734018522
7012431997
7520986008
7490216664
7906201086
7201228100
7232476047
7429305394
8168285754
8219991812
7415014492
8233661416
7439761716
7944822295
6932077024
7842698143
6465556299
7009728427
8367624651
8468759751
6703751219
8462238798
6517810799
7016381424
7913293500
8249075949
6042087511
6514583307
7273742034
7866384750
7452679866
8014071596
5860219642
7171189428
6837437845
7244212568
6558367947
7223694976
7310941002
6342211980
7940337949
7534194008
7483289554
6946227248
6971729152
8005853591
8211413592
7359433979
7232872707
7967567373
8376764493
7483643185
7766376167
8367306378
20421025
7182986283
6858967882
8376334569
6108674987
8718767784
7346412758
8130633358
6752490752
256793964
8491900938
6931019482
6425009074
7243853343
8239870341
6334241320
7492668527
7068481163
6612072229
6527655640
7382216377
7148568652
6136002294
7602940108
7264294989
8328525866
7270121809
7373378896
8467803510
8304782304
7468322689
773092388
8545174670
7032219747
7433359940
6695941595
8285624885
7894537947
6259409026
6681092834
6965664634
7813454218
6862279300
6774096467
6677513141
7632368828
7289879669
7241660932
7606613133
7294120496
1278627265
8242249294
6999719713
1731486203
7052395631
7820971378
7117619628
7042426419
7516126986
7123867847
7373007603
7480911061
6171070317
7108145453
6285718305
7299755484
6718697582
6406217014
8127754284
7290356537
7597490954
6852691207
7396048992
7957363699
7458085647
8241937760
7230883342
7552456975
8222401106
7255924292
7546847818
7509264051
8410287205
7362904143
7481396656
7386282116
6649314849
7362458203
7595174684
8160075931
7202248241
7899124095
7191930949
7903813479
6876974004
7237567179
7606856991
7294624838
8168194430
7408076521
7286282481
7376065918
6476678173
7807092778
7408657875
7232822203
6822306898
6567328468
7533922360
7699185387
7732465452
5802495061
7297732336
7418038452
8402230681
7598321656
7418930268
6159636392
7804769962
7850878926
8328816044
5307594809
8364167823
7682038963
7330539884
7433750621
8004349097
8495789182
8290166202
7321264103
6422316797
7300605985
7147334020
7150132529
8487140898
8356555602
7080527784
7001795987
7745986817
6742855569
8051971808
7489803945
8440317059
7504650455
7113037852
7474318750
7954687080
8078688971
7822607629
5267871360
7095920681
7358870745
8360336145
7936707351
7032302982
6434168082
8481852847
7127692367
8263875227
7752014875
7061243509
8224645114
8049104748
7277952215
7816926443
1576850102
7643459904
7028400178
8319825433
7298126319
7904137146
8314720946
7340551512
8071709054
8149010993
7694641077
7229922723
7748609099
1090353349
6838210317
6859909432
7802008063
8438328717
8024481760
787630762
7770103719
7424537300
7915514645
7650418983
8422872356
8415653805
8290785072
7681591020
6813218092
7088571945
7043478082
7462160930
8006074984
7041450544
7776605121
6774780919
7730340067
8216485949
8025278391
7588628855
6527108522
7739301882
8426061683
7461253202
7133916403
8520823934
8435330706
7280595518
6303624404
6884594547
6526986771
8403935115
7040183428
7425120686
7459520079
8214009622
7105442334
5535011572
7389178911
6251536650
6954338870
6732111372
7264742808
6999730160
7649414539
7556375190
7301990337
7378781121
6937749685
7323941285
7436108368
7153545479
6755604100
7281588743
8122094899
7753232315
5946526632
7695247102
6385735468
7819259033
259096596
7457588962
7200996961
7541769333
8020422860
7710934243
6214003908
7152750234
6545034851
7346092327
8465449211
8406957862
8400027626
7828871854
8228617525
7413828441
8407876029
7705668153
7920892743
6877725291
7119793531
7371798747
7297856400
8274453852
8334583974
5101790664
7759625611
8261345320
7280099195
7474293339
7834404726
7889330227
8327315949
8354738609
7350292091
7059383284
8136931623
7278101463
6895071427
8120263646
8292955829
7268862123
6772851102
1054309765
1937523101
7150637342
7021418125
8311358562
7115883160
7337891801
7554311923
7037956759
5902121205
8309645604
6946790891
8596151919
6469591006
8232861924
8270182581
5336107994
7381012543
7614822241
7062624869
7125087638
7217166290
8280284262
8362651105
7671796726
8004702446
6861728487
7250360709
7976339833
7443957074
8234556877
6908005095
8208769819
7973632366
6859650025
7327363453
8234645106
7299442927
838781969
7703731767
8015284043
7157046610
7313598910
8347736445
6925588645
6593217986
7739270213
7119613136
8221945786
7926201124
5732539054
115230208
7648607672
7285538656
7822271988
6723569365
6448926804
7352736805
6733146192
6290293133
8400793813
7101622965
8311721459
6211729518
7367076171
7180387244
8408598670
7261814324
7626677153
7326611406
6879792318
8437767807
7094717259
7425640341
8282353659
6903408042
7541570902
8384021480
7272357744
8267967668
6079984523
7700140161
8093685239
7435901891
7521519327
8285472140
7416640382
7737510353
7104997712
7029242629
7684960401
8465750776
5509039235
8505522372
7318153551
7453215042
7166633410
7378327683
7123900397
6416202378
6689421611
7405015707
1444750241
7117891357
7477600329
6844052964
7005665017
6451041545
8429295129
7258505885
1626688336
7261294135
7881378889
7403395726
7216815674
7898051748
8414304635
7910254765
7254061676
6308311866
7531511564
7241734674
8477829482
7203518651
7019663556
7111345721
7969093283
6418591070
6347441069
7378150479
7094436195
8446303129
8326504248
7943143808
7445571553
7232602090
7159853617
7111662374
7136604766
6450524835
6945811056
8544566169
8256116342
7278367272
7872295749
6455016136
7543950989
7676460931
7439010900
6405635426
7371938158
7387883386
7164764147
6818298656
7387090204
6750478976
8164836453
7160915898
7219853448
402762745
6950777434
7651923466
8024273861
7020132179
8461389875
7530078446
7936824684
7028787750
7151560435
8418005398
8198107334
7168590484
7298810231
7377765993
8158937344
7692207196
8349492766
8187209522
8317243436
7144282260
8149949208
7239154054
8539407693
8050853520
8470437038
7978347456
8294287508
7923250939
7258182457
7207509079
7809811241
7528060796
6361773078
6701897919
7378702138
8503154822
6686549870
6761756903
8460515156
7094792551
7413803647
7241799591
8431636840
6989947627
8002629166
6583571230
7299835327
7353960872
7783163566
7028068438
1169195612
6966776473
6747148940
7267054488
7412036033
8503820018
7679350936
7041121410
8334125071
6725566551
7311964135
6226502242
7479083266
6787255159
8179491128
7317112717
7265786766
7156297566
7230133106
6919045188
7674698409
8364399921
8308787376
2114239802
2067836899
8230903818
7302070632
7532819073
7146652130
7329813254
8572473637
7857309596
8298905966
6740860241
6841510125
8268410164
7103008919
6832333479
8396996607
7232768204
7443792574
7334264664
8292378434
7152212246
7624346723
6998258293
6780536057
7313850675
7144294757
6686513183
8076487271
7219769008
6645048858
7537027667
7289043596
7549359965
7137844075
7179741151
8480477950
7479411777
7256442213
8168870521
8283453803
7825813865
7207488519
7793171936
7744621057
7662032395
5750823474
7331456523
8265932885
1656253009
5775521058
7455392225
509987291
8198383889
1929303580
6937457100
6903959141
7594979068
7099166389
7375803928
6970266830
7347910109
7368979037
7282266557
8211244561
7549214503
5480601100
8410486587
8409375747
7232520228
939729767
7182188807
8456676267
7881446381
7421082852
7168302405
7416489997
7266745172
8557942868
7271345022
8271968493
7280520523
1091161914
7271377093
7598469361
8366756347
7764547797
7515660990
8249968269
6412845288
7640110310
7467952023
7084222423
6897339651
7757713608
8385947879
7110181915
7321547092
7268374574
6834767519
7053724006
7080358538
7563726394
7782451240
7222245021
8288486912
7940931216
6478127718
7058555719
7225590233
7919775178
7338586537
7193665846
7416443751
8466080098
7370368158
7305288593
7329530717
8423539981
7243988791
1236817249
7736557661
7379338242
8439165055
7612978452
6951255492
7002566751
7031770695
7457865018
7762592678
7924314494
7838180291
8304349539
7397593549
7166001103
7014318816
7820311443
7114905137
7008822428
7151143623
7230101778
5853004106
8591732351
8110639541
6377401524
8270372961
7109588220
6829495161
8283038219
8200571472
8334380992
7427995846
7005353456
7804242666
6483929447
7477923741
8094543166
7004801316
6805787627
6871207269
7003966768
472782286
8328182992
7245297298
6899790084
7505277727
7500716743
7325429458
8430764889
7709517059
5241542851
7673007371
8423404219
8495914993
8492975944
7167162517
8261134189
528181758
7521215239
8129149017
8347771377
6443701492
7403157752
8349766321
8268288176
7001478138
7473767473
8474495206
8423240880
8368002324
8446387703
8075590127
7290015669
8422379326
7291879310
7815992672
7267834804
7471306076
7135773656
7469570452
7721529795
8258680106
8384892922
7369357350
6482039948
7262211832
8028670542
7372512541
8377578878
7247979617
5081917688
7382614217
7104950633
7218709505
7255034471
7038474220
7508266123
8389982321
7331063565
7239614687
7186229572
8485489852
7764744954
6744279408
8473756132
8437658123
7171708361
7046968242
6829930616
8395777536
7827512972
7926043318
8003605986
7333375240
7458864172
8050798443
8450573898
7130300281
7686883095
5864683030
7611551889
7278083599
7449658198
8359900106
7123092735
8113631594
7170132537
6992082327
6734681766
7619950884
8134554259
8244593797
8365132245
6827371457
7731024939
7105453171
7062630897
7287850982
8213522309
6483790981
8334499964
8265881580
7499444208
7617891114
7218300849
7201926752
7080616283
7260985533
8298700314
8156874823
7294810186
7201126266
7410567860
6915079862
7166250849
6279943174
8054106205
6744843167
6833650519
7028949821
7893716782
8185248530
6439878363
8352004794
8288659789
7467324989
166064593
7050957441
6708717565
7330667321
7465549373
7010289489
7053938343
7519386164
7478728137
7140884631
7248199106
7595849166
8383291782
8299848302
5677188877
7329134945
5770831890
6518127673
8372697233
8220353349
7294354807
7647736646
6965071390
6537445828
6618265455
7597335832
7387293591
7069049368
7542084734
7644061671
7866849026
5391074794
7677860442
7793364699
6621599198
7035336001
7364407388
7985330865
8227032552
7247345380
6189578534
7423145313
8220481908
8234308648
6535813487
652400465
7817588044
7871632964
7181076597
8463618197
7068604643
7052737113
7805836962
7204203726
8471726445
7386024606
7228757590
8148263670
7484680357
7542449233
8392195957
7455762539
8245788564
8377563386
7667605832
6390936015
6114455766
1159950714
8267593709
7902954535
7015857680
8324748368
7912876171
6435523400
7296651899
7221803333
6485680674
1360603876
7909095151
7228744959
7541884392
8355873303
5872108272
6814919743
6621810577
7941649044
8584645045
8438259196
7441356800
6859890887
7890099078
7356716557
8381662397
6405346237
7311485190
8593194023
6983325676
7113937002
8112167478
7175248490
7309305359
7088544152
7492790392
7253588671
8387561424
7328625686
8419404175
6590227774
7060806927
7526476998
7577372787
8079402185
381347972
6070800352
7165592695
8510346238
7481190522
7198130222
8280792299
8334221532
7190162054
6599384750
7632431861
7593629402
7215002607
7669844271
1918941478
6463044491
8304631951
8380478295
7319683726
8343875540
8293378913
8303101002
7232805805
7365342147
6284133727
7260689008
8444281378
7974246916
8244303931
7976125775
7061314556
7231130591
8226112958
7768105210
7245907094
8024073688
7167265989
7329601356
8273592754
7379515233
7809356541
7708290979
8381031388
7280703165
8177149405
7799345640
7489001623
7260133492
8338287402
8478469516
8293459496
7353815732
8339154325
7406648054
8023582582
8207157137
7892610395
7989560602
7491648299
7153120410
1627743168
7289432602
6771048588
7494494717
6123040215
7037094156
7016365775
7324196524
8390981623
7076585097
8148850212
7924816029
7712147560
7295930162
8031996760
8304910774
8235048432
7482528076
7957026441
7496202973
7066106014
5679666928
7444384898
8280256482
7461722233
6387638736
6543050856
6660184149
7157791071
7248296893
7026119033
8416891843
8220843551
7558458432
7099091202
7645407236
7897190407
8356423881
8017884717
5010706131
8393504003
8011520092
7342161719
7333282668
7198709380
8240051092
7646232371
7429430925
7306344732
7061530802
7413119611
7018076164
7224917997
7393633559
7195853727
5575604158
6935556272
7674403197
7117595821
7950411219
6568940691
7752832335
8098527624
7036216832
7164315468
7856035388
8475087938
6913467334
7252697593
7346883513
8190190145
8451969962
7627292907
7477925242
6376785587
930426328
8457945176
6479703278
8362432495
8490249760
8289503319
7442412870
8271835107
6288296831
7079813694
7690120890
8497165347
7006009608
7343691120
6413139542
7081681809
6505973674
7879526653
8111922371
7609801099
7743223412
8475091596
7624767588
7368076639
7531142192
7261980030
6530775217
7849726230
7045147248
6329190226
7111713573
8374431494
7448370408
8085477281
8359533840
7226947762
6612832988
7481949679
6587706707
6723392007
8358725438
6787920953
7185159576
8103791448
6751819349
7302799949
7225883333
7030867750
7394662611
7145585210
6843645173
7579970128
6897262230
8178046194
7783156485
6944543271
7375462467
7319806964
7635171998
7519315096
6838969641
7428055721
6304456690
7851757073
5293140399
7634692346
6999134371
6435686292
6502935781
6730792029
7290677215
7336566452
8315526784
8398106805
7518596247
8459544186
7123035095
7084315873
6455181274
7055510024
8390040467
8492157774
7211329409
8351556993
8179931482
8558125477
6982912456
6458390994
7311945912
7631192735
7791523055
7053344536
7830406399
6963889502
8470969396
1877213655
8050589522
6220879162
7591392245
7192414042
7103646500
7173189635
8190688902
8363772265
8398309764
6514835912
8099979251
6887011458
7871278112
8386787563
7195797362
7730078284
7301925801
7192936548
7059462692
7343128175
8374129577
7838965575
7078835220
8497109634
8547613355
7299449488
6747293620
682071256
7798480607
7018822639
8148630201
7972967886
7490195417
8282199982
7248751265
6765414295
7860790017
7459687063
6873729497
7033816671
6892474237
8419047635
7848984045
7282887532
7820180950
8589590394
8355171021
7429883247
6196656899
7498083937
6847851919
6682590983
7074970951
8143386017
7167868618
7004391809
8499256133
7469578565
7125894375
7310904374
5818335426
7246645964
6335343279
6978321084
8577505056
7312531128
7414164763
7356713368
7804368348
7076716609
7905429946
8540563837
8402515582
7032644738
8019620236
8317021511
7523061607
6977973318
6405706058
7033674717
7119122977
7371531502
6907363158
7911928519
7153826713
6756234947
7392670159
6323941790
7211566004
7176037149
6522750308
7459418258
7433823896
8345273817
7162839521
7240943831
6703622418
7274023306
8457484572
6442992227
7697472961
7418884777
1167845850
8485475261
6769112052
7062223807
8075323738
7333908635
7096312306
7018936822
7306006260
6640983575
8453869750
8232606363
1304527256
8206817799
8348490381
8599864495
8321735339
8316658001
7314771718
6200588211
7313972230
8224617196
8338762371
7468877304
8310904044
7191571649
6679933324
7414091986
7081502436
7219653553
7348115589
6407268506
7427887513
8172108476
8552497191
7259234947
6765390895
7167471664
7316309420
5578631681
8280629140
6472567766
6816205057
6786139791
8436496985
6864411097
6380287160
8203430262
7376981164
7619603604
7309488505
6714747472
8334673010
6957780635
7063205986
7921075612
6875301576
7048300248
7254771251
7779953618
8240112487
7033144640
7037813843
7384638607
7179112378
7316201436
7453456190
7306341592
8012675432
7622929965
7078291722
7395907615
7244048960
6261366560
7991992358
6675025314
7152376915
7708905922
7089510173
7550477041
8459955115
7965028758
6433769570
7253327309
7843737964
6880532667
7769849947
7318895500
7220957185
7307546233
7488471966
7244913132
8099534013
7467770440
7376522766
7694750799
7741840088
7496831895
8379750473
7104308770
7768651001
7140767518
7087140378
6735626545
8277585222
7777441108
6938617252
7321275018
7465232726
8106135576
7920337474
8214691991
1572695722
7313346371
7101407700
7847758238
6171621268
8165274430
7246121659
7106160605
7608353588
8016019739
7007603284
7444095271
7921556382
7088851265
6856722232
7336177959
8124232049
8324818886
7471164433
2068267152
8263388820
7579733491
5739442700
6503888547
6787889233
7666974568
7382097620
8268784513
7829309687
8360958020
7086063787
6833323498
7707240883
6731418264
8208834519
7104587637
8183023539
7427760300
8405318174
7312366294
8176291627
7230018882
7470738272
7263795055
7188716866
8071002465
5782064898
8486191982
8194399866
6094375646
8340193047
8058177716
8491869887
8106871394
7496706563
8010234329
8034976833
7932967182
8445021640
6876964559
7432222002
7101469386
6909114523
5667808398
8236955786
7543842095
7497986808
8019442908
6921724024
7827891837
5483378996
7343001105
8395631404
8034120180
6944890983
7278499762
7327202848
6620107995
7626037288
7130184364
7619467255
8156246485
6706934318
7927015329
7940509463
416671346
7739228627
8082935483
5600509837
7341759163
7070010707
5195099354
7258429677
7285348657
7324415627
7661214441
7793816095
8552363584
6686527693
8564938007
6759656402
8012392206
7152634425
7551894155
7368487069
7563452182
8490454951
7431102159
7016778167
1003170088
7515169068
8030957444
6795789103
7937003991
7101143249
6622044045
7940750591
7938735356
7647392275
7698691242
7990684864
8133169836
8266816811
8034299998
7614460914
7018126239
8447702230
7643448312
8108489398
6413179175
7440655924
7213983593
7017893986
7445831963
6380248084
6387406684
7291372304
6810393206
8399087185
7920350571
349156454
8223722456
7203139556
7696960083
7903192814
7991823150
7437737398
7645353654
7783175346
7490467226
6956371557
7937504383
8338968934
7819259551
7437218053
8372485780
8190588581
7180521578
6870759714
7428865384
6565251933
8077167323
7648324433
6033630701
8180438749
7262639321
8398755349
7387389792
8138968296
8082662495
7628303093
7863136154
111474084
6157989381
7443475296
7220978237
8280820700
7345546042
7169437307
6906124802
7273090344
6648289686
5430745517
7011697833
7167995917
7306093198
7878784447
7182750216
7367924831
8400239063
7068623797
6733390896
8371212788
7467822446
6783266028
7278654329
8254584362
7713680922
8200466219
8299421803
7244282146
7844033426
8158294262
7030777160
7958016168
8413785831
7013573719
6142512696
7707979733
7928941402
7463975773
6806697367
8245625844
8286823561
8276465610
7450026968
6336456313
7296805687
7275633600
7172461499
7607567152
7544286421
8050475420
7213105345
7762670437
6999592788
7253724775
6995658063
8408340406
7700704262
8179870116
8425960842
7662122950
7222741397
7085365373
8008930216
7493267228
8358685726
7445677874
7682785148
7388645706
8197907152
7897397859
7152043366
7101841422
8065364508
8442143110
7170972391
7146328878
7789599517
7868533348
8180783937
8250652781
8082371216
7177501021
8116246962
8578704060
7476026251
8551871382
7021760362
7362282604
8313775336
7228161746
7121261097
8494792072
8084622175
7485059943
8011605796
7423945276
7212689008
7614925119
7057108853
7136190824
8219992639
7799794391
7869185655
8407888372
7119746824
6885258796
711803507
8180812039
7136199789
1612446396
7345459529
7354127426
7199411823
7327449287
8377866053
6851378057
7608896215
8588595637
8068651618
6567259923
8179080472
7251680920
7595022601
7184580030
8321327548
7528421599
1574164505
8494863675
7382301231
8521315991
8182894347
7532485819
6712522682
6765476907
8421773516
6382189680
8402890330
7700296826
7297217670
7442227200
8494661847
7403922655
7149677236
7043071965
7414250838
8220482897
7481665247
7317943701
7578174705
7747817589
8400780669
7336685565
7414113163
6749165968
8097578037
7487934110
7421730141
7265406539
7597274571
8497005631
7961888999
7210799856
5991828539
1549503934
7602191946
7284511025
7200221044
8282859715
6987576294
8390443188
7938562713
8427189599
7487479937
6024620339
6951864468
8287411200
8426778447
7784061845
8192703984
8413607621
7018979145
7590458666
7871102744
8145671643
8165769881
8018949726
7125778367
7539762240
8365666629
7940117464
6590158814
7751558720
7626179544
8043672807
8459628944
8146588349
95447363
7883235764
7355576619
7225199042
7127612531
7165609683
7254524001
7562267173
8261133084
7257522153
1013071938
6417135629
8340270047
6666698086
7055437029
7764159135
7353478795
7480174641
8129589246
6971982134
7516307579
5583858481
7742580574
6349378928
8594858789
7580799708
7637791254
7381044262
7498630732
8067153509
8204340913
7606649979
7084026946
7420620192
7767821808
7345832208
8044464844
8013647719
7439599630
8442405339
7485642976
7315565420
6995298188
8232777317
7643637365
8402700587
6717530572
8184462431
8325833578
7624575564
7680798258
1948498964
8217777226
7810171003
6816947920
7438363656
8260261149
6626124149
944801439
7201399998
8365882940
7207895185
7396316857
8252683999
8412306705
6406702202
6070447802
7538550767
8415001864
1832021429
7944792373
7277293791
7951208726
6449582466
5878001355
8242089883
6568172836
7304255412
7643524040
7696176295
8386347516
8395092806
7237031010
7391749247
8223131710
7200600740
6996775482
7331363845
7488733739
7113745224
7354771802
8349642586
8067668778
6605894044
7350903462
7051827020
7162900329
6998727854
6430999447
7528101951
7365337629
8228469104
8353163792
2112621835
7643680800
8342752466
7747087551
7361380135
8249975658
1911379420
6898974625
7048073846
8347978381
6554821004
7912000800
8051384335
7365091510
7006025033
6415937458
7689073707
1090455044
8413586617
7089299505
7433970554
8411234708
6806298774
7782387021
8131273536
5654560979
8254369704
7241039743
7739461576
6386330725
7548545326
7346335887
8279775765
7211433909
7048119046
7157207990
6402931979
8537751569
7888694594
7050479483
7021778051
271928931
7876755658
7431634296
7783899393
6736680538
7446150776
7883203937
7736301458
7955787649
7079844377
7100210292
8316556208
7593130309
7525062470
8013760450
7267851891
8204554880
7285732743
8326554588
5804210639
8488659126
7328559720
7089667305
7485547522
8024355633
7055442992
7003881712
8087841400
6993085050
7725001105
6338901697
6838886977
6442179527
7796482205
7629888652
7003575556
7623392762
7000590730
7298311407
7040131220
6970176697
8285042505
8145179295
7474320537
7852100580
8142091780
7051342872
7281756717
8023595980
6896080980
7695798588
8251558686
8517205020
8368649211
7949814295
7130970267
8489691980
7309548618
8407378441
7537293958
7224242308
6791254879
7876053211
8476387354
7551357193
7082336372
8402695948
7341610200
5678497057
7574333432
6409882701
7009648888
7206215888
7901282310
7267307091
7172899660
7217315116
8495267217
7216100936
8155248160
7329695166
1866284784
7154763190
7616473712
7026620324
6362672824
7836668044
7137051690
6804760654
7258017031
8198213862
7145068875
7204822427
8303584197
7360785481
6507199116
6870256611
7436901567
7066083263
6431254228
6957385970
8278608659
8281576888
8361299140
8169774011
8385597896
7404504294
5871515523
7851162764
8497539059
1387850357
7203910836
1960209182
6993700927
7090537432
7199975740
7498150701
7216590559
7371685409
7252494511
7444127589
7213005270
8290816240
6532555757
8401035004
8518643018
5035196809
6431813290
7569218963
7284283389
7468264390
8206419610
308501033
7226266826
7735505201
6845707941
7021110045
7729030961
7337469050
8077774449
7722246607
7111576388
7310287461
2110089728
8238706859
7140948403
6185917040
7391209740
7400808245
8368662593
7419714045
6893013762
6793123859
6077325427
7883318350
7714813009
7474471796
7801865970
7011018019
2130579613
7204979152
1063072322
8025874163
8205524494
8541004583
8544045951
6850071252
7894641223
7413432209
7428538948
7340663395
6433667361
2068775346
8229895388
8134690451
8314802042
7739542762
7126900291
7470172057
7817736445
8297373345
7523868544
7761927443
8233532058
7757149574
8605954994
7465711124
6744421733
7450476015
7238339811
6502902079
7086962617
7651925344
6306819824
8398260226
7614488270
7201056874
7600992838
7603559673
7104183543
8260739296
7337289375
7491964644
7041568853
8266257886
8284864123
7702502826
8456863317
6582350423
7229730306
7590946090
7447796328
7781936606
7165808530
8459669183
7807121309
6018952744
7981527222
6860964706
8314196461
6906096590
7383726082
7998340683
6822042722
7439542279
7352732135
7330708843
7300417024
7281838721
7411094406
5904702256
7391243319
7668633683
8352905163
8252391763
7068356029
7373781721
7499332900
6386300178
7351900077
6821974659
7133645546
7129533368
8280347757
7437175767
8447862603
7233324994
931333634
902168972
7524751628
7163940124
7697379662
7855175009
8115718158
7133500090
8334102638
6724370844
8349507732
7324136620
762950089
8474427010
7922311826
7687975482
7322654275
7755526726
6931075790
7029292994
7271967738
7210833155
7162967110
8196901400
7492263657
8026405723
8049126545
7039974708
6500463879
7237852390
7195235399
7176913017
7593023439
8279043384
6795609717
7857791349
7938877611
7723154783
7467070447
8031785209
7593008804
7017548718
7670174322
7173614573
1190083741
8450714260
7240251076
7125591471
8371938272
8160433049
7137590616
6646524110
7589103572
7047071018
7216241450
8237884612
7730678521
8355377171
7098417585
8168089249
7451823523
7699306584
6848819864
8246650780
1089981732
7149559069
7165833543
7038699661
7647122697
8437376531
7377002069
7324426810
8474436438
6847600232
7221691986
7680688603
7342207624
8226714255
8432715905
7986262376
6739729740
7057328260
8285927276
7450629388
7219963840
7405273926
8168553404
7245424483
7254755993
7226727224
8222937334
7014354608
7453238245
82246641
662187496
7352031198
8346377571
7222050564
8273628048
6782374136
7917850693
7223242655
7492476634
7247349390
7178954802
7123059411
6834982509
8275895069
7640639817
1133061304
6892509977
8291162579
7678159648
7491325624
7237633197
7257110339
7632590694
5237107322
7970675027
7355158494
7449492267
7650937544
6895404251
7143136480
7134510396
8483390838
7128149389
7399136475
7845198061
7197424309
6689586143
7857133703
6924540081
7237805753
7888841117
6794982349
7228145118
7281738098
7007578511
7204469197
7299775122
8247335126
7349675490
8282737500
7568987515
8285035045
7508627938
7648196921
8435155088
7484939632
7775636784
7614399583
8182035060
7083406880
7459179501
8012194402
6818514760
693994090
8016655375
8308751484
8410429056
7383260065
8377042034
6556420946
7629137793
7019669531
7456191623
7132094005
7455419966
7221034610
7629051782
414862364
8247868187
7879857915
7307476860
7353918495
7429636876
7023577528
7893497666
8375049440
7512288925
7945083976
6087152273
8237546599
7309305889
8437416083
7032772100
7070522309
6999463891
7219435439
7282950283
7120193654
8361998402
7401088974
7241842708
7657381379
6911674609
7013325235
6538257166
7367139999
7928065761
7215586238
7553282415
7035518894
8220178301
8452374874
7711893935
5373810025
5395023791
6421710282
7208212596
7316553574
7694337242
7630985107
7211239109
7397959366
7446490971
696893276
6530339797
7489013434
7855777262
7740723175
8312787200
7691678291
7253922383
7525432589
7680522831
690486471
8072715545
734552128
5763089867
6618419647
850117044
6994676050
8192902403
7580302263
6896487590
7752266178
6714882117
7284449156
8326589204
8163575620
7240364574
7375162233
6301963579
7099163648
7177143947
8296170421
7983347157
7133382437
8292742764
7896341377
8378624011
7761537540
7408622078
6888672070
7429925125
8519086981
6229176429
8140623227
6548059059
7476163140
8423720171
6723579059
7365095918
8106527556
7426842972
8437556467
8253945145
6464274599
8464581814
8472895118
8033789781
7382331073
7142975916
8431463444
8355172539
8232106112
7113201838
8113689267
7731146336
7464101302
8478786492
7608452595
7399249986
8167243344
7496384797
6841492263
8454766763
6869342474
7936551809
8272180338
7995252294
7241871740
8459210788
7299377866
7165702080
515057328
6718005920
711315508
7445115499
7826672326
7383436762
7092202475
7451912470
5773129717
7518484334
7723153218
7945888963
7231413948
8336635313
7515990221
7858838157
6561341777
7857826971
7298000577
7612744558
7087314209
7389138406
8239332830
7061835375
760868841
6703241463
8174894043
7405436522
7634011900
7721763206
7279063637
7340169018
8470184582
7692828963
7961436190
7366303931
7991875465
7137322202
6687238379
7308483841
46076529
8022464627
7711698173
8322382008
7478797421
7592646955
8468567582
8340456160
7695007337
8313662421
7325405248
7462750955
7325886135
8102883874
8335835597
7315101580
7564131574
5140813182
7254048683
7034883055
7248781864
7249376865
7050723398
7088508170
7686309873
8929526301
7300648886
8287625803
7488273873
8215094180
6996474949
7317321479
7914959502
8263200528
7545652910
7952185064
7939842552
7256428788
6438946201
8394939817
8312855468
8389522784
7888981499
8294732892
7144392669
7662384188
7821775123
7609924144
7308187648
7995276870
7189991243
7027417078
8232708811
7498185795
8011305763
6845137785
7230646281
1028515978
8109962941
7782415060
7031899902
6707405620
7657906360
6996384019
7648878333
8415261904
8539539970
1861628583
8355145105
7995867431
7101172864
7612734784
7816812488
6636580624
8421121605
8143256919
6746124719
7572284689
5096418852
7278263332
7853024899
8425751474
7995025012
7686295502
6837799284
7292969854
7109271598
7558253024
7341504109
6933707227
1292292610
8430819926
8383518544
6914882382
7430646724
7627041401
8829403651
8210199921
7461945680
7459196874
6570470052
6780984503
6959234501
7475948216
7067610140
6868734538
7029390170
8341870480
5734235869
7144293429
7117475564
7836077652
7499426655
7264233071
6584413542
7114785900
8578950468
7975147070
5830272954
7441678341
7804257566
6154992563
7609659093
7806294512
7232163087
7256497533
7300795965
8408569204
7013010164
8273524298
7729633682
8035199704
8410752870
7033713384
6777408198
7127687744
7840823198
8346299014
7784902880
664610135
7024677728
7443544908
7227925886
6321724380
7915796441
7571703112
7067790796
8204187490
7735470432
7523856824
6910852263
7752581661
6968263220
6799128925
8377495416
7919063137
7411496166
7818606275
7971056208
8128240888
8527083935
7334825890
6079157564
6284883840
7331713393
6935184075
7765576579
7351837759
6774543486
7004277122
7903256941
8126273433
6685244630
7205482647
7149468229
7441106471
7270715032
6246343706
8346196457
6765341991
8492059955
7023551294
7080154001
8371775136
8033331110
7948876824
7604530440
7632465496
8162799431
8269725694
7621914879
8473465836
8255904362
7486520340
8328551563
7831123568
8401899600
8363333448
7340674953
6997216615
7415964527
6975535516
8201706791
7028912848
6945023863
8269493984
7329678964
8009596495
7750145815
7672954223
7129507103
7348182288
8250609913
7369351054
7832142281
8461088411
8463251953
7889307338
8295523473
7355548598
7794347893
7304220233
8478409992
7262942933
8483138299
7910428256
7915583934
7659416845
7220691624
8150645632
6668001707
6948952618
7442265036
7471062306
6850487437
7962097226
7302954328
7074632730
1001785887
6043782624
8272429086
7218486194
7287782721
7477442244
7298755219
7147581732
8166400987
7975592481
8287319278
6512058975
7383277772
8550951572
8095450262
7064162756
8043170022
1645926824
7045120681
8430955581
8429994074
8071006925
6681069428
6914511851
7344493097
6471150302
8332655719
7048158753
7061593954
8293863613
8109456333
7532280730
8557710961
7152221677
7234582871
7300960866
6094388129
8257341450
6717803715
7410347714
8374097550
7956593646
7292676429
8083990329
8242213547
7316696688
7365671206
8406083628
8171227174
7211735858
7140496779
7833558651
7167965477
8190478925
7402563497
7109569892
8161901589
7169146796
7701970162
7348166527
8298030891
6782531270
7944134676
7284253622
8122247346
8348477866
7078626948
8124341803
7864040249
7909134105
8499414741
7313848467
6450970891
7196369349
7575951214
6565571439
7403821231
1732169087
7302334489
8382317731
7399716355
7201447429
8147511044
7189295651
8018936826
7001599818
7410212887
7069678036
5004253598
5726302072
7637339409
7766935353
8390133519
7225298670
7462319823
7991259269
7079981499
7592520874
8409933950
7423366054
7686345612
6701190178
6558333291
6434958688
8618003889
7910195651
7756852077
8301212048
7493523775
7521610687
7727391150
8063854933
7852563095
7160799368
7708121535
7406621105
7286903517
7162887039
7508323804
7347482759
7300329052
6423399910
8135270986
7509951606
7034475659
6874164397
8559606967
7844760379
7505813437
8189407415
7448763315
6982584060
6896982609
6349194208
390115258
6616068088
7728520858
7852300864
7010344830
7501169216
8222713657
7039077934
7220577335
8046522781
8278289590
5985850922
7554802145
6868912228
7072380309
6737034995
7872931367
7451426580
755335784
8587172437
8382427869
6975802659
7757730813
7964628137
6960492027
8262429443
8366724050
7174789735
8255802605
6811797344
6810517165
8377092905
7064229587
7031840306
7869673448
8354587945
7303711396
7279944610
7301773975
7572200228
6592020578
7363881480
7071803764
8255285710
7096557476
6347409824
6758420736
7350625867
7281646802
5811271823
6368517580
7012581263
7046820965
7024595103
7474893514
1963015477
7280634308
7967856390
7073613763
6774443751
577303504
6550787169
8419029368
7203135430
7681184597
8443150180
7430358135
7776237033
7735346966
6599675337
7496535159
7112718751
8189135360
7750955895
8190958839
7332259849
8207662152
7334952009
7632750065
6450767029
7212644909
7241870470
7636246175
7994231295
7204584302
7405267866
8535596923
7354386772
8358701597
6385764828
8140959409
7403861071
7423820358
8020719227
7614090394
8418425838
7199948458
7053498703
7876451620
7865426039
7620658619
7070781118
7331248774
8124724189
8036486607
7946225414
7704346184
7718395443
8151868801
7327838920
7751816062
7778947670
7646329108
7037891731
7118383099
8130317772
8489426692
6563081358
7925985731
5259388725
7877963738
6415756325
8115026695
6633005235
7962759676
6513696097
7718853864
7016435344
8458613826
7299373434
7538877607
7009834557
8005918746
6847686729
8280091152
7430193084
7329877624
8192781019
8014396647
8218444180
7598040796
7551506704
7582479549
7766039979
7547764985
7040431461
6866176690
6306246144
7188480013
7095784216
7749842354
8594041845
7796788796
7867526974
7826594657
8482733187
7062071181
6774752695
6815495858
8378068229
7091828183
8049898431
6839701201
6762925783
7045377695
7292067746
7207543021
7381754031
7182051565
5452655444
7297997221
6998430091
7304851456
8487768177
8288352887
8394262082
6550973928
7707860560
7883974034
6520331389
7316560505
7132400393
8270127016
8412113710
6710151567
7280663914
7018584319
7987796814
7855451162
8370398221
8505689204
8403112603
8356535102
7489667101
1209686855
8343151842
8480413304
8152465059
8442400598
8209629620
7791383519
8262077393
7086348938
8410961677
6982721283
8386671831
7274223091
6823298542
6390014240
6046434570
788201713
7212947904
7329369252
7255252169
7608883219
8374696463
8203147314
7052091344
8129249061
7011499575
7783833560
8002945269
7303696166
7368697124
8297927364
6812126275
8373818870
7911310314
7472517969
8398052374
8417688678
8575159665
7378488039
8229546226
6538408949
6576659157
8731326625
8123751734
7313911563
7726005574
8326823304
6861866420
7761799627
7180520407
7250581281
7277526814
6936293868
6163095730
569567291
6846329535
8203451550
1276315114
7589984756
7967080048
7419805918
8457466457
7021053138
7453222953
7962458821
8456765672
7627555569
7220320669
7537548674
8505987387
7853464643
8559956779
7230980495
7081978742
7264070351
7370736567
7168116283
8038277275
7454842594
7369613239
7940965061
6927652859
7810450409
1881273843
8410838817
6351584716
7259239971
7292789854
7288637942
6846224317
175939565
7913428408
7355418151
6733075789
7879467566
8447826199
7047345904
6800258796
8187826935
7292780254
7731686750
7332714249
8010055060
7364827061
7069910273
7656061012
7250094800
7420386502
8435824913
8156225626
7334121683
7197826385
6824482660
7007891197
6633953275
7402055831
7198520016
7256496068
7150440504
8124793923
8078594871
7039066870
495675061
6914454012
7036699371
8302279912
7862845983
8080434841
8109461234
8324917435
8036520020
7860597265
7192252921
7578219081
7277815893
2124209827
8402710329
8366773741
7812288730
7453670526
7905708558
7838124934
7018000997
7061717270
8266492136
7214737704
7201422453
7745420091
6760162089
7309402077
7146375101
7165981120
5875908731
7396020830
6629302551
8451521705
991835768
5396207268
6507386276
7199469351
7546393913
7421219142
7868819513
6588668032
7870501354
7385007209
7090256727
7282989132
8214621574
7319745871
6792904361
7253424016
7034123019
8069661349
7903956177
8643969921
8586970159
916422198
7143689432
6883884221
6623338743
7461836587
1588285711
8205613696
6905938164
7242259847
7396481081
8094318959
7332735132
7458402275
7431208939
7647138812
8058894040
6902226142
8569997725
7141817645
8241370205
6942953226
8394839193
8343231299
5465916120
7318673728
6628031379
7121312781
7221762625
7528206401
8297358796
7044621663
8368679163
7424658473
8454338103
8412805761
7526557142
7205627636
8565396121
8468405299
7765283945
7025259361
7223768932
8394606622
7273776476
7038873181
7022011253
7247803775
7597587101
7369603311
8414786924
7076120402
7375617940
8063220226
5970049243
7409004083
7828066456
7415110523
8225833240
7184388371
8577394770
8238900485
7010205913
7829406580
7904954411
6516493207
1875568133
8472677442
7747722989
7058469912
6749334490
8263634861
7304939320
8469778952
7112998786
7900764563
8110674178
7898611870
7260362192
7875785590
6510378865
7253379652
7138763175
8126466901
6784511777
7126809903
7155305296
7603587584
8160216025
7968120125
8424357893
8042663229
7365952887
7180119377
8321287601
7039752720
7726727281
8108834502
7001972158
8274161888
8268858451
8266149085
6301198805
7907259922
8491865004
8344843047
7072075239
7412364474
7220041003
7961544096
7996174498
8219403142
6385126886
8007442871
7432151951
8281407188
7473250732
5207460284
5644376234
7084138430
7425644808
6660725016
6641284635
7043968258
7266220068
6695276742
7768974875
8048819807
7023462166
7070645962
8069449613
7122400625
1140363626
8251669478
8188354939
7911751312
7044371955
7909655739
7316170370
8598413708
6518547949
7487099816
7231545614
8083850007
6553303001
7542357174
8224636856
7486338958
8166942255
7424234225
8375560198
7508795588
7494478803
6712488990
8029550344
7985086165
7155788966
7482388913
7642910375
6714612836
8588855640
7040327592
5880671828
7466868700
8261464410
7548072818
7345688563
8446758219
625637691
7238602704
7391683714
8239139474
7203273655
7144083402
7120925276
6873111654
6915902893
7194584963
7129631503
8328776771
8465303092
7466705687
7414582337
7445594956
8449194914
7538782183
7160970413
8010602867
6893886968
7718798719
6405016787
8304879402
748794237
8157385740
7179504379
7649702582
8283407527
8960063537
8102165872
8356221694
7849362309
7643502326
8209233361
7956891475
2052629936
7590421133
6546266746
7202301134
7211441575
7576587794
8484144619
7384962894
7673918039
8399201211
7646809660
7373988987
6402280548
5002832895
6638050478
8248649747
7707840327
8045961760
7711361276
7928571413
7773308882
8061628662
7396536078
7768015782
8359706025
6767533263
7632186437
8184196828
7772293599
6365421621
7454353179
467520296
7075106163
7889214065
7746012999
8452284352
8387674310
7914511725
6404888099
7745380365
6912786384
8001364474
6237458630
7004992404
8280616614
7254648014
7183930013
8003344143
6837575633
7488243754
6342441470
7419683957
7366511450
6388215818
7524225236
7525074716
7550037652
7224920343
7064327828
8515012884
7219609223
7426515653
7320284553
7679793170
6868140231
7679214796
7617642038
7571242603
7435560946
8237782604
7397704717
7590383530
7748649706
6278201759
8594921495
8348025703
7447795296
7219822991
7484917429
7366876051
6418957540
8115518793
7123824236
7621724483
7807672050
7725070356
7917801700
7491970929
8463526364
8415725122
7041594922
8255608853
7600309692
8196257427
7165298802
7763872689
7611266487
5084041111
6384787415
8324204138
6874197107
8632852289
7369894688
8291765577
7030418655
7184445657
6707338698
7295438667
7131124683
5136378770
7095284480
6989712843
7903935356
7190802802
6776661586
8774055802
7172710212
7841462220
7336475974
6769489430
8311326134
8356105015
7338517234
7301394555
6503251509
7133514942
7193021575
7528385057
8194903481
7987239680
7968668284
6575908938
7051932930
7327701924
7188720871
8451737119
7169281597
7034036680
7048008954
7471242114
7293241950
8074167925
7821131066
7973960776
7976037582
7372828145
6416047390
6639046409
7242417649
7376409956
7439855244
8305501661
8396241511
5890649899
7131755094
8390460200
7299579932
7028199095
8343808970
8090788933
6932821775
8224382595
7913140741
7985555973
6625367442
7010545605
7189155453
8444236627
7813020273
8349501575
7591584548
7728862394
7006349772
7981932198
7211891730
7259155943
8160702526
7352940613
8495309029
8597618226
7204986874
7708960323
8496451437
7371503815
8010616670
7040259363
849690518
8080565970
6743676975
6903968791
7335162164
8347214296
7615900599
8136628168
7213414594
5306147557
7339537955
7662869887
7365660160
7586387926
8016908144
7861252430
6983656304
6997132888
8291588481
7084662308
7155786629
7959179920
7020007125
475230862
7654795909
7293041518
7034049178
8351829094
8495252184
5133505153
8244508612
7762021765
7038213583
7940265708
8429451329
7253873625
7210916330
7950997079
6735576602
7533396785
6854475492
7234930327
7383922702
7337911905
8138502239
6433520712
7682573043
7296079641
7092981701
7496191479
5813240153
7815499510
7411841109
8555960200
7940268079
8378484170
7060279803
7369501150
8077393957
7390618322
7446767044
8507211610
6712757505
7203496550
8207920474
8250782634
6219994619
408937926
6967735202
7013367744
7794444872
7710888921
7729581857
8155202304
7344673102
8441585218
7579155150
8414703538
8488238371
7398382578
7044203756
6516041538
6803800226
8134866628
8149017285
7898822156
7164783010
7412347198
7286273474
8290337344
7244535206
7747396111
7220984658
7056248710
7890565363
7074194330
7233393424
6999760588
7309578782
75018514
7618283600
8292739367
748741897
7171404351
7932617698
7607661858
8414408047
7342795015
7028463694
8407903931
7269230177
7134442006
7471825703
7507389580
7410364207
7622247149
7475754784
7232725693
8296996692
8442085487
7879209144
791532760
7188809284
7528288561
7056506195
1251169805
7244312148
7394419106
7410423576
7101000396
7952627056
7488989766
7399663829
7352119244
8422825182
7096783649
8230362360
7446625806
7791618027
7331266535
8219134549
7217156187
7853213366
7656642718
7264445034
8028531256
7564336281
8187125358
8034595817
7914933460
8468799383
7362726458
8000555312
8051337007
8208436967
1625235506
7885419541
7293206992
7240748172
6930827851
7159027680
7569076271
7067447312
7049634206
7048234536
6705142942
8158685380
8317601786
7848997366
7430276608
7146870773
8307651473
7671649620
6739114244
8113987898
8350932971
7673069290
1270401701
8263814632
8289201360
7246480417
8520090390
7728187970
6479009652
7494104137
6555240472
8135103526
7073291030
7912237391
7337981402
7687105693
8541970399
6400378819
7740425353
7241527201
8336075607
8165113132
7442467807
7365636271
8351935084
7341129758
7305006447
8259733849
7357823151
7726993503
8445782492
7747242811
8291592548
7025489282
7330654340
7064749972
7201350191
7138219430
6534998026
7444095847
7566634952
8214021991
6733992168
6963101278
7035810876
7378435480
1295766634
8070601968
7686525418
7848879506
7446508492
8424299203
7441954449
7834243633
8475052450
8353791051
7542445811
8091256763
8405175459
7619570645
7078447977
7480548043
7520284441
7744288283
7468290525
7774956622
8320487004
225358624
8173650917
7369048301
8588665216
7014834203
7361259336
5624095697
7121315168
7296494144
7053318759
7793197178
7837265101
8046426367
7242456464
8195664380
7184670418
8129161638
5880746913
1813084413
7078337114
7617922618
7746732279
7131707429
8171268547
8260055030
7706975046
8448087773
8498465444
7449974311
8254169370
7874152838
7563494313
8282115501
8033393451
6934472438
7843103505
7090532689
8383221685
8293654897
8474209374
8379686551
7594207532
8440038976
7235543606
5665538504
8292522264
8205612624
8291310570
7362383620
7543423224
7423358484
8345588396
8189552357
7119214719
7302400870
7512773659
8584614501
7960936931
7109977835
7848158743
8371269944
7460003581
7114831450
7424757151
8176941627
6631524656
7139742846
7365806458
7177792013
7513566094
8380940497
7198279753
7930336163
5711597849
7951508802
7278575981
8138157700
7410687926
7315539720
8590055671
7558775372
5021572122
7319661864
7572922396
6420695225
7489164439
6749683300
7378304161
6941891667
7299276197
8194376010
7408038001
6738605750
7201434086
8357119492
7305741155
8065938648
7227676366
7670806622
7874901239
7390124753
8080600086
7577760833
6812510954
7162678720
7074462211
7023350412
8470877399
8016864497
7182645728
8396870568
8469460120
7239898604
7382714494
8294821029
7065069309
7030869350
8264920623
7145180512
7240918226
6933518119
8280264365
7295403853
7473297500
7975034777
7071543437
7343489390
7957527095
6944892441
6102829147
6742885041
8243936545
7087299416
7174451617
7591554461
8492531230
8493749649
8145279608
1084800020
8402979629
7055924876
6715039922
7091842423
7256793404
7012657832
7054250450
6980381458
7184041945
8416779054
8414231262
7293132425
7432653207
8293980825
7493103517
7848116097
7319775417
6590018597
8174188262
6878623578
8304884169
8279755654
7189370176
8335854629
7267625136
7794275761
7966228312
6389872897
6754466993
6867219043
7120472770
8450042705
6386824856
6622002897
8209882972
7290140044
7413673769
7308365537
7351681182
8120158637
7101903488
7381571827
7419266672
7477736647
8125857127
7744293439
8321719334
7790033485
7162758174
7097243776
8238416406
8247265898
8059276564
7292875100
8498294476
7194361860
6933155021
8298608525
8492476233
6773693485
7467874537
8004678595
7431135983
7210059142
8368934002
7791391119
6485474729
7480784641
7399786451
6970732787
8077679324
8245382445
7153527057
8598955630
7022292541
7025456342
8176144765
364387871
7223771289
6489979626
8243794398
7161499029
7401975461
8147210414
7263820963
7121838852
8034718567
8233785189
7145564320
5457580997
7442283688
7637772239
7220689238
7803078781
7733648787
5600493253
6889342885
7750544076
7696355575
579587958
6982209529
7177327738
7995232282
7142431848
7481683694
7557652711
7493351619
6564719508
7991003955
6408015264
8297349767
8552886132
8478558432
6650702798
7399612789
7014496479
8439110771
6987361988
7481263584
8225251032
7898792003
7759589946
7167802869
8211052475
8001107938
1587026614
5280228720
6917949895
8241369332
7529031845
7719483448
7025836637
7133851031
7319819534
6865010956
7080683061
7199293447
8346655715
6729099419
8489281156
7802603012
5478062729
7450246151
7630699602
8328130878
7252868838
7733561564
7210046100
7850782709
8377009285
8343550690
6688356912
8493974318
6460027972
8526005253
7294175100
8670056971
7398485693
8289347079
8465278474
7887041650
7539394887
6620336034
7950684293
7161769217
7490860373
7152949005
7139932321
7233508091
6979878576
8154997630
7241299113
6504574012
7842009583
7039895641
8289296555
6587638232
7911419030
8022571659
7160692814
7189617902
6897582320
6545719555
7451462348
7577112629
8377277961
8457054294
8403348771
7319501434
7975719591
7324262049
7099684315
8166438746
6858223662
7497971145
1150987243
8049601811
7284821716
7194152376
6677162146
7182924329
7920862428
7256537284
7365636522
7480387956
8229812656
7418735185
7189700499
8182099125
8384869232
7190635929
7116566231
8413747395
6997883034
7124573242
8392680112
6764839270
7230774874
7083129457
7694366996
6280485720
8010610455
7460012700
6538356573
6805177643
1068130039
7554474423
7091743012
7825625512
8093065389
8296809935
6343961158
7357876975
6481550224
7605731656
7054732416
7029516144
8630877264
8308237824
7655867767
7618227560
8312106871
8590814812
6978842283
6860475245
8271428320
6504853287
7096424291
7390028766
7953670976
7039273324
7625640175
6866715736
7452460991
6941221723
7289106290
8404737657
8209069001
7344617642
7217324014
8024523420
6522651160
7909597687
7943234610
6960148442
7614173420
8259008304
7311400256
7475293992
8222692735
7621115360
7937317780
8356784152
7002569810
6682974084
6084010322
8058495486
7688816626
7069825409
6698388992
7248203662
7590939979
7966574002
8268976192
7253295990
7649744770
7994605285
8344564715
8760922432
7337014076
7273426201
7339852364
7549768328
7810752966
8088880872
6761437518
7443500616
7719719035
7274113920
1864933253
7807874729
1873877818
7223620980
7708913069
8063455677
7055571594
7720793916
7805619746
7682211993
7020825230
7250179793
7293846716
8396692621
8440726572
7045097909
8013035331
7080737674
7097018168
7206619914
7091676275
7380148066
6700670646
7098016412
8448822644
8427763113
8176320604
7060411610
7480308929
7143443715
7242356385
8564789902
7987990672
7092557123
7821383263
7471396877
8291916820
8159978190
7126176399
6562570753
8060861809
7285760572
7406647078
7346843090
7302160104
7942914052
6725630400
7881719511
7095061082
6902440975
7264311163
8033259737
8241384516
7370824432
8081895156
7413574706
7448032951
8439481048
6863774894
5943810733
8490245172
8344451662
7215298071
8349042286
7809288671
7348152106
8393991583
7610512696
7889238029
7477630366
7389243800
7488975122
7264710641
8284352324
7030736041
7522641358
8268428378
7228034437
6574819970
7392329829
7591885520
8419495537
7290431354
7530710991
7556106262
6991252151
7718261481
8370986452
5983751743
8162505781
7963433392
7854215371
8376854151
7192085088
8203502979
7277810600
6620451157
7540008902
8237728705
8235391049
7391419798
7419042367
7391946155
504388142
7159878460
8322078625
7274135735
8476412502
6909110242
7301828074
7296723551
8006782105
7452513424
6617513850
8058610902
7072109827
8339598824
7593248394
6809451740
7448604564
7955720391
7421691499
8326436369
7328981718
7703601406
7659538639
7741130429
7976747393
8259011916
7375029707
7378797653
8181868961
6517037840
8445985477
8059517111
8165554732
7361628223
777159542
7332678140
8418950818
6054470391
7485571945
6801052687
1721452910
8214282098
7445214569
7111306441
7478735614
7410519140
5857639435
6478364138
7238728829
7554915410
7317294292
8132934195
8432399289
7552517829
7956075381
7237463300
6906479190
7766768498
7161200271
7351348930
7052875677
7080278315
8099868722
7194432984
7267461851
7640273819
7336408124
6614454898
8186796527
6800139458
7724154004
7338727576
7820669175
5971572128
7224788715
7115181480
8298753507
8158238764
7655015043
7146607056
7115872121
7480204640
7736780129
8377735057
6584299209
7419252558
7423472159
7649150120
6318695774
8243580572
7803084980
7288428377
8435989690
7702043178
7490222806
7596886864
7917376162
6704583871
7084664593
7569792339
7618545079
8568463851
7322243681
6622096920
7306287231
7176431599
7172998310
7069491795
6157477260
7499292211
8453652368
7882016317
6700183575
8318127617
7076023736
7930429129
7273812712
8061338093
6936829302
7252783694
7364728086
7718753451
7621011303
1314348013
8365428357
7052473561
7366018757
396036643
7313047337
7255206384
7067422305
6449867797
8333488858
7498907761
7018178401
7169551364
7700599104
7226841099
7205969497
7775916040
8564791169
7052445970
8153627962
8374934694
7156958864
8486614242
422127349
7110015392
6531769322
8262052863
8461325056
7690236150
8317707134
8191092174
6769086062
7359243038
8296748906
8032911403
6892752957
7540348686
8204624748
7059363905
8217606948
7983310968
8408379497
7098242173
7414515663
7465202788
490626706
7210817392
8470291885
7110991356
7723651951
8433025202
7065721024
7322347862
8195239119
6534139383
7257230820
7002879375
7107694998
1541727907
8496051326
8515486025
6653068272
7505309027
7643009775
7213407288
7955157979
7149041194
7593285659
6393425881
7302517990
6752577568
7200263285
7745609173
7247156080
7507822259
7689552511
8203665176
7210967386
8213841732
8102688154
6215895744
8146773291
8310378135
7315783913
7162714488
6719274788
8415277161
7034336338
6592683215
7651933943
8284952170
7984944130
7480295569
8268186038
7255022663
7468902017
8207206582
7109774028
7564738605
7230629124
7296061538
6881363280
7381338978
7463966568
7197786475
7319493252
8032232399
6826318991
7110419919
7504312506
7545459926
8240799389
7855544595
986285373
7858834699
7295065592
6362961365
7232664950
7182939315
8145200646
7741018934
8180383948
7757424836
8005033640
7499029416
7762649366
7073771352
6965768683
6560018504
7938882959
8204866676
8145866025
7317500023
7252644772
6953223843
8007386448
7399062205
7906825060
7424447716
8323483443
7456702535
7349183102
7178508305
7388725988
8223474120
402503136
7566687917
8427037431
7039854651
7355574771
8416273680
7884394318
7872372222
8565189939
6821085209
7941937588
8152265626
7606947245
8022808771
877009948
6792615153
8124641799
7222003931
8170097566
8199827112
8013019512
6612687177
7345933495
7601263762
7605299051
7441389957
7352276035
8541589133
6770729032
7456810650
6488062590
7675177208
7669292514
7110925926
7330743411
7281695282
8023937895
7961476412
8287775333
7836951113
8192332671
8079815099
7685611033
7147749916
7338556653
6818375409
7736118720
7059009721
7206489167
8334099178
7358657071
7305182539
7954241329
7627030654
6456135810
7080542804
7971897368
7480149311
7415078770
7162344951
7324746429
7427363275
7923131268
8461648764
7245028018
8590081299
8450991085
6955102311
7541331823
7371719287
7098769326
7764557113
7581379786
8548126685
6794519913
7237447208
7654061628
7034409648
6750241256
6423207265
7770024464
8037743044
7810201500
7191338977
6915481576
7338211686
7027718718
6582320222
7640365749
7793637652
7468659090
7265176775
7554095790
7306315732
7679027872
8016801679
7769082286
7509821008
7854576823
7412261458
7237784626
7155480823
7371461147
7434671842
8175237418
7661706662
7175472530
6749202196
8195062896
7253444695
8434913973
7340049765
6876003225
7345852224
7094788370
831239785
8032722715
7744267606
6519214215
7097303880
7610724876
7465388963
7226172060
8168296311
7153367412
8364278528
7368623780
5865740827
8277102610
8196046581
8122891094
7068789511
1320168249
7307408682
7404153699
7752136812
7267247912
6959189912
5791443125
8018054409
7441261624
8016217501
7338536726
1798356310
7554672206
7761305911
7133035509
7821369722
7384688176
7051654769
7683477770
7044084785
7792721734
7294043308
6901933495
8534758293
8203658599
6834913286
8312773467
7475096189
8376155836
7092960490
8422795621
8014533098
7647865220
8266462583
7394181038
6490410706
8280802303
7113251274
7743616168
7952981933
7001203381
7016220209
8135297274
6394318748
8440801124
7491361665
7878453003
7448375275
8223403831
6945086373
8251853916
6564996880
704316190
7518199993
8463441639
7629823668
7310735837
8361038316
7035048384
7573359958
7068902617
7848650926
7231478924
7949109023
8193470921
8358224400
7106496821
8525076234
6800542629
7550609012
7006202383
7803829761
8002226295
8306742862
7609855580
8347705732
7870062510
7193338489
8130817330
7780206761
7214971375
7740494391
7302591282
8323176448
7347850739
438665164
7621018397
7556929343
7188756111
7385775113
6235997193
7020382967
7893422013
7238575249
6680365814
7446773274
6520693088
7744110312
7535030736
6596565337
8401938668
7553373601
7506651499
7058164723
7067255011
7306701907
7155127174
7044769625
7406760638
7438236476
7079330414
8058846483
8483913501
7660943085
7466770410
7288198582
6972043234
6999444971
8463754956
7245361134
7296122939
7662987130
8122410684
8489821091
8595508924
7061526635
8028251713
7246236920
8464431608
7183353873
6395302951
7409494773
7992219059
6294980186
7492065625
7259656492
6999986080
8109542998
7740823332
7800751136
7542133214
6841300385
8486754674
7304233373
7181051643
7339952131
8292360244
7486126812
6812661264
8397053191
6831996854
8487849457
6557881611
7131698742
7525013185
7182698215
7795749123
7855861902
8287369708
7936286262
7014514163
8342398636
8153919548
7229279533
7280508635
8594655272
8237870181
7317149215
8031104039
7621340485
5443829389
8395754676
7818271448
7267543366
8484884460
7414860489
6792731585
8244368965
8178183857
8236198669
7472756257
6554763476
7063354178
7328953239
1084147821
8436079308
7966064254
7625601591
7684040842
8027822495
6869795586
7162631450
6476126568
7450326504
7961946263
7583152626
1036328132
7541285851
7152571800
432748582
8483321806
7600303355
8264364409
8273900434
7231237778
6427111162
8456430685
7369597836
6544490070
7397168663
7275499742
7927840513
6993730662
6686446505
7113149281
7448214749
7829008756
7226228481
7077945312
8122780972
7603181299
7330875282
7734649694
7107981186
8412502330
6795604275
8343224603
7297878253
7470143219
8301598063
7326399573
7780416074
7604235608
8546025919
7698181861
7449703291
8237746920
6426671407
6465703741
7467237650
6482558364
7274562916
8580605637
5812727261
7565690904
7368162640
8242210210
6748550435
8436070135
8383373630
443770521
6771216433
7525319488
8142051421
8173367408
200958851
7815325962
6767078666
7678283048
8064894074
7611590911
8313235820
2124711909
7173891456
7227893998
8428423920
8409882120
7878352856
1729633590
8387184208
7466297574
6884959590
8271456721
7806159134
8295937919
8465000700
8392236170
8165788956
7009539336
7362269242
7058726221
7139689387
7699939131
7063967131
7798075885
7049745561
8546232037
8202277235
7447185312
6450538704
8136984205
8557293951
6420703244
8247227127
8503693220
8355285602
7469732692
7873509222
7349483380
7825068365
6575440981
7522347013
7216555436
7386461311
7219519845
8322317974
6697610457
7052074379
8080330386
7857826960
8618000975
6745839084
8332550829
7427705208
8217915479
7566094593
8255308388
6959022947
7878665833
8376026004
7427898149
7187944172
8195507571
7324021458
7013071445
7455427590
7325765035
1398358269
7109325055
7076623710
8156380161
7712801295
7345374781
7452874352
8473386880
674720829
1751968504
7290595661
7371575496
7464361049
8180208369
7386143041
7412265748
7440628568
7435878085
7781132208
7267171727
7511605738
6089819507
8525006933
8404828841
8475871895
7260497054
7241544847
1329170641
6198498757
8345309743
8577920886
8030733309
7357907799
8566422971
7268189823
7710979351
7353357165
7528620579
7493147432
7622056280
7435201368
7490110688
8474539981
8229879507
7925749788
7208095885
6381916079
7821857902
6479710766
7415377614
8382803729
7400385327
7009460094
7562234887
6765844380
7480725591
7302153340
7600522260
8106833213
6760567821
6833063728
7902659657
396913033
8470288371
6173283842
7212077328
8471200820
7280689073
8081730430
8103513225
7240138797
7207314634
8299843164
7090347427
7493787913
6683638483
5490343733
5543414435
6994758710
6777821303
7398262014
7187894585
7406635028
581445854
8141898274
6328180045
1418408676
6732888318
7867648538
7396167871
8015993614
6365557245
993175190
1598427328
7220730083
7276230488
6419774355
7805534536
7174426508
7366651832
1728220902
8381319263
6692578554
7401882684
5961622260
8488516923
8115631951
7059549062
7570903657
1990076865
7349401074
7274995385
7447526463
8005992632
6862880397
8114538390
6479521444
6353855096
7448473818
7316304565
7558494901
7328570622
6436309096
7123482273
7154084388
8173683049
8335646935
8269836312
8176432894
7452938615
7592796633
6575201061
7182416837
7605761938
7379806548
7371970407
7432012687
7433499723
6896379091
6965141744
8207151382
7330211737
8318410756
8343273181
6996476295
7040230599
7813850999
1032982137
8355661048
7737003719
7138378580
8358644714
7348360368
7027799844
7506774252
7213494163
6984525291
7349668942
8308796278
7273684262
7262971694
7602516091
6769878065
6820656382
7848655312
8070882898
6754539633
8198000123
7308938671
7280495050
8073466597
7992706262
7586082651
7250908736
7330279767
7787624668
8103608993
7109542115
7328659711
7989271109
7496179689
8052890722
7852836709
7702564209
7216047023
7293205007
8307181495
8244043430
7775348638
7644377910
8412498737
8433901137
6813518184
7746977624
6864130081
6977242611
1642098634
6652704041
7407930653
7701973782
6119308641
8486452536
7606096386
6839830022
8479670723
7107029484
8362149075
7468276272
8292140471
7343169151
357492505
7330468253
7493571351
7513561381
8177490078
7417410128
8363016615
7730224453
7640076334
7501770559
8195980616
7809825771
6327069671
7761956436
7260038751
8078470849
7085059398
7221052849
7361285052
7527735990
7211509932
6803122345
7947323720
6938534533
7810499201
8284618080
7959873506
8098764570
7533650863
7656297151
8275698506
7548584317
7894314244
8382419641
7155186861
8299659883
7311194342
6956308673
8000368255
7661268887
7327691236
7352924831
7566038295
8169545284
7418400531
7068941077
1260461089
7911803411
7261476425
6627970390
7645285538
8470385484
7354691890
7629029554
7472812960
7212760522
2069623091
7820145555
6108100457
7010459289
8188331645
8111735569
6025740754
5001126264
7471906537
7501192862
7923160782
6409156231
7103903209
7132250672
6704390903
8089216246
7322104530
5244328413
6453064855
6931057633
8399160108
8297815453
8067201649
7457144331
1582037522
7032628071
8363927140
7485135322
8174845655
7112454373
5132831414
8330423999
7858084078
7376618806
8287045488
6795570755
7082989986
5070664798
7549279180
7547076621
7663938259
6161662055
7917564335
8422123203
8372726403
7228630782
8395145205
5277659905
7503736006
6367451859
8245563461
7928054029
7827542534
7131482665
6885363269
6590007297
7061990834
7261970476
6995700191
8365149472
7440760649
6699148432
7507677155
8317053884
7480525187
8303203053
5076121948
7013971105
7289362164
7689750039
7176751494
6401676878
6552923991
6991766095
7894335063
7460025813
7648788126
7000183187
7358290913
8298961405
7256203027
875398702
8353145891
8563955130
8134283936
8304905270
7948371126
8205173863
8275988410
7968960949
8241119779
6769287258
7297863854
6767844406
6470904469
7440555495
7609336285
7536659465
7968284373
7487597055
7993150956
7466961488
6606651524
7358762689
7382003413
7893525498
8441064051
7660204123
6551972428
6045982995
7114055265
8348053895
6484087590
5686636762
7255927871
1515593470
7592706944
7442321139
7314556519
6786354143
8134263380
7070835774
6971927608
771567785
7303691536
6062574679
6800580081
7331112836
7249302927
8223404219
7769636121
7341368573
8314954163
7775555690
8177630293
7759259396
7293947762
7419317544
8170999994
6919816387
1968915299
7172308472
8197555454
8335733689
7422929885
8161770495
7745590871
7023382058
8392260440
8258762860
7610394303
7361758366
6821521569
7846850239
7344365499
7754024080
7598822270
7556723425
7777660412
7488063245
7108009672
5658995020
8212360001
8258220776
989641320
7852658354
513499187
6559857535
7360648155
7235313195
7282426538
7927511698
6329713001
7275340097
6998913096
7743695696
7249822140
7073197963
7187881520
7478775937
7098520340
7702074176
7085151794
7593527564
8410278626
7399262210
6954411636
8449424230
8427839040
7687247427
7461834134
7410523582
6578220851
7974603115
7215762183
6011017187
8264602254
7297166871
6047663262
8392187166
8487796159
8288605928
7989340177
7433199034
8182695048
8446033188
7429383014
7824607911
7299881143
8599658224
8257015267
8312167960
7216299393
7713552756
8238498795
7156044175
7782498933
8373457704
7413169247
8349068250
7414517689
7353019578
6995239961
8396633036
727098227
6392087475
7180528489
8161680427
6561910476
8226564581
6614131363
847320509
7386817562
7020755094
8092093741
7934986730
8374338036
7721020636
8276950491
7979711379
8147362503
7892042370
7826419579
6313879307
7306974332
8135752926
8571029641
7417348403
5631902321
7164360724
7027953593
7263976505
8262313380
7159955857
7821048742
6380045603
6538481516
6770755068
7246651901
1904669082
7382487162
7286458624
7280466448
8307556282
7367654376
7369377605
7057609322
7227455974
7317377162
7902960648
8051630140
7355567774
8293631869
7919867252
8267475119
7253591313
7242444698
7752100655
7393474035
7363393227
7983328106
8353942080
7015557288
6882729765
7097865859
7678735603
7862466714
7020999941
7663874479
7861813145
7801703703
7487069249
8171831814
7202248560
6728502144
5624002125
7755023059
8120069724
8006809828
8003322265
8286486453
5536453652
6413425477
7698426080
7579506386
8000579150
7409928822
7217067848
7859279467
7464125810
7682887111
7208329671
7203429466
6743313640
7946223297
7979823162
7383598600
7228987517
5351855996
7400758189
7463124097
7603395376
7698721835
6995768628
8147712541
1016698488
8210386189
6985286371
7042659068
7789936442
96809899
6923075965
7829651005
7492549418
6707503881
8323496421
7346544857
8430685128
6875798763
7034070668
7247243392
7205519821
6966276525
7772719820
7223955604
8375252262
6881060037
7120886774
7617799603
8508024736
7816569573
6999589619
7529777020
7007066881
8480143830
6947854573
8156523473
7314235632
7232524816
7632414452
8218433298
7719411307
8186882233
7028232300
8318616326
8407730146
6994026465
8194001489
7213999826
7030202619
6561202518
6151732599
6572616688
7413338317
8270669522
7430536178
7329663380
859693892
7150988814
8344098937
8357599800
7090104609
7470223738
6708178944
6342924119
7442843699
7408648899
6331282258
8323866036
7347106015
8231929487
7950463088
7343530453
8059072514
7671491043
6966352923
8424668352
8263980944
8369011930
7656551395
7742480216
7355292780
7552377071
6685627785
8154238792
7369612410
7105323877
7186272829
7528458915
7211332150
8405489052
7253379429
8094209002
8277088953
8515167971
7666225276
7398145543
7739797414
6466595073
8521681417
1774932485
7054052250
7658475322
8390809638
7581884355
7426880403
7090653213
7510202589
8498045617
7139791756
8087107347
7922311769
6602359486
7688950018
7704489917
8454976247
7335360433
7251482789
7696734876
8401236575
8112958805
7059649900
7140547140
7350947056
6033788802
7134733602
6848812236
8212406379
7410879255
7267907305
7692278785
365863981
5555906668
7064751526
7743783938
8070588849
8206204958
7103847797
7595089813
7961456659
6476460773
7426520765
7764423359
8560367205
6349295064
6393470428
8365606568
7468454283
7289847013
7181620413
7439938168
7709473093
7558102162
959448225
7280300797
7491572106
8449474400
7410524662
7377138695
8364388107
7407988908
7614517391
8253579566
7346065343
7436211815
7196134109
7503733938
7982374303
8535434669
7347663536
8306865307
8333707504
7695264263
8351018971
7498983057
7688745018
7046598755
7240551219
7388271783
8328433973
8484258667
7100902281
7027478490
7448410119
7151021313
7460207986
6665691170
7641204724
8479550019
8570038051
8235049486
8128745801
8199572108
7114334309
6789526815
6860622391
7341493821
7716294809
8016533980
5325221796
7012308277
6051771877
7616509749
7235533096
8326119513
8535296594
7641148094
7233048730
6995348254
7566962573
7870000196
7853764130
7924026776
1202878632
8023356876
7391120210
7739244661
7538585333
7203779357
6066782217
7108452600
8344185620
7298345129
7376959482
7816494846
7545506761
7671107407
7697221978
8070601869
6762692738
8415706961
7173193358
6745758539
6926083795
7337889512
8141564753
8362709366
8338302178
8368983368
7986123290
8455767546
6767809793
7012923220
647853975
7616480121
7184309262
338249511
6997834622
7270505745
7667967190
8114561117
6369462599
5092212791
6462199602
8481716872
7735487986
7225184525
7287649259
6437402964
5397002719
8319677026
7961170911
8155063185
8123211882
1232488702
7024559298
8400359090
8150494895
8168338728
7544481642
7429901344
6633995203
8347844350
7923198258
6528234241
5986003477
7393690353
7353552803
7225989049
7311488048
7359236804
8320052052
7632482068
6919246167
7463191020
7731758376
7393752960
1463502043
7148859171
8246621071
5306234781
6822518332
7177255605
7801112291
8359766452
7926559033
8344395102
7847564488
7348940806
7444294083
6872683418
7039169485
7103439264
6766944653
7766886358
7209565687
7055499190
8495348355
6995435597
7422039662
8233011759
7809907547
7423566504
7005260646
1367522669
7387381782
6904180891
7917446141
7277104059
6737366286
7004951353
8333558254
7958654041
7544432662
8265845816
7178214679
7309526693
7286672993
6992113323
8365040018
7481339784
7329022421
8166400267
6673753531
7509371619
6947863268
7585082065
7467852967
7050646964
7008852841
8242986183
7616817119
7238628168
7418675003
6498116319
7366399993
7641413954
7266370280
7329684257
8674038111
7071731562
7195989790
8344395011
776130189
405175721
7394600048
7538946250
8692999460
8246697818
8476399011
7509645597
8393670470
8365724353
8250550316
6643871114
6927343906
7406064304
7922293693
8484295464
8145753176
8537239061
7828416183
7434637852
7434961169
6422972018
1003536506
8553615272
7169183976
7327126972
7343877535
7373713731
8290904752
7125242916
8373720933
8308224339
7937698489
8349712730
8281044450
7405798073
8128616758
7767868070
7838355264
8412106270
6595700906
8169499557
7924981282
7387070231
7916604825
7071444981
7238538856
7416574983
7255060402
7501052013
7419451098
6423959341
8474211563
7925415310
7634517377
8224454089
7602648714
7136433788
7833323329
8289424376
6992675919
6560932070
5903020733
7872819266
8208327271
7233459247
6428831270
7456126481
7092755479
7337368412
8428213721
8158328907
7339956579
5717229403
7407335908
8393932152
8366208588
1323082880
7083081058
8214298298
8181555131
7761498263
7269410910
8078671861
7662393486
7196638788
7280838318
7389041648
6754557256
6843678165
8104301702
7299817581
6626423825
6861551735
7215591806
678885516
6691154975
8116252583
7511762914
7502761935
7378169725
7258425568
7737898966
7342928139
7279011448
7501914261
7060311804
756414111
7767510587
7126517924
8441796336
8135859985
7186307721
7331551139
8039756943
5609008422
1067143438
6382797098
6773259071
7100349159
8343489744
8385932234
7222883679
8442668163
8028526184
7942133008
7099477981
8377688733
8303086586
7499379403
7015792433
7460559475
1905822520
7132818824
7491336077
8335480714
7170228086
7555184679
8150338852
7743701251
8478871253
8388209455
7726235788
6401513573
6996416073
8150077516
7023785994
8459125441
7658169106
7015695105
7051789684
7428854314
7721611675
6051461682
7824084832
8385356470
7444162390
7247937659
8191071086
7339887348
7394286007
6047169710
7293835719
7953781385
7086426707
6461528715
7193630510
7802222713
6931796803
7511849019
8004924259
7423087672
8165224208
8493664647
8444835927
7950097958
8351795836
8429368989
7431812643
6895381847
7109387392
8558660669
8492525457
7481950298
7177639207
7455583316
7387645438
7769082569
8246462015
7709510071
7062862814
8227765458
7181400715
6513710953
7038710802
7336768921
8170159945
8252740309
7411821517
8445480251
7302801890
7257087014
8141493908
7080584480
7398245035
7477791720
7535620983
6974463537
7082435337
8381549677
6697624530
7442628068
8592308369
7057368582
6715526280
8466172508
7334353898
8130611502
7852572363
158015108
8419890850
7579983873
1416966849
8464310978
8353096833
7694077508
8103809085
7227047549
7702335516
7107792864
6324590829
6974871424
6673044249
8010721256
7679481146
6813431540
8381840895
7924577395
8499273474
7936512437
6992191997
7047845419
7434181868
7342532070
7254974109
8367775142
7628943219
8243134177
7119351293
6919612453
8405460754
7687643262
7989833612
8052985103
7705049113
7035226845
7457633647
6755972227
8395578405
7691802072
8166150888
7880337781
6922614068
7628694071
6938089690
6497700664
6947951004
7649225300
7866326325
6958793110
8248002306
7991693654
7089324456
7664629407
8508987337
7795076370
7505402392
7496908614
8052147717
7417373625
8311318660
7044407975
1242187413
6421311660
8475360844
7348076763
7245094577
8465665398
7376030486
8040781571
8408084669
7578138893
7390284037
7633907119
7076675181
8289853454
368701896
7114689524
6975536979
6928381503
7575983538
7403101883
7514952695
8426674452
7385388463
1936073700
8156244555
7852825701
8229373161
8346964268
8152859606
8430348554
6697379303
7276310818
7577464401
6819647138
7381613945
7528238127
6671358685
7284476744
7019557736
6983880917
8304250522
8184305232
6812960533
7105656131
6972221864
6849181987
7106401093
7324737359
7464053528
6824949644
625756686
7397482234
7311146969
5756477160
8383180232
7667117794
7943113311
7962532136
6612150934
8355106099
6598403649
7584308089
7326210206
7361092470
7518133854
7582837869
8430978192
6762768803
6682942236
7910324102
7883800332
8407978178
7273462417
7095313703
7270225561
8421022588
7735109058
7768891030
7666220323
6446513426
7563236015
7703606156
7444008061
7384132147
8144578053
8470243106
8151196181
7740760504
7294024078
7051148797
7337791647
7595277864
7277832869
7518797024
6726375532
1540400321
8401177959
8022727800
7365405276
7514924602
6533274056
7888998724
7117643917
7381354589
6751473033
8021867988
6371598141
8068238111
7140800936
8103418094
7629169549
7795963545
7265272833
6720000606
7200873234
7302295997
8419765550
7537862796
7552941282
7082617238
7378602399
6528211609
8125646592
7420136646
7578140062
7379651840
7355522615
7880338645
6306942395
7293243249
7298430525
7074221768
7238489039
7314429792
7189535833
8600668828
7369071215
7818304617
7100619882
7657416023
8072878581
8287637265
8263733343
7652779417
6611639640
8268573309
1232472293
8178902888
6914648580
7989343932
7075792676
7752110478
7366044805
8029426036
8487834733
8077554281
7457722931
8428196983
6657326811
6972653097
7957750745
7188001014
7437627496
7571914516
8509228813
6501435501
6721453452
7710746899
8514414186
6400609918
7503473771
8142552579
7977936045
8211227669
7807677808
7977699306
8436337045
7313480324
8339749218
7851907484
8262362227
8454486151
7616465065
7369724994
6673163036
7181311487
7421201587
6764837507
7900143897
7447756991
7391002287
8170560161
8232455873
6948006553
5540169386
7957496919
6913570769
5535319514
7419032971
7085054470
7200261063
643435163
6472261139
8346427389
8453061009
8069192344
7859424634
7115889431
6641542120
6755537266
8490213082
7176335948
7999179616
7371993490
8459568293
6851412687
8443300997
7188847707
1902092697
7888482820
7479615907
7313928785
7315352619
7007650842
6907540149
7777282979
8387787437
7632735622
6443761722
7613270998
6837541768
8598385358
8255181350
6786409687
7266948123
7452163881
7502250467
8588410287
7348691024
7519519820
6720982885
7809845085
7479207451
7268685615
6791825384
6980307719
8112498073
2144573841
6815827478
6422511765
8423484317
7439832092
7350973771
8462623271
7075200447
5953849515
7330787985
7211895219
7385909287
8288157556
7493477934
7157216518
6390974953
7010910351
6817925896
7082915380
7402421279
8254154011
7075783668
7796164389
7150353086
7596093478
7108927158
5170646480
7827744125
7332691541
7333747551
6972292810
7701717557
8073913804
7131705222
7001875876
8147019602
7326917715
8330216042
7862487418
8404876654
7377867796
8307214147
7474572561
7613353137
6913929249
5864618357
7361717844
7843641086
7340366333
7332761996
7263042067
7455446311
6689240844
7281526420
7620908982
7471583817
481054045
430337905
6308348378
8161755608
7409660431
7780416315
7697201381
8450020932
7557616582
7631809598
5322114707
8256813584
7128362468
5245548559
5909183318
8060360807
7568009694
6914378776
6782700223
7185164238
2003024481
6391961636
7877659546
7053004332
8036735017
8306917259
1280451501
6720276343
8456045286
7018454651
8485373099
7728541518
7045728015
8258921218
7676368353
7539694155
8228030450
7188077840
8362689132
8081115911
7097017676
7761364386
8469200903
7034225476
8049811143
7862062452
7478947346
7876400964
7311019795
8232806095
7571348052
7322810745
6992314381
8033506289
6976707107
7999107602
8291228241
7234218631
8278912159
7332391623
7042956353
7182975916
7390460911
8510151361
8410409679
6890516288
7111662240
7194867746
7947669622
7313455656
8220134423
7743533700
7792349784
7741551485
7519068041
7590854480
7031460872
7865515726
7107024898
8136244339
8361022195
7976925634
8095643730
8130855941
7258983324
7827547065
7372838761
7245773171
1092802409
8471396495
7526950081
8142004449
7278398129
6955521338
7359454556
8386774972
7421270962
8331447087
8595855535
8224980481
8415178927
7333006391
8261659053
7794064313
8457734471
7115956390
5915123803
8278633322
351379006
7013404928
7781420881
6539089912
6841821615
8332972360
6929165832
8317280289
7857326573
7347061590
6558189235
7459946737
7227993962
6396911514
5136427294
7316273783
6434641192
6584971312
7064533038
7096360436
8475271165
339611871
7112473422
7803772460
6612244612
7771435549
7433251807
7968167687
8187841152
7202268173
8495447074
7415662284
6486187671
7310065601
6433851519
7063323696
7231035153
7224130017
8272661973
8326504853
7425520265
7405050043
8062583170
7173116306
6472626687
8208006538
5867906291
7951366683
7213484628
7638093778
7445475394
7020130766
6882184091
7402826107
7441484423
8226122700
7920244588
8162866812
7081819329
8387411610
7964092160
7471121292
6767959679
7640033658
567064296
7830575930
8305394162
8078787302
6529355475
6905979587
8473443967
7017669814
7283091969
7205812436
7732397750
7585221280
7398371750
8305892756
8460188482
7660562044
7238682327
8228281964
7282944334
7778336214
8325184459
8492831623
7231315493
8400323642
8454054909
8398415641
7873963209
8451109920
8276800327
8401408583
8177529429
8107808370
8360000958
7737935085
7118422342
7252405222
7337384926
7288166401
7860564495
8205832416
7969395104
7969465747
7164455662
6937106609
8431892035
7181141803
7137395946
7903895419
7622801184
7403534752
7445587110
6447652126
6663426181
8307631549
8346242289
8552622714
8181627220
5997617855
7890528615
8379596599
7731453153
7544090168
476511974
7474953657
7516071647
7426678408
6716119525
7707344551
7467546708
7816444708
8394545724
7922297564
8470855162
7299543632
6511619916
7445357277
7449669148
7465541713
1636387489
5783303922
7474932419
8385900984
8314149296
7149405124
8159326574
7242922245
7494511830
1792990844
6861432240
8254749969
6201957612
7771976289
6986420069
8216733890
7516354810
6987945820
6327293898
7105438156
7209396930
7959609714
5873831700
8102414549
7067774992
8053864081
7899716980
7335927949
7347200933
8414656886
7994778651
7023234862
7291946451
7872938284
7172158887
7536318304
7389820971
7061790041
8224866851
8251584120
8126377736
7120093620
7146043716
8251780593
8401831910
6647952204
7903247157
7938042830
7697522849
7039983429
7410862702
7175926296
7846888256
7292580462
8444255545
7165491103
8260318495
7832786010
7719207124
8127129960
7789868929
7545221679
8434047150
8273180680
8496471268
8744538163
7934661402
7407694202
8477021755
6853620318
6306101480
7472163452
8125175520
6461987760
7150525367
7446271724
7296482510
7003894232
7120481775
8176568798
7130045892
7478425505
7445929342
8452006974
8598569029
8263662111
8374775729
8239696544
7734308465
7591689621
6313339397
7169149626
7375184614
6367655341
7256821800
7577633030
7761925085
7019113492
7197313458
7283957437
8251841110
7601519154
8474665040
7865502032
7133336490
8562322487
7031260793
7970735541
6324720621
8131945803
7384663701
7712225477
7504833357
8254765960
7925914633
8004252409
7379092050
8337065758
7179470952
8325247791
8210343329
7252007403
7910615610
7747834083
7500822422
7777012398
7264280396
7472563510
7306686899
8116121580
7121226268
8182033753
7286494989
7080461618
7487039149
8361202725
8383947732
7431588016
7638639819
7271308610
7841399700
7208246783
7613370881
7123250103
6109763107
7399822599
8315788417
7258206343
7487133339
7253938050
8016932412
6791689836
8180275942
7451599848
6579676161
7682416557
7353508490
7188226148
8383218099
7016713992
7474937714
5551207138
7732883536
7136098352
7247731767
7121813211
8104406994
7270744016
8530536539
8225609231
8202922497
8372359489
7305940241
7243128503
8168908223
6141408373
7425261498
7341377120
6023684350
7833453227
8025578063
6932367187
581036480
7239319256
7980231179
7167725875
7006784059
7010495027
7499433979
7188763826
7354780681
6875865992
7212550066
6083143429
7407645069
7778842027
7490463401
7738300438
7425466293
6544483587
7313955768
6880541627
7998934254
7448740508
8138703126
7611912624
7718574531
7363069270
8206069474
6980212326
7905493398
7066163171
8234723676
7709219455
7372896177
6995495691
7011473225
8455961667
7913189225
8415475699
7559157472
7829482585
6670758032
7596885627
7274810345
7713226348
5511140355
7020333003
7485811153
6573203193
7656503286
8285168809
7333245599
7847519530
7484863941
7268311847
6679814387
6759119350
7618069187
7925626726
8482801319
8049075182
7069573074
8232405953
8083725526
7059169761
7806650536
7685212372
8323599977
7581638649
6074696039
7059676407
7522017380
6651251839
7043552090
8429072767
7358716625
7206372259
7927987767
7523133122
596628634
8501088764
7186203801
8481811351
8190460004
7359744349
8312278808
6385208454
7048834226
7664716773
7646182459
7678541675
6862672966
7691837443
8237503907
8050932118
8050145489
7206549898
746223228
7147564992
7215886293
7227568587
7015011164
7391238382
7184792038
8250466358
7151698253
8118502826
7402750441
7326632640
8242505412
7518708169
8469368580
8286907938
7775450536
7200120773
8292095746
7459743103
7460417834
7303646555
8438558483
365044859
7114271255
7554420227
8078583588
7626797187
8344658434
8322592608
8463149922
7887389146
8497456532
7512693849
7529730801
6762128856
7079676002
8026255354
7438355220
6844495712
8097366169
7615122599
7357808457
7092534688
8398227102
8318142827
7338352612
6736076638
7116392781
8375560525
7584111635
8093692579
7576850350
7644503737
7352292491
6983308980
7201049737
6932819674
7288671104
7263085800
7037107412
7306640815
7992759960
8224499196
7791467844
8194348579
6971344736
6345698304
7038797376
6770582902
5576034776
7029452442
8155400838
7157194493
6933817193
8347379187
7517557471
8471637784
8132981107
7298842979
7253822145
7269449726
1978123137
7564386684
6377511075
7034220467
7321276500
7195419987
7326749140
8282995643
8473074881
8304618574
1986098489
8441058031
8194849479
7430909438
7143561216
1006154386
7202245725
7733701351
7989530104
8450864927
7353632890
7885892228
7065689607
7521104206
8215014209
8321005011
7277585558
8411584801
7432684945
7845779998
7920739435
7493809584
7426491790
8066305002
8404247043
7002690473
7816913328
8201615522
1058854115
8107101800
8190460891
8628679712
7217144638
7562116382
347835605
6646321964
7201534657
7319811705
7218853753
6127176824
7307612939
7246336078
7318705126
8529858068
7406358470
7306576275
7291678715
7107917821
7667397860
228640971
8126258657
7085484317
7435300647
673706682
7770218202
8545601238
7408805836
7654879449
7875853834
7473070789
7509784304
6887042579
6901050638
7167488706
8142419087
7344145712
7602232059
8414975901
8482850480
8313170895
6934983314
8218659525
8479071450
7499260737
8486010341
8132690653
7532726453
7047496266
8039050577
8442359849
7680403645
7359087779
7061945510
7600712834
7163555730
8027390716
7147261708
6801293162
7223710963
7310004264
6747609646
7094296535
7321758640
6694928054
1187335832
7342426029
7808189961
7319193085
7863546312
8319091019
7705992183
7806694529
7138268158
1710229360
8437188894
2043341628
7629097730
6627117679
1504289053
7373935385
7472788991
7251924234
520607128
7250818665
7601051630
6779126330
7271093727
7446162643
7554169951
8361569854
8209208828
7652910915
6450051295
7795337425
7190204359
7370710052
6708881415
5405871240
6527392647
8371698756
7744094401
6274933457
7678987676
7765979951
7235216850
7954338193
7511060967
7209447344
7649776855
1889119982
8159973922
6405420428
7805974298
7524702954
7835180111
7163940754
7385792390
7293750905
7823314600
8105181461
7457501264
7020375850
8262218162
7278088721
7960946908
7395351910
7214747507
7865720130
7435178223
6566840240
8168423331
8439476305
7036396749
7359264673
7166924555
7702980975
7421150024
8394580092
6851050536
7232167846
7490657518
8299196500
8070325318
7649255154
7983814590
7627128107
6907366061
6074926253
7382103599
7499596535
6542981533
7448194900
7337129048
7192926683
8474574625
999885944
7305061034
7308064762
5550023384
7980209843
7610339208
8374777733
7770996502
8138958546
7052612959
7166397140
8424830039
7825908487
7085381675
6511480105
7373022675
8040640234
7055510873
7744246792
7124723653
7102601363
7497369928
7109980570
7996841711
7392423675
7711721026
7949739908
7081643979
7272564429
5961282397
7202296188
8385261586
6948909919
2027862652
6997783497
6501560441
7693702570
8025933324
7445635481
7458141399
7609598240
8120341832
6458031840
8423984339
1595240130
8481244597
8126476107
7869524195
578206371
8113232256
7214177671
6561675430
7847520625
8048381896
7369768768
7494064299
7281855866
8296133094
7509217128
6449849408
7704713762
7493490729
8588791106
8491314185
6827604779
7930451753
6792181711
8493849716
8503266371
7417645961
7387575728
7560113843
8595807698
7093261667
7414277856
8177125395
7859941420
6810998505
7514107758
7201914484
8212547851
8239578728
8263189605
8540793316
7924618420
7397769109
8459770716
7487725847
7105514175
7541865179
6560457851
6858337318
7036440879
7427937072
7792725882
6904324132
7287187612
7295457380
7433842601
7286499302
7024626443
8391707734
5507210649
8273811645
7158704658
6725875650
8248683710
7130559848
7131165614
8275044719
7213232306
7024837047
7546201009
8169576447
7315490051
8389346133
7889769700
7041882488
7399961088
7890913595
8103851287
7332326230
6747603792
423872906
8441551566
7424286634
7237866516
7512091907
8442552311
7703449650
6023431427
7202480582
7568382982
6600742669
8224625713
7214771974
7024723161
8219586773
8114838648
7567964613
7663698157
7432501256
8167804160
7057694321
7649569186
7033129964
7041953169
7031179827
6458160447
6511238889
7811582010
8043384262
8317140324
7199751219
7355161516
7190752669
6810761807
8299212063
7871739009
7670506243
7995738331
7501497676
6368682258
6452884091
7488224716
8178129470
7472385608
7974937856
7138033128
7780477279
8355754178
7278464035
7379616456
7117670197
7136890829
8469117125
7438290001
7904660632
7625618601
6910576597
7384914713
6509792162
7792769594
7178105355
7357337656
1284640837
7643580137
8427519155
8160850264
7872101183
8500142141
7561566793
5452362893
7269953596
6762994324
6089708200
7352799449
6577055781
7997893011
7214167699
7040317683
7489191869
8452041824
7996676270
8466786767
6347565348
7558596916
6117886094
7735505327
8270234501
8380206330
7572681286
7105389729
7675903721
7121499496
6818710552
8520931870
8425537556
7626111882
8491398208
7283443275
6950463425
8058041312
1351408854
6808702622
8132720385
8528373525
8289581551
6717001020
7108378107
8172984690
7949568922
7702370718
7323884274
6762342198
7271862735
7984042894
7618049171
7397642814
7338391427
7450676356
7003495380
7274107771
8159317416
8377267956
7810410919
7481107507
8276276417
7226301861
8482643405
7112079394
6975358662
7337524852
8170611473
7793427770
7540140123
7431629616
7132781739
7000316722
5371892505
7979620914
6541348279
7728827188
7255852319
7310009712
6669792686
7948138158
6549883642
6804653945
7660836859
7605100543
6965779157
6567830046
6999705967
7235560579
7482639186
7016909748
7784153217
7870900971
7722029759
7273187987
7349455696
6814201786
7082342798
6997943270
7346951842
7216520386
6370961140
7176051246
417441171
6088078424
6542050130
878142845
7047154463
7590656140
7540026552
1777726272
7018851188
7175660392
1215523416
7254772281
6494581628
7039485877
8474307263
8419871022
7182365803
8294734081
7480648238
6466027314
8386085763
7488708761
7922602169
8316386470
7321019600
7747068846
7788746495
5363491300
7486094287
6370817990
7794374273
7219550374
8492097694
7039618642
7661360463
8380758094
7691655190
8259641075
1077924401
7134042456
7496085661
6314535533
7425318583
7783186287
7796591905
7404259226
7182007346
8363232710
7760507536
7654991844
7082651884
8380413996
7866975909
8432555606
6636142324
7105335262
7005696526
7856921843
7762850774
7098126945
7525280600
6132594189
7226062201
8302230421
7355967218
7902597192
7568675613
7239026468
7045282244
7800068706
7139381170
7075176114
6008747715
7197479113
6716125955
5286999069
7137257646
7934239270
8035324817
8211071794
7436157944
7285717938
7020299290
7048471273
7057302656
6646923603
7478592880
7510764756
7356378945
7986723522
7000486111
7113440323
8519971582
7371708819
7405642554
340839259
7866759809
7828109296
8286972739
7771196470
8037329851
7506275694
7959579545
8017878508
7222510474
6134623399
7277513512
8301890536
7493099907
7733945417
6752799238
1070621583
8076941600
6837498761
6313456724
7430538531
7339007468
8380221289
7693775928
8476624378
6851703625
6706464594
7236839999
7526503735
7819657362
1544305976
6751626532
7344574384
8250243751
7153815121
8501445137
7567833365
7435172710
7627743302
7263834213
6519870348
7766579407
7014840274
7600590263
6271782592
8394844170
7222633615
6726866987
8016101846
7196132101
8412819967
7502495904
7226060406
8259768211
8360034258
6485499262
7008739267
7420533434
7269940544
7899830720
6647862173
8183277124
8331544204
6020452719
7487813845
8212824142
7236298819
7204646046
7237320627
7337295176
7435609277
7730535559
7547696590
7113811292
7156011973
7244694265
6425134055
7288955856
5761042981
8147329085
7141963857
7502436965
7335883181
7361311230
8025882274
7963480399
7705431300
8466806065
8016154788
7623097319
7158242409
8066633690
6928605963
8093267768
7573371138
7680548163
8385931131
7061860083
7212946933
7157370816
7268164899
7577953140
6520708234
8237363895
8326653880
6764927172
6851011022
7761122190
7661089612
8063978504
7456727488
7532013465
7511385109
8210509009
6719129293
7268947819
7449521822
7811493721
8212601972
1326948528
7201840416
7160938026
8492666595
7526598017
8436122861
7449392037
8512213477
8170331268
7815064578
7756387402
8378416415
8187740177
7024809580
7026494115
7466664237
7931918246
7541269556
8392027261
7392971405
8406380362
7668031259
7329816292
7538671785
6526138436
7060259628
8355933239
606162160
7481536738
7662993791
6890804424
7153156771
8228375556
8443662460
7166847682
8125414733
7299252717
6835128884
6236431327
7775453004
7794019603
7581688019
7279742681
8048256997
8517770307
7453789712
7578141500
7073780619
7925213682
7387525005
8054282811
8419417167
7911685426
8283825388
7365777590
7241357625
7530988563
6526650512
6546358571
1276118166
8033217515
7466779545
8275957387
7624748083
1052488277
7176483404
7756265403
8209827876
1667008641
7746316698
8263337904
7089035098
6917723174
8395302285
7609121993
7476021509
7066215904
7175395668
6842002680
8504107256
6971639849
853768299
7514646648
7869255224
7760947136
6884380435
8265879850
7365217777
6424117643
7342817668
7438503932
6821746733
7074290418
7393034304
7850099822
8287865404
7213630514
8082297591
6384378777
7907534504
7100907282
8339112052
7605172551
5738798855
7822601669
8078851381
6896817391
8106051364
7375911649
7978457614
7340677166
8057674026
7046995674
8219381934
7595141003
7488865529
8369682475
7001893548
8171514242
7252082239
8159421203
7671773415
7108247815
7188556483
7536606510
7450672104
8448748688
6480849980
7824480832
8164840941
7394586197
7835808780
7507092647
7285090200
8493675416
7123527226
7149997794
7234560815
7530331989
7862602455
7774416650
7599574722
7498493848
8160425894
8173599777
7230655592
7247679354
8156142842
7751216914
7214289983
6729928335
7298138302
7405987012
7595224031
7434765074
6409015039
8059269413
6831466556
7116460982
6714507920
7114310572
7302296496
7696680588
7125215839
7772913175
7042680782
7458657421
7360919479
7836731734
7173062303
5252079626
7029414935
7843071547
7463797430
8109331014
7998722941
8366350811
8175140160
8128070644
7341712212
7444877618
8319288307
8285370366
7177397734
7868116548
7440162359
7480045080
7036538068
7463465775
7232282119
7618823858
7335131931
8101799801
8431292211
927471273
6740387051
7199015970
8081292685
7498153112
8079955388
7802832606
7438338730
8497124031
7940113402
7890285405
8548793470
7212373076
6957906969
1082943535
8209130602
8062608549
8232746823
6520479791
7811915718
7217006585
7847860083
8314783229
7492535922
7021810433
8282052675
7175599072
6947355319
7840228371
7242604589
8463758565
6772497244
7485121008
7272995820
7941008518
1395465728
8465199042
7155085383
7354034536
7618564725
7933607087
7066684409
7067664823
7098743303
8039746571
6620700434
7944583191
8064039512
6888484197
7245855885
7307075534
7211823172
7441793726
533165596
5720716192
8479116786
7036293018
7428009532
7118135184
7612854539
8297409959
7214410358
7917339619
7540234818
7465537458
7470824211
7926750805
7131995824
7369161608
7406504419
7013342447
7195890404
8484393315
8210538477
7728768653
7436246513
7071970778
7305398780
8182004640
8261667381
7217025989
6935530662
7247680208
8469561528
7437153888
6978268097
8153632160
7030299488
7622957071
7748764978
7464794622
7924292932
7048479539
7014483962
7282698463
6842494698
8263186895
7686444761
8225842442
7347436563
7460504438
7762695184
7357347542
6525890300
8073904823
8214958726
8354837207
7470663273
7075187458
6617138839
8034333760
1688120084
8433176012
7066980874
8361022103
8303072248
8421387937
5184714282
7982893014
7373605863
8785500369
7187979692
8064449535
5806278690
8229107353
7134734675
7227042275
7585912344
6354254197
7925372827
7470234014
7903714286
7826695382
7298794594
6773872777
8509073621
8341161618
7135585433
7423547265
6789478453
7194180504
8203060977
8562164901
8415009686
8111186739
8092514593
7842346048
8411504557
7703970083
7791381489
8383282371
6510291909
7434896648
8216203233
8486878954
7431406347
7913360792
7609770619
8020817097
7398547871
8127412976
7053473043
7133547100
7808605657
8245109274
7332161905
7224452509
8132266108
7442013120
7659072631
7412862525
8274384849
6954748903
7156059275
7024195820
2013442125
7423185540
7067857778
8047519984
7012385226
8314042985
6684183913
7092735563
6488945685
8221848411
8084256579
7050038036
7715105418
7482682218
7667311382
6451538272
6701353568
7412362784
7472198518
7216632719
8367670719
5355014512
7699476657
8310233229
7124658452
7304753674
8472428925
8119548053
7106519291
7570792286
7537554321
8544932862
8300540990
7295972591
7216630463
7776574151
7651973971
7912826338
8317034601
7216791866
7478327395
8149128649
6807704451
7484064774
7189102111
6545773623
7305417895
7697426367
8110780382
6750529646
7033636420
7352197999
7352229845
7463618242
7081504592
7160535070
7050797935
7247614427
7171122524
8293329360
6770867568
8160199041
6472490406
7006844127
6747784970
6685400378
7219287146
7199652969
8194118830
8388541756
8382113201
8443557322
6054868114
7604258745
7251174649
8263611080
7314515768
7178794658
7572339778
8034984696
8065481997
7434539392
7745235922
7079579381
7878163083
7696783605
8116277039
7231781879
1590050336
7075708280
8525863208
6536538045
7222235789
6988724718
6524535688
6882838863
8555753119
8112026575
7004052679
7088892575
6750921184
7090555949
1015685005
6487772982
7293605093
8154570834
8247595522
8253583033
7295458305
8769577464
8380144950
8458972923
8106635357
7333396218
7090419668
8385571924
8175869578
7323232481
7983873887
6789850890
6452414333
7551035655
8382040777
7220539583
8274074508
7146901946
7273599188
7083009128
7428962206
6916033057
7933501302
6058226845
7510176735
7477090798
8174271963
7019094013
7643159220
6658977660
7360579594
8430408051
6318701563
6292950154
7267176701
6673492222
7490147774
6977787631
7085721889
8370333446
7240802552
7710798699
6639988764
7013078132
7402453602
7203114533
7097902018
8063674243
7048974107
8438305311
7874963844
7817981798
7431154844
6586144733
7075982493
6759025969
8287991177
7520367065
7921377961
7294195579
7993444402
7288654089
7207807758
7434976297
8329458434
8247456141
7207948310
6892723809
8490542507
7434816869
8126454147
8095923559
7354064698
7476480905
7844647792
7871241093
6626699064
7801733195
7757276285
8383380800
7251327348
8060245087
6780940347
7229379748
8165942967
7465151631
7629354302
6785500819
8200609805
8388181606
7402102447
6858622622
6992221731
6988838953
8372686409
7860024298
1009094002
7544760098
6888053387
7703165382
6396411290
7052282210
8271853901
8277449790
7460551602
7382638537
7104202401
7953915584
8299877059
8163612708
8313202601
6832505509
7152964718
7409504480
8028814953
7261611235
6736514655
8495209956
8274998628
7037535243
7949362762
8224486503
7790112798
7382033695
6379077784
1311137501
7120743019
8267187629
8500862099
8119591052
6176990885
6913152894
8491291807
1696030137
7874869488
8364416755
7331340296
7591417510
8405253485
7732745668
8553449436
7029584718
6306657802
7644979610
7130791230
6893812320
7218637994
7903538829
7528710733
7677692871
8345302970
8191669143
7896154180
7834882785
7134011780
7252412606
6809794466
6122066733
8239144043
8436735199
6891836073
1689721452
7765658417
7620416220
6957635837
8496831097
7535295468
6720486930
7361469438
7449828803
7257745490
8288665913
7912050502
7895948153
8287217475
7178591721
8141035307
5816079478
8060035860
6788970922
7719406493
6765820873
8472334605
7688115136
5910376622
7649637431
8585884022
7437152340
6901665566
7016080999
8415505736
7959293119
7540989100
7865601944
5369184768
8492228178
7416290212
7639259078
7922387264
7676914680
7409630126
6788415115
5393805024
8011511085
8173478531
6747601013
8503338604
7019835150
7788575633
8047916766
6972386543
7570659666
7530517707
1417938262
7546470765
7630577608
6354946840
7217022059
7334994655
7870525917
7711177529
8029401072
7245440497
7241477305
8499327134
6099900614
7940247792
8145271586
7892717602
6375071746
8200583443
7712020292
8591215888
7285135290
7057585806
7635505840
7243983898
6322926931
8004889257
7224228282
7041607916
6673089403
7528181430
7276068287
5466938744
6552733661
7281746653
7210139098
8192722999
8019687891
7425220772
7037446442
7995289716
7912727721
8308121985
5200911859
8199882164
6074283117
8466626608
8210840136
7383838761
7156346137
7430419198
7156425822
7798058602
7448872357
8098846717
8115468756
8427806879
5559430330
6670895028
8358673852
7017842189
6966572840
6827349401
7492040890
7746307032
7085897178
7314643152
6834790149
6887325552
8477600757
8516257752
6556209918
8456203720
7115511341
5282502018
7219280134
7485041621
7759876211
6978074689
8170273714
7502059816
6585572230
7210227145
8305940527
7006674363
6404161579
647728600
7421727290
7427321731
5118679766
6080205049
6483216290
7903689728
7972937507
8015039531
7594925041
6806978268
7666932664
8429327859
7464015152
7213592500
7919775687
7767348505
7258501588
7536331513
7489484508
8587052430
6995321231
6115723223
7058429994
7973427483
8377385747
7214785970
7188833720
6705694791
8412386579
7296188958
6949806996
8321262390
8211449097
8243640054
7254432083
6990439563
6841969753
7244016252
6160584550
439908627
7750901658
7260361927
7131132305
7816628727
7350948054
1851651023
6611746108
7626238252
8397898567
6939292257
7798972234
7948163780
7142701841
6857264767
7105449207
7903961525
7484000601
5841128780
7078945244
7315799974
8471103949
6501027793
8076243027
8102946304
7116704097
8187409449
8434466304
7498820563
7377795163
7889136994
7880156985
7667804152
7332732857
6665986185
6435328765
7332061135
7373828805
7522103904
7156781469
7107271792
7599149623
7477525882
7265752642
7481920591
7889925812
8265485108
8463761483
7989273799
302886415
5235992038
8379596996
6432442867
7782405486
8038952078
8259774459
7919637320
7499037785
6011659962
7555984659
8511692690
7348878192
7133421726
7143033046
7935287054
7431192830
5999625915
7518631507
7167648866
8058870260
6655952486
1268535381
7826759375
6478635452
7488993097
7238743130
7923544793
7537336085
7484702860
8114846422
8152069417
8187673618
7211945359
7932144988
7216106691
8201901557
8216648347
7847161590
7365104681
7410475032
7672504102
7790593596
980966844
5962221412
7210567068
7974904522
7606402430
7571202031
8405974296
8316437196
8409599110
7035830861
8300536700
7295720418
7487425884
7222952605
6746901109
8048881377
8297213833
7492479722
7246809092
6831846731
406722833
8363975850
8140166843
7706566195
7793203400
7015128970
8447998561
7762446067
7440887042
7116848307
8403850327
6820265965
8321621701
7481367316
8111412849
5871984841
8201045537
7749619391
7407273554
6045548807
7398309766
8337615259
7036730751
8302320647
450923258
7189207803
7334833838
7402191120
7895615196
6439620654
8166404358
7381988820
7038686812
7192760314
7913751024
6765718227
8025957155
7697957052
8370423713
7020580400
8238504531
7274499849
7683887737
6716094104
7194390248
7017722812
8406439399
8197008082
7068580004
8248419364
8001055458
8426460819
8311345019
7401788969
7837567145
7617323358
7397375951
8251427347
6403265174
6788247389
6765938168
7202835961
7977810063
6326939471
7708197449
476425820
7625493061
8527694134
8037507369
8406381953
8149621397
1683669725
7266953234
7465733609
8223682926
8025167331
8404065783
6625719149
7420136609
8341152423
8295296705
7405544679
7906313825
7472399801
6892640740
7543147474
7860931559
606470129
7878932682
8196758286
6936786097
7440740192
7245399596
7010547086
7470736225
8201469264
7874854162
8483654017
7354544291
8384083298
8074959864
8384818156
8982999396
7366788566
7470308657
1406136073
7355588032
7361005226
7484468840
7908026743
8143126525
1682992786
7128414671
8239810489
7349085606
7912490105
6366983766
7851014046
7672358342
7309645592
8357265086
7182940702
8336931667
6875614273
7324324539
5959845371
6319488329
6844773232
7849400559
6903336713
7710455113
6757065797
7893880838
8267314786
7363029776
7667906339
1556436623
7867119933
7198816361
7758498760
7370832517
8437443691
5839410599
8527250778
1307572322
8397235534
1844157218
7631843965
7977152925
7304623285
7053637361
7567927018
7246116690
7304743669
8470200258
7409495604
8145955778
7164438863
6530662286
8427811131
6009153232
8066230058
7652741479
7323163010
7309762052
7025468590
7279921462
7400194623
7440664001
7078819864
7750537874
6894202437
8470471042
7561439294
7277477164
8013770161
7788856221
6477846663
7362320134
7807454951
7907489558
8383130302
6943713450
6979363097
7938461508
7148992552
7217207950
7456836404
8146069245
7273857418
7237343562
6083976720
7221244483
6481089883
7292685440
7078442539
6920774212
7942712178
8299036112
7634685537
6527516510
7892334116
7607766773
7791162337
7253968523
7627538858
7951857297
7513272298
8197191299
6373953993
7782374860
8030570694
7336645193
7579405808
8405052583
7177666745
6276349109
8205699720
7824091608
7447241550
8292331191
5716477355
6949001916
7882824415
7147873272
6816338073
8152424160
6899339398
7686326260
7094905692
7253674932
8499424546
7137988224
7419101314
8172904394
7089777093
8203190354
7478991855
8587234985
7188351841
7676765865
7006974919
8313340503
1187444875
6833238664
8032890528
8274896762
7175868501
8267166330
7996383981
7003291545
7656888380
7410356165
7845351513
7333316020
7243173633
7333630660
7936509478
8040624750
6895177673
8244269097
6533188550
8334511816
7485976072
7359183994
7402608636
7773709991
6465508206
8429158716
7883496966
5910980514
7370565252
8253288596
7248259662
7302622148
7540221911
7395665766
7453819877
7647937440
8379632599
7130026745
871402137
6958250884
8352130041
8418946454
7780794309
6555203937
6899099079
8292883945
8435803427
7182529797
7978548952
7211554745
7041135691
7283467027
7176309106
7281009912
6777242763
7938753295
1758466672
7147669054
8497155392
7437318995
8315799420
7276343311
7452377675
7024142372
8384159057
7303449496
6914119612
7052762524
7044324359
7195150767
8009270193
7075571546
8173071931
7122738183
7232100718
6584228533
8087710270
6992905207
7137221518
7399599676
833524299
8251225325
8096967536
7886448880
7408852592
6850021970
8258561766
6999483902
8299425516
7588072010
8163429605
6810242708
7615975949
7055076734
8045413903
8556602770
7637732809
8409003199
6311688629
8444054676
7469881031
8030682176
6017214991
6707730116
6907809493
7832269760
7660910240
7466900757
7920779705
7050973823
7147508015
7686494429
8296566185
7230057480
6444260682
7622934018
8157588087
7079423309
7299880513
8318575072
7170768232
5916305832
8322973828
7577264204
8042202475
8436235803
7607336947
7203226073
8481447162
8498144141
7593854171
7019667456
7605705531
7508512155
8281376191
7299743249
7783807423
8046921263
7137882988
8199609361
7791723038
7369273456
8452318263
7966576037
7512044370
7312504838
8388362294
7875182596
7661573093
7330253141
7192039727
7293538685
8271214294
7940599298
7464905610
6996938722
7343281411
7189745461
6773356762
8469444783
8055955844
7619142044
7210400447
7394283343
7984088621
8222740676
8208002001
7297033018
6349887779
8077688593
7856235572
8304039519
6171173446
7339815196
7845296889
8425374003
7416283858
6565464801
7176321157
7032842979
7438985151
8219554236
8060042049
8352104842
6733163711
6435166585
7743610173
7347868732
7313534963
7269287531
6871734891
8188482712
8327307865
7830476048
6994590572
7547389458
7883930304
6751990946
8449261542
643390598
8499719430
7467240792
7671291691
902675330
7761857942
7723729311
7779958295
6381975402
8397685685
7836634489
8062159802
7303006118
7062876068
7651906186
8397127919
7208643001
7406069876
7419238927
8208055803
7572124224
7349510171
7982486158
8010765260
8301136482
7197472877
6608752727
6833528744
8408949550
8218426749
1245014922
6298137686
7804102766
7302692275
7834315024
7395282996
7727139878
7819276801
7986430655
7493323508
8445627757
7969105202
8498401836
7802122432
7028264030
161728024
7221410552
7427475966
6993974355
7696841375
7177358105
8308536670
7289670759
7774726527
6781909043
7561064979
8001314087
7399597827
7736655326
7149254796
7004575287
7117966659
7422490796
8456440735
6327563516
8028196230
6312127779
6763753977
7823878397
6855522316
7011380524
6649691616
7633148365
7439591734
7423054267
7398430212
8481922898
6826793436
8277130807
7831138133
6654436114
7514586405
6436305544
7418822264
7464189253
8436469111
7446026556
7702225825
6761376317
8543515596
6553535165
7819995996
7280521148
6993536080
7369706848
8228820169
8323994881
8161477271
7709334097
7341521066
8406063202
7892854373
8394017777
6330817706
8206063679
855737733
7699851135
7469302030
7809427616
8393812064
7483621438
7155830655
8387274866
7693025631
7880987649
7922273878
6095649095
6995738262
8017010871
6853887861
7813713809
8028726126
7787608761
7407590048
7234912572
7381627718
7796473691
7631465889
7705237399
8264436229
8403149689
7725724585
7470944503
6740637718
8470114944
7712931543
6828439596
7213346802
8300928778
8442648005
7189348749
7991157079
8287100562
8434393356
6377998830
7355827664
8201083507
6755727530
1139039913
6999594838
7262077090
7930442011
736652946
6398737436
8645248871
7246459651
7343475080
7225539614
7608518221
8284102635
8055791646
8374297885
8362289195
7685807601
7025082400
7915946871
8460002653
7380458944
7332978062
7955288410
7305817852
7437777393
7926320881
7125274763
7040078472
7362709141
6526080778
7350318025
7050337302
6993661035
8295902927
239247513
7326560478
7245363131
8456614905
6475071290
7217013631
8424055694
7826447925
7738603520
6379270331
7880489265
7031467742
8325461503
6622162926
6994326703
7861730104
89504187
6598890982
6173751401
7813810492
6054264064
8073438486
8466069468
6689167420
6440387148
8213809800
7982198028
8312983947
7451337957
6977529870
7500677013
8209948949
7581029233
7514041593
7251630177
7322433651
7052381100
6262825764
8034082706
6871666704
7799810712
7038236472
7833549178
7209195321
8373460183
7879962793
8479486201
7390495349
6309214093
7357514863
6891283587
6965785941
7681445488
8092067429
8204571810
7801528380
7092527185
7538812851
7940952037
7496204659
7120430003
8483330927
7453547887
7113396748
7449776260
8309788837
6974617252
6985563957
7159128599
7143882486
7937925522
7016466361
7121747697
6983242789
848012809
5795514828
7006139043
7199762334
8208635668
8597147721
7124904981
7031753943
8395166552
8149060157
242076019
6764186312
7092476183
8315231806
8321702970
1564672228
7383088694
7260786123
7035114192
8388067936
7206270375
7885586370
7040079658
7848129852
6926502193
7593587782
1506448257
7275393902
7055997622
7199036364
7689204116
8596948816
6657687222
7325949276
7564110028
6845891967
7760277385
5519337014
8042538274
7053247298
8055686752
7516376945
7471811143
8009453725
6744642752
7204423561
7113238229
7493078258
6592397232
7723959301
7526641144
7401929957
7285729475
7820201798
6380360367
8236772583
7089091113
934197268
8005026991
7645272831
8249549003
7207672232
6166612666
7375355118
7412988721
8214857014
8066671712
7622249778
7329865954
8117443347
7552090954
7282500437
8465639332
8572805545
7294381959
7006875674
7886710189
7463607564
8304283243
7540650489
7470101610
8341931340
7323642745
7309051943
8020394955
8392355821
6991313483
8459456447
7967964145
8410424498
8435784979
7466112005
7237335351
8269069188
7152594893
6515100342
8265443371
7743911250
6376838357
7479546321
6537011580
7908965073
7008114122
7988702788
7361560404
7205931619
7103250709
8189876491
7684220799
7329841261
8243485944
7800560148
7539294934
6799383928
7634071213
5583488919
7634499036
7877815951
7055973009
8119071553
7162457055
7722072121
7647435544
6731845064
8542031987
7688443145
6671106541
7378478707
6733969897
8330142496
8246759049
7110332839
7479146469
7162814916
7316399663
7042789845
7842852494
7666932424
8440930968
7361786811
8238946647
7898790973
8098166282
7255157652
6835907339
7445451815
8275860448
7651898243
8265337688
6858752615
7223261898
7154150573
8273644448
8076214786
7902210097
8403120224
7968173157
7473331912
7833858760
7934229864
7078945020
8150716337
7826608571
7904657492
8495481871
7596840703
7127405970
7172431935
8592184498
7434380532
6918204107
7327823827
7302852111
7945041776
6933987343
7443843923
7303856004
8358724620
6774650380
604135887
7739355677
8543407641
8330168011
8291763952
7492969263
8276266511
6322776368
8191930915
8158377333
7430328811
8276099890
7534465173
8245376119
7729377721
6473307321
6674352440
8318236793
7005414444
7207263006
8314679808
7189723930
7925137561
6251445188
7991117716
7436827715
7238070766
8028878263
6912535991
7485872092
7567931160
7910706836
6565244680
8450344167
7411090910
7717640469
6752617184
745403143
8318115047
7698920540
7254118617
7084527659
7033413025
8299882363
7330668484
7174533405
6933509046
7119725790
6601964020
7498385696
7201716876
8367665075
8229145746
7309867888
7362107236
7773402888
7517490081
7667278859
7062420980
6859692486
7517324692
7361163315
7343429402
8265645692
7473375161
7325053760
6925769267
6663489964
5972568585
8405372827
7841307293
8461776809
6979152576
7361859867
6438470651
1705489403
7208373305
8224824734
6994167558
7486504913
7298039785
8025613244
6795288387
7299851634
7473441255
7328513806
6955012007
6466357991
5815079164
7197457551
7766073643
7241953622
7570091033
7304514877
6490382188
8169515249
6442238374
8407267521
7880189698
8106711045
7156339291
8497705523
7505311565
7397912699
6968269383
6604880656
6895453604
7422834225
8329861053
5991540132
8044404249
8812881530
2021717789
8060682715
8270927388
6903533697
8066834882
8119912902
8423517797
7672287709
7412420344
7921018803
6743928868
7851063888
7006792325
2001486451
7955789296
7196416763
8261643897
8205268588
1700754230
7776751116
6800439218
8112566054
8098135433
7537843752
7475553629
7444414189
7488993491
8044505057
8057026389
8059744766
7718130993
7223541023
7222246572
8253089578
6813049700
7327879638
8230866573
7620879421
6596734258
7746815280
7248901757
7307660218
8505796092
8441096906
8338700869
8429793932
7258855001
7228055137
7320846530
8384644098
7820900733
8319275086
8481857798
7165703199
7115525716
8192909580
7119488928
8216321594
8316487884
7048167410
7753281909
7409349073
7255494583
7277213807
7964020370
7113448728
7124687141
8561317781
7659415530
8355596255
6339591009
7217123896
7939386586
6629770772
7051868581
7820416508
8295548792
7542514011
8313649288
7665875619
8415930527
7233673717
8367444841
8302426209
7105006443
7539273930
7281920016
7319177415
7386354579
7455077957
7276345430
6983125015
7419705080
7039728764
8285592064
8167644754
6468702126
8350929419
7680047707
8259783074
6350072771
7003347732
8216044532
7040811991
785490634
6834464310
8341437891
7151184051
7606649085
7403065817
6997180454
7247654922
7843552642
7069221027
6576488116
7734912443
7117738255
7201846564
7172254416
8037853620
7386560073
7640155034
6895511389
8548084045
7291011967
7006947317
7879319588
7228172456
7282080815
8355313600
8373633520
7827341818
7455371045
8346429590
8137822918
7447489198
8395399524
7176963406
7493680092
1643505035
6782620641
6718096632
7272556227
7164493455
7456263088
7419774320
7046805912
6350416506
7417221712
7067009266
8297933246
8030325545
7067080921
7000149322
6337355912
7808740291
7562956129
7227011383
8319209279
8445103915
1857871430
7432199355
6896576108
7430023273
8400649598
7491256891
7152533581
8475571192
7946114729
7199783777
8246662662
7127658249
8269087887
7843451862
7862799617
8481186202
8170594296
7218953698
8403120921
7126384871
7278706377
8415844792
6284265671
7262279297
7411036180
6860839140
7055988412
7221223303
8413569841
7492341420
7809312145
7108539804
8386166878
7277379015
8738948832
7846871534
6766925212
7298015094
7268680304
6913555061
7969869528
6384307160
6781098050
7652184772
6475109739
8414736376
7835498120
7368195952
7493802163
8479070206
8447290998
8234743288
6882212444
8108203807
8370362043
8329819647
7198151161
5130218514
7384740580
7828597863
767027003
7269412003
7080052185
7395490540
7856076796
7281239796
7840578624
8450331504
7290326312
7431576071
7205797075
7497608802
7137699984
6528761316
8509979761
6830312140
7184508988
6862926758
8375969587
6934503324
6599622283
7382353849
7301816084
7600794035
1308291464
8443810802
7297610218
7769745842
6750279868
7328156661
8341734697
7325663321
7507385819
8244547110
7007514393
8024665821
8485810778
7017019178
8022463355
7594860054
7539031691
8066301916
6759505325
7001321509
8495199283
8231201719
6729011464
7546780438
8378905365
8410420113
6476679401
7646391779
6705050433
5356816275
7666418344
8170300054
7027117972
6836665177
8472983874
7274653728
7199548497
8592244206
7399414843
7023773492
8301172814
7371098763
8045845006
7111409300
7490720631
7201974544
7417295355
6900915183
7120936786
7414453915
8082088231
8338358839
8049898891
7911419473
6289424432
7576924947
7046165502
7586467634
7994092915
2136804852
7002729331
7882346026
8268329695
7208841804
7390867755
7416818846
7004986524
8282579546
8082555065
6570035074
7777820609
6789553561
8039591429
5054170661
8172078713
6929551556
1561591772
7293456402
7530317689
8132421296
8187831340
8284832314
7208315017
1316362927
8071548906
7370400016
7232633652
6420117893
7286582268
6256767830
7055612544
7296313180
5384530965
7731873359
6593433220
7401851337
1120100012
7667391758
6800659715
7601428713
7994087121
8015182020
7917301469
7428310559
7428090650
7498181178
8544586277
7226420970
7330824019
8200113780
6872252117
7060405488
7253472825
7178398964
8087657388
7721398715
7667115526
7628951995
7327839343
7722658801
6425309678
7911096369
7346267432
7239453828
6847747912
7245053544
7702927652
6314200202
8480820562
7536251569
6966579078
8289526892
6932238108
8424858807
7035916395
7868216951
7448534394
8402407777
7347233760
7473768451
7777246101
8068392374
7835731982
7143986864
6762294193
8287254684
7361856060
7336850275
7181320389
7961970012
6422820849
7355892724
8360538159
7229361746
8029672035
8061986807
7528396154
7572828670
6220502293
7113001167
1626376680
6642589802
7218906079
7497881047
8420739324
7102748143
6855771007
7877197843
7261907312
7281471267
8155712399
7745500441
8433021357
7200119457
5180894922
7259171278
8008345904
6911943660
7310503619
7387923947
7474520269
7175444447
8221002992
7122376294
7390891767
6797653899
7291839205
1368655609
7388610728
7268530551
7217753795
6837560683
7031610046
7417463038
6473960078
8121660753
8097257558
8107024393
7496415508
6501176262
8052111292
8419720119
7179100909
7792366721
7666729760
8090586843
7937735659
8472956160
5636080526
6088755916
7035380469
7217384174
7814662816
8482994901
8444736671
8446463213
8460031872
7265263193
7844813723
7223773717
787999514
7232373966
7381198705
7381870212
7251959726
7226509448
6967224583
7361094806
6636912515
7573095512
8279935764
7556357295
7008458926
7361402394
8017041909
8324141007
7671457556
8071077276
7001211859
7389408314
7981483540
5588787839
1636966273
7390542717
7684302519
7260495518
8462519824
7160039511
6961604024
7935074841
8314984612
7322079796
7740406985
7317349143
8141007111
7650791518
8399391947
7164633416
7230194866
7519897275
8076878265
7535331554
7427906775
116393531
6325414287
8345106584
7915779425
5728976192
7394708380
6998299022
8100453729
7030641530
7367502528
7613314094
7899254790
7204249329
7233952128
7758830808
8102619363
7690038631
7456050137
8332163950
7422735775
8491680261
7129006386
7673975726
1706962578
7065079669
8431921938
7831085390
7607324528
7641198385
7552369553
8456605330
8250858005
7379842599
7247551477
7116843924
7273363190
6836792834
7181219779
7332069795
8193859529
8291028499
7745162514
8089547222
7577993282
7209568862
7467820321
8465693441
7451238126
8090755399
8078982731
6884627773
6990467962
8347263496
7925240554
7522381051
8369090505
7115575111
6829256272
7280822514
8268739648
8358939897
8259671681
6821158333
8083120583
8388839073
6112588547
7008750290
6592414904
6685718537
7603621092
7004074831
7173971709
8064370409
7599135756
6872721160
7342445343
7097426181
7114601795
8229950539
7190201902
7005324644
7126630313
7246464865
8399497440
7710210051
7231872715
7254649024
7460164675
7636806074
7264487370
8457129709
6889253749
8031252452
6676956039
7282630982
6588882205
7142460495
8081682340
6931954880
7301710882
7065628400
6840022701
8016046817
7361409745
6371953076
7219149170
8017920618
7638325818
8262093433
7569729374
6762807985
7312197083
6762797883
8192525868
8252682110
7499537943
7214614801
7341183664
7270243144
7698485371
7338407091
5112275824
7821387723
6734925640
8201404904
7254185147
7673844677
8342755656
7462175698
8350732505
7241434478
8209959788
7011528714
6904495733
7494806675
7524422102
7078375336
7477390814
7128998673
6599779339
8244582269
6485689214
7827371651
7320052726
8216981784
7688290563
8325904177
7769878419
8479121539
7637852546
7012244685
7415655819
8343042625
7187037273
7519028918
7254663605
7452678761
7063642309
7099881725
6824363599
7330541463
7948329229
7489990435
7044922901
8059518973
7272453146
7151430788
7942459618
8425915534
8472287496
7629536414
6870354241
7336337732
7484838833
7468173549
6550315058
7680166856
7238978288
295614432
7351947456
7083066415
5370810654
1133409769
6702971045
6357055178
7712529434
7315827737
7094137129
7620327248
7207937668
7560360
7546204322
7341370769
7488231531
944831537
8215551128
7301196472
8228308625
7245152374
7757071438
7554687384
8452552715
8071738558
7465005705
7472058538
7087769160
7270951415
7274512907
6710366382
8572176326
7382631497
8369941807
8461076712
8409819195
7296010144
7621161513
7039864017
7514321485
7521631909
6992383179
7435543640
8876873063
7193310276
7261990790
7643740054
7673072526
8483611115
8420808743
7939399479
8304176775
7312251826
1532571565
8107957858
7844102010
8231742123
7272508030
8286332664
7945735768
7185990944
7236305741
7004632328
7419328246
8418450236
7297978278
8382540721
7931131567
6604767168
7405433472
7104300331
6391425117
8096677507
8295854890
7168959096
6605422709
7526795770
7007805070
8440781217
7387320191
7421580540
7231471443
8469873036
6583412577
7297284285
7939395539
6884815917
7410823072
7347287255
7687057153
7496666165
6973343326
7521696832
7223885811
8039686983
8291723275
7879533301
8492244518
7023275144
7457808775
7403021030
7684037573
6913299834
6677221783
7817536914
7484600508
7465052597
7169640167
7443987401
7868773332
6621475450
6107948082
7942327359
7671418889
7173644276
7677289862
7657969871
7437116537
7921379466
7123073014
7672001693
8017715914
6868938106
8242832128
7233901119
8583558977
8237562287
7018959896
8528055179
7363142183
7457486360
7519742411
7366894452
7224543722
7947162900
7246747244
7819421202
6824816575
7798585997
8319189692
7010167815
7157510686
1420830130
6973398907
6758525599
7344554723
8376833251
7560908833
5776737105
7758958200
6508540986
7302313819
8460919239
7972109630
8507796081
8090988448
6729189986
8464570471
7161190907
7252583535
7418951392
7215061167
7815551328
6770352861
7311084686
7857706381
7868973644
7924454584
7635649027
6803986715
8196777493
6485383007
7556181958
7778077469
7055005391
7046800918
7192916193
7235583519
7048648732
6870692258
8307793235
8579426223
8309216198
7927136702
7494712066
7420479006
7702913956
7544894051
6942719539
7522171494
7477715699
6479506764
7908078212
8362869218
6238077361
8541310367
5804176877
7236247780
2054666800
8368210833
8589215448
6955137063
7750886213
7670322761
7612107188
6557128121
8222864640
8361661477
6335362525
7616368888
8345646063
8140499984
6734243053
6608619704
7231029109
7148435001
6955109291
7242245507
7049885983
8224152481
7302789270
7112290220
7253749252
7444891544
6772028531
7852297413
8025173094
7139688363
8429988619
6220365006
7121326878
7395767824
7334300202
7509729565
6725590973
6681477458
7633517789
8366623875
7303251035
8256877460
7176053304
7079542134
8499537868
8318520194
5834801571
7445652257
8531659716
7184568697
6533483060
8328590956
7310430833
7233190377
8471616429
7927090871
6996496897
7796323403
7269058635
7219899010
8066491412
8174282602
7841416210
8343217669
7278333102
8106295385
7626299289
7070016276
7225434661
6766015069
7055025031
7901271263
7253280375
7273671692
7141415145
1530610101
6432122390
8104063193
1860825924
7341486357
7018523213
8339366385
7326400050
7120997696
8305933198
7440368783
8434041322
7747523378
7367934443
7840221737
6770913996
7526833458
7355047689
7266978211
7475284465
7391364504
7772949807
8319304917
7053445529
7413396050
7917849159
7061259802
7748106663
7289744778
7417660603
8195804771
7235966459
7446299274
8321785608
7456219126
7528833805
7893725617
8264736333
8142409651
7469780890
7370111044
7292633146
7525386495
8327993819
8054294386
7483968670
7948790149
7059381794
7358128067
8262986643
8344759627
7320335360
7831626872
7235698720
6160397186
7672589132
2126381919
7367917597
7706780764
7137428536
7695787471
6032385876
7423262882
7900667559
7464256516
6092257267
7222633141
8485571912
7158073387
8461532933
7317473266
8428999249
7494913431
7066614819
7004542996
5164233889
7338538564
7381990405
7080035248
7004307592
8061659455
8182957071
7597284364
7663687015
6483925433
7987038952
7883796301
7219745822
7375747520
7910883531
7200138834
7330104261
7422027420
8059837891
7116375122
7204186862
7279880882
8208150932
8385674879
7713844193
7336675117
5394210577
5433834919
7751245852
7350405293
8261993678
6219648654
8429573113
5845660522
8215386724
6671955148
7998839241
8506196357
8476101675
7445454513
8457135601
7426768891
7508488083
8283241156
7394579874
7229045942
8182561984
7828720265
6742940071
1241845410
7995368335
7942850644
6340655347
8126376153
8212210103
7086320141
8095170897
556724225
7386271158
8382849330
7477756749
6421360107
7464826828
7608888276
7477582464
7384543262
6716202863
7211241660
7395068179
5139687243
6594849115
7872384495
7400611660
7945969921
5001936348
7332371770
8475023937
7167871711
7557251520
8328004347
7461435926
7209209837
7347637480
7177000564
8467350764
8185886491
7343850214
7219631311
8451294487
7514667225
7836886052
7528781624
6254776809
7043062713
7433688068
7333931849
8085882222
7181521349
7375676175
8303280253
6421127783
7180334084
6923725395
6999732303
7286804206
7175180467
8222647692
7872252511
7854030060
8325852811
6999990842
7471455215
2109004913
6996212772
7592118911
7703423533
8268185904
7247807123
8254693442
5322878650
7418913788
6865934836
7468809484
7524379430
7411237136
8407078969
7182368136
8404336933
8396557720
7644545294
7185568279
7857173818
7046988415
7836423323
5275776044
7638222453
7164267245
7402882698
8068131846
6972327924
7737631601
8309824926
8321809958
8224926699
7696655109
1662234561
7344277605
8465648179
7481812764
8373215876
7733553195
7878887343
7014829687
7957381039
8208223784
7146594825
6661894107
7253814192
7604571180
8455184491
7684227997
7395812492
8425363986
7206140891
1659734649
6777010993
7652963138
8416776375
8241849892
1859678451
7326837896
6636900299
7567960900
7237609872
7092716501
7503208500
8119222252
7435877785
7528888069
8216623268
8482433360
7242680886
7976373408
7480085774
7953055997
7116185028
7180963528
6987138791
7767777794
7229414067
8212356489
8241310137
7370120530
8481708188
8455070870
7677952871
7367519882
7986431805
7930532588
7013415320
8314997322
7176105394
8201778126
8281516132
7236627498
6880241647
6758826220
8043857627
6556690143
8242928568
7346579622
7251714226
7746931990
7229534009
7262352682
8085258889
7511302255
7170266214
8436401825
8309502239
7285418868
8166992743
6678640381
8114206626
7211234510
6990123515
8186771348
7501272834
7404372676
7637527021
7592012562
7493160237
8482336634
7647170896
6962289096
8038902581
6303315093
8433686192
7397431134
8139580923
7243949827
8351099380
6769783002
8220321665
8366156671
8386022046
8165585840
7778627374
7263923137
7462877440
7310788487
7857851168
8317198554
7535611048
7282239912
7174874021
6477413232
7703573603
6962181901
7197350131
7110601095
7210534667
7058148104
7021909773
7031765999
7107022859
7047003724
7374967188
7322890638
7682911835
8572107209
8122291830
7334935463
8141432711
8654933509
6402323396
6786299822
7852787763
8363642901
7789872176
6637860258
7530479862
7443816635
7422951923
7713219697
8086084853
6598471893
6924845964
6726609991
7211320856
8169343530
7828298568
7872763150
6847201951
7739375812
7343758304
6995912003
7483665901
7368511378
7575175005
7595307068
7618244039
6844780790
7344115941
8361464422
8263506631
8150447888
6880766123
7102325309
7477183625
7654212774
6094866399
5223823095
7394257074
6806457535
7597248062
5320245524
6594144149
7314622343
7098971441
7343361846
1802857039
7795026845
7730984514
7980010436
7791257817
7453579587
8174476091
7312770513
7422480202
7579893825
8260292546
7242670043
7721651867
8167340425
7058345169
6727733247
7972236255
8344337493
8216335888
7092183999
7537536652
6944306778
7340696873
7240934177
8320707311
7258195193
7676402525
7522037218
8172673972
7508698067
6507939820
7981298973
7498431049
7729204382
8312432086
8151486783
8242657032
8328021735
1268084140
8268738853
6957593693
6960268238
8105091746
1623600060
7788671025
7100610252
6925406300
7303761996
8429623412
7341227219
7848668661
7916347001
8322997757
8272178351
7976596058
6366312262
5315575843
7280151383
613022220
7044174638
6933293077
7041219924
7961429118
8253494465
7014444978
7204634858
7465737030
7378296560
6956862818
6344375135
6559651359
7322178278
7433271590
7729962139
7556350930
8037175534
8223502564
8462005627
7950604660
7374096091
7421569802
6165955044
6662418373
7934780420
7041153852
7646306844
8170982690
7088270465
7453318260
6369304869
7156315281
8354239504
7099023257
7011738536
8276043363
7299163548
8313556015
7490232440
7631837491
5111158421
8003895674
7325173465
7600744625
8341549043
7852448641
6780317275
7319751936
8335479109
7231907235
7717350479
7150006218
8492354058
5084879367
8443696868
7727541286
7760176583
7261307489
7704751031
7364678046
7852204448
8232047295
7014472944
7196822513
7267924143
7308389207
7319797318
8493431451
8513674022
8010982303
7571143434
8471222815
7703428384
7202840490
8253504477
7075494068
6337678178
6454475717
7467822012
7228394019
7203606382
7903775345
6296441985
8170599018
7928466931
8564505904
7305810882
7333081699
8290890309
8372936781
8051427012
7611074129
7258137514
7356394815
8517064963
7459754690
8369183131
7807189329
5924980706
8379488947
7363260942
7297702881
7299781200
7303596470
7381044882
7166395738
8479629982
7520133106
7764090582
8371290926
6844034768
8358288800
7271826769
6790556940
7509838943
6813472520
7911620740
7785852053
7986111400
6778410341
7166933882
7244307286
7896810727
7653892594
7329934094
7252952560
7847461644
8071673830
8306849628
8029449931
7019011910
7485412809
8520212652
7066164665
6992082799
7749838397
7343401745
7037416747
7532360289
7119208196
8284334775
7112733821
1387076790
8180203103
6868563301
7240774639
7659038889
7549838776
7939409278
7180752885
6617784942
7658786847
7474768970
7259302821
8383071490
7291721456
5973568439
7913335681
6559475952
8281952714
6116203936
8459526303
8181500550
7481859989
7374530626
7269977776
7191980911
7320300497
5805852669
7096972328
7904531734
7472650897
8112999335
6551257580
7390713972
6969435098
7128810344
7452244722
7452621751
7903324652
7091035327
1629024128
7217444398
7318417110
7763240641
7205459301
7369993612
8040549165
7273600275
6860021897
7348749389
7379628620
8184249062
7399204988
7591940862
6765058777
7170251157
8169232671
7681820547
6827846162
6752790184
7264087635
8039371229
8291011717
7329520797
7746205079
6811691493
7178477540
7002575064
8342379928
8182059317
2011439882
8355938071
7403630511
7141054096
7321169285
7870000336
7310368457
7044860674
7069494958
7399339226
1548900515
7688691933
6205493704
402056142
7226645943
7014755295
7863473746
8149521818
6922662177
8022998353
7045121434
7621917162
8501355985
6786138293
7677855595
6962132537
6747969506
7270045508
7435436354
6457154554
6972434536
5060253788
8026551481
6997511521
6971408931
8415724457
8176899178
5108208818
7892600135
8462481740
7623831032
7258438847
7730695525
8545841354
7964108564
7447757724
7198196058
8384933295
8412625594
8188918216
7585050843
8474666289
8342847398
1886086654
7239369958
6682464296
6339752132
7146801964
7061862844
7157088331
8373363264
6929283041
993359093
8563221906
8304313610
8187339034
7021777671
8177612689
7719507793
8408743837
7727469785
7393173894
6928197715
6623583603
8477127508
6841924581
7334298715
7249381019
6717181935
8339454705
6790425389
6731879573
7441422514
6730866174
8355935482
6636651497
6367674959
7555817203
7908287984
7948493006
7170343644
8025518527
7056003334
7266193126
8402331303
7831666213
7314712395
6742925326
8470478851
7181446875
7311045683
7594551971
7318534159
7693427954
7152641842
7457526317
8269564473
8391300927
6986453113
8380743030
8421637400
6818619585
7066530877
7001586059
8039118965
7818604824
7346815512
7602101265
7024548144
8263507648
8379254782
6862073388
6992279223
7628601022
6936303540
7464087844
7350445927
1799833862
8396825957
856208904
7857677914
8286066737
7888092877
7042053577
5872007717
7807771763
7828915234
6511026509
7252064732
7857888997
7958130930
7101920857
7422072329
7312044916
7428261804
7032730279
8409978214
7332488788
6864318360
7066574051
7849493375
8059535252
7430736500
8310523197
8317998284
7129421971
8061340256
8499284680
7114439458
8012197208
8077148045
5804484765
8370264435
8480445379
6686954447
7017394672
7408957909
8302121428
7913774580
7326419020
7313786505
8310129399
8457200084
7477798437
7207915812
6478536558
7017092039
7671020990
6689817501
7337760638
7695876879
7394537136
7077836685
8111677535
7888436279
6966387390
6966640347
7462777630
6978154670
6406516067
8296797344
493480437
6422382715
6857858173
7175976529
8228986547
8417244226
6609096287
7749330839
8134502638
7103468006
7979115066
7141608963
7966821589
6736931784
6505167557
7806071901
7699318093
8136780946
7718401040
7475577621
8239622710
6432221943
7041070064
7455951164
8415613659
5873182385
7539563724
7462396314
7385897172
7458969229
6671108259
7189794569
7269412062
7360216964
7696456206
8238319245
7330108413
7744329432
8561851261
7059797379
7666991063
7334288432
7873900280
7466584534
8388315924
7199540120
6829219946
7385181875
7215529142
7739150175
7732925329
7238422011
6981175587
7339872096
7616523585
6275738240
8398214706
7804731148
7363341834
6448759432
1852638038
7163188532
6897872274
7215640925
7390142867
7254573900
7869142616
7553592702
8380696964
8421235962
7042212610
7014480466
7461774712
8394935530
7378673414
7308008235
7236255018
8174556987
7900350615
7474700552
7794667864
8275266558
7045827917
1362940560
7285074501
7120894025
7660696270
7825074047
7431803493
8735070978
8450961267
7015282860
7951674636
6743738177
7090036024
7422935521
6265802205
7224058021
152098230
7451434819
7464215755
6948189964
261287032
7633609304
550977988
7993012386
7318997736
7313152150
8362017962
799685558
8209670645
8204787097
6782830980
6615357748
8465832166
7996815133
7363032322
7372934697
7876364687
8028080751
7659035865
7195797291
7576982412
7332704853
7031761431
7900461854
7832161150
6275536124
7058742738
6700804412
7364316117
6812194179
8429891345
7463433337
5408909718
304302396
6715043492
7312890825
7169257024
6898144729
8221239692
7385026778
7982894190
7060252840
8366366088
8127195096
8227348948
8011486266
6634627364
7367068197
8213639393
8085122010
7150659638
8378407964
7119998547
8092238420
1357738034
7274183564
7444270654
7174432193
6979667001
8441945261
7956685210
7384876014
8400654751
7548115803
8345997850
8381752902
7427978776
7308075333
8482681190
8130436919
7013767342
8152722156
7463669525
6856344356
8281515642
8352959897
7325002758
6887090233
7380522516
6891946023
7877210231
7491547514
7256910152
8358114302
7512776394
8522565683
8321186756
7916692626
7618727634
7325819287
8195322600
6491961375
7425186733
6371315436
8170941997
7683990722
8468709996
1779059701
1221356678
7250104611
7240995218
7089576741
8461862658
7633440082
6507172323
7334929778
8496612642
7470504496
8022070620
7112732542
6989964486
7718874384
7614425325
7148470940
7053565960
6862696359
8461312537
6936759362
7036506893
7063064404
7418997701
7017841903
8531444649
8068268230
7408087696
8264330210
7005964644
7771697960
7530997535
7500849079
7667260703
1945405468
7080149866
7609253335
8117202660
7050977032
7247495326
6814238369
8476419466
6458875864
7196987820
7242276884
6786385324
8497642706
7256312626
7416802367
8399879825
6452387840
7709616592
7559164242
7180841791
7771917519
7582851009
8287889996
7533791471
7151856840
7187173827
7083791110
7119313938
7445620941
6936316832
7086498264
7138294898
7479212652
7971979210
7301924696
6638978702
8151701966
8311163528
8452927168
7473155883
7353772633
8168968464
8225519864
8406120592
7831672504
7267194199
6652174316
7580431757
7520569389
8426506785
8539712652
8298748569
8242440308
7004338158
7751568860
7517294191
7560316830
6281641096
8208118947
6716323190
7273802404
7679028058
7336711953
6697760877
8457191108
7264310099
7878373089
8242655283
7443985313
7268754561
6642308564
8139574850
7763432407
8587131022
8408066965
8353604201
7092377091
7492768198
7458138168
7538138742
8401204700
6965567820
7760563994
6969343907
7832597338
7128839868
8390590357
7913233412
7377301009
8253767904
7249893026
8286100028
8838289547
8057443532
7333579479
7171196946
8450794964
7755218972
7354765212
7705826288
5559474753
7939671187
6833092487
8235736357
6924744901
7235706009
7513768467
7158920281
7408849135
8549168498
7322400685
8052640518
7924458011
7672379644
7587276354
8196418378
7004710038
7884889873
7429125938
7778932189
7433921678
7042021995
7500400297
7415804767
7313143866
7862475894
7103442935
8532863089
7270129665
1849923392
7813567536
8776046745
7410257357
5581911897
7821736684
7033671696
7980402111
6652177577
6525151881
7638216773
7835893916
7580923195
8401727021
7174328551
8070618014
7485223594
7234167924
7176722676
7533498296
7369438019
8330308623
7409888148
8385656915
8121782684
8040172588
7833370173
7315176795
7023714949
6604553934
8435841127
6993890171
8298654283
7965563583
6873929891
6672673375
8361233856
7208329676
299485666
7293508010
7218668167
6812705694
8547471094
6674761188
8523280962
6971230029
7308626248
6880980452
7627093071
7759106859
8498777329
6975171302
6565198036
7830867335
8345784167
8195904033
7525156430
7100729312
8118146904
7526496446
7662512083
7403130511
7194143374
7431017730
7153357311
7408176078
7277193429
7130516583
7117519818
6711269117
1424906777
8355945282
7741336985
6324399129
7183462885
6992059945
8212968130
7839966028
6538680138
7462082976
8433062655
8476745758
7408299965
7396948533
6988029033
5521065217
6363774762
7055779290
8086717522
7096709504
7712031221
7162390458
7084360675
7286766876
7371065626
6443054273
8399071625
7213741865
7434230791
7747577136
8056283749
8428704569
7623532277
8299961553
7117134858
8462794633
7516579815
8362230362
8565494626
7773073255
7404635570
8227635181
6701110708
7105655740
7632831668
6493483014
7445486005
6663097646
1712994945
7937652757
7097505880
6247339187
7306506639
7737441542
8074638334
8246238120
7678562429
7457333076
8213585065
6900224322
8043899800
7007447923
7139168106
7375472360
6811440924
7368262896
8165314311
7175243103
7227384890
7215595223
8368244546
7578452957
966775886
7189665459
7209064635
7860628825
7211217333
7893477447
7035257398
7212039269
7469641582
7204998774
7239636959
7496454192
7187411160
7311504042
7434331994
8120354671
7635500543
8151193405
6779191779
8246142942
8295451119
7011634974
8404570508
7906485796
8443735592
6925765847
7244620661
8132515275
7323335444
7498720433
8149007168
6522176785
8363497091
5142182782
7092081705
6689016689
6655236161
8162427960
8370490961
287902241
7341389439
7326487939
7608910112
6657215275
7697899443
7437288245
7516838645
7870020671
8253081364
7071700813
8113101551
8215067291
6629969779
6957148269
8030571153
7254731716
7811062013
8441660565
7133409335
7339072562
6837527655
7461940293
7220834248
6465062680
8487383143
7827051941
8493372239
7473230396
8218051010
7162153494
7763426171
7165611121
6168490916
7825640629
7353588074
7506943187
7020035145
7583000220
8454645008
8433393489
8145678005
6729470253
7208131442
7702484210
7275644630
7393074132
7994277719
7128442586
7358584348
7163189727
7391385274
8191544730
7159276430
7423889072
7941310020
6380129677
8437671443
6763796012
7226078889
8283475388
7497011015
6838422375
7924591287
7048367073
7960811591
6981096221
8359799456
7064156442
7066127940
6492548309
8029181192
7785309838
7641633490
7465606543
7349732047
8390183642
8426195554
7177578801
8392134278
7336719550
7267767922
8019693002
7846060172
6352208692
7108526393
7308146547
7141403008
8442232057
7066787533
7503365832
8057436908
1089645459
8143629378
7188068616
8116713374
7091081144
8332437787
7117145097
6909012202
8109039759
7251292578
6921601759
8464798742
8082933162
7185161550
7043244590
7800376438
8690623727
7251650889
8537328958
8362287187
7306176676
7996943380
7717671102
8299933934
7021841682
6680402629
5113302912
8040735964
8241467260
7358262807
7852669326
6334336118
7798433987
8060916408
7476030083
7116326748
7297957864
8095770368
7138667855
6308328792
7984771417
7158022086
7271254794
8086962873
7221976391
8437229163
6741194466
8072539448
6729213751
7178713216
1135825811
7995369126
7886715342
8073446323
7196567657
8158301898
6609687494
7177565950
8323854890
7500068983
7060878611
7246251030
8307788984
7432947408
8506136095
1329766645
8269574287
6392048073
7819510346
7144927234
7409464342
8275713326
7808668717
8352406781
6965294260
8393858002
7152454948
7753638679
8003105326
6915869743
5999911083
7276450518
7650710640
6888926553
8192295166
8255100805
8439467121
8302628335
6082550312
7786199905
6594109704
6995965509
8391081584
6238869657
5826322683
7845024878
7803149871
8354631786
7211397677
7862576909
8327031229
8144975575
8027405426
7851019104
5219610816
8068017934
8417303402
7844950537
7710338019
8222981608
7846179711
7864403098
8054408843
7345656391
7001793205
7753794610
7753114757
7471083469
6916166938
7358076913
8435026867
7044633852
6890187802
8262646857
6606112649
7186885365
6330746002
7099629685
8451520680
6841690019
8522984320
8415163490
7333673442
8448404499
7534307637
7430857595
8209706766
5493079718
5504616381
7721100843
7725320066
7857354943
7589794598
361486431
8089286981
7157612964
7104341740
7271728461
7341952219
7164948638
7404099378
27573777
7165927856
7924734959
6636538542
7403714880
8090253906
8048581562
7101847631
6622360716
8302764480
7234431691
6851366701
8248920918
7456357888
6755075713
7497660156
6912501551
7008558715
7362860534
6590854027
8483925561
7420399901
8597289274
7601303984
7316553380
7638138903
7633470810
6892998426
7712245162
8403295332
8414379530
8122137480
5446286813
7323545776
7845899330
7954194957
7676077580
7444331423
7993934153
7525822543
6903442398
7217718527
7306420761
6223981503
7322435154
7615550353
8310646682
8414644972
7962434206
7071030461
7423962636
8481054369
8017552603
7126930955
7221011560
7001183621
1742541540
7398054045
8345175320
7398694124
6952759969
8497496593
7890001149
8280803088
7153504012
8489976910
7402267431
7746577190
7399958727
8219022908
6968121577
8462309144
6515248836
7116546462
7119548107
7147711180
6696399166
7408122168
7277275234
7041562299
7481289250
7373362678
7365546318
6890855890
8392561153
692098257
7384535978
7829381670
7002808832
7087688188
8216989140
8326153822
7363701632
7099540303
8125563348
8118164779
7677250978
7850029439
7334202786
8094753617
6820338100
7514697058
7188740725
8536585333
7498268665
8579797615
6451575782
7726208436
926017997
7867026858
5714526555
7256638964
7670071424
7376629308
8345487879
8436913809
6845572222
7443102549
8008921873
8055857657
8494438737
7675089947
8322367756
7357249441
8450898619
7621517239
6387292991
7151944269
8473163525
7284623757
7314795440
8447128880
7217597602
7669223735
7406902510
7287125888
8359148468
7393569927
6998668973
8353779454
7430719225
7175900085
6825255354
8334129882
7195141269
652740133
7135963561
8321530781
7935896126
7337670676
8325759766
7115432989
8135387771
7192211596
6595390914
7701403756
7623230983
7366084062
7044735057
7326805293
7915650827
7653809096
7481054932
8544347309
7293649722
7961647662
7548153289
8275298566
7264640053
8071824447
6603379203
8220936720
7255494780
7738869783
6717099210
6846090861
8393345494
7390662576
8510512516
8431106676
7719811069
7415962649
7484672969
7194519134
7695514317
7242768672
8327983005
8031290427
8235486671
7202374090
7232296597
6941201731
7250375472
6863635727
8211178004
7876571147
6904378477
5993579761
7190005124
6177103313
7819799233
7754613118
6999997791
7830111835
7085279171
7817396209
8038296144
7424050312
8214950217
7234272901
7454680543
8134436960
7379442982
8278099239
7316633924
7110771537
8237802148
7189203570
7649409378
7928419391
6497160489
6781094023
8245689626
7621519302
8466856827
8239985359
7136545042
7470720717
7806637813
8201572346
8318962770
7328620498
8062136105
7269900351
7200009872
7145256405
8040414810
6172264231
7616519673
8202998755
7866330850
7812908177
8562771319
7840116026
8056509285
8444039804
5059077385
7272131822
7247805557
7367322364
7723352745
7209665209
7981711513
6702884405
6719189237
8090307702
7973103674
8352346630
6773129548
7922003260
7210141986
7388245121
7120220719
8425602710
8471965477
7429272701
7235493799
6515197367
7683248386
6423509891
7837699727
7524911690
7962083693
8026274228
7134690904
6870575285
7431988977
7466904562
6961745319
7772762265
8236488113
7605620402
6806303490
6381386506
7331022404
7456306814
7108994009
7721137881
6923476014
7509231486
7502103866
8319330375
7536986051
7308393026
7071048243
7161296375
7683193159
7600686667
7719674426
8338699584
6012659050
7184958800
8185067790
8461017897
7232972565
7333754955
7269231127
7795701864
8167063606
7875316439
7991046096
7304248389
7202920511
7353504998
7695312203
8083114735
7837544252
7435694558
6979491515
7474945484
8213600693
7283680693
7403500397
8290320966
6759746116
7489898166
8368608298
8203681372
7467668687
7637984299
7615661955
7283142676
8461860997
7341613760
7373994714
7737857795
6770692732
7512573444
7484819953
6546144994
7418413378
8339692259
7431876795
7478886854
5131644326
8175597972
6069694427
8244559704
7436025101
7239930701
7860142430
7966125948
7439348022
7687965326
6512393319
8102343945
8301391628
6283747007
5675109257
661752175
8175704327
7390551138
8451342462
6502475760
8257216329
6869400824
7246762685
6318657660
8206476038
7595222564
7298234820
7409173934
1047303040
5944004960
7421503760
7060718335
7525428588
8424846463
7292668178
7590206492
7078123884
7812698764
7424595699
8047027639
7444624465
7972568553
8462754224
7301874646
7065504847
5778179788
8206581400
7436681185
7850183013
7723028861
7654002011
7256367787
7565308637
7210166083
6153427551
7970598744
7472943687
7318574098
8460352055
7354750248
6860134168
7163783055
8212204269
7773220961
7257853891
7280180005
8068018786
1808476132
7677242241
8206714769
7267225288
7627017981
7345163028
7799642622
8295192172
8553440928
7242555372
7511085735
6576265634
7453819253
8087137726
8280653080
8412981752
5632488163
7554187679
7365123439
8265194684
8389902066
6367794422
7449230389
7494056805
8486925792
8040978851
7827199747
8080526004
7259156875
7395761943
8382597436
6924200146
7224757209
8461142452
8536881762
6434622236
8190211712
6478054498
7142102155
7481754881
7894135200
7520685552
8473667952
8146665120
7258776346
7008656872
8235761042
7380466351
6645427931
7142100374
7730589092
7898848673
7257187882
7461613597
7108306213
7556085938
7628607665
8252703405
7558552002
5323562988
8061745687
6948576202
8296370527
8496298513
7191183404
8582423809
8657053893
8452361922
7611909085
7310563801
7622693790
7650492894
7850076780
7509785132
7251007033
7235182625
7675324198
7342380322
7595912464
7407219304
8082994569
8145542517
7415884967
8418933138
8359713113
8458122197
7629037533
8315297645
7201400297
8111002095
8402516725
7357472009
7290043805
8049840555
8008253489
7540509798
8239713527
6263581183
7267780988
8076082319
8510986437
8169649013
7006778730
6250434850
6974629157
8376863217
7213720674
7798805045
7342749015
8440049378
8250728739
7417203740
7436809939
6303971073
8501862890
7242328439
7336792267
8414849668
7751537963
351883515
8371775565
7259781976
7491452113
7653851029
6773288279
6732591757
7766615311
7246222671
8242362095
7490040029
8444064870
6452784988
7832649710
7340692533
7216422701
8293059008
7914911235
7594405668
2035905959
7736519161
8569512930
7564688520
7550086555
7920833745
6146142608
7863800186
7259696927
8111793747
7072833302
7284492208
8307821904
8467296878
6939932910
7405547812
7269842346
7443110193
6374885596
7503200943
7974418545
6432767193
6870635898
7023418019
7114891818
7558155864
8310764297
7074729159
7087698661
7638118180
7773201473
2098710845
8189993868
8204941578
7108463995
7456038810
7134419536
8230868423
7478395768
8445042730
7328810298
8563558509
7946816351
7056067597
6586009609
8494557479
8477230938
571632163
8316952180
7673376251
8074821766
7605207341
7480580095
1075786399
7020649631
6804089917
8198191201
8291362660
7302439892
8022700585
7260524472
7620191282
7594772971
7581241271
7593137464
7547262266
7099137903
7326732363
8459160696
7055910040
8171896135
522857515
7850525151
7134953655
6925536040
8337806489
6347567464
8261878668
6816034800
6618072032
7643368436
7493765140
6357163236
7283342088
6994874703
7000640930
7342326559
7218634924
1964439695
8250457425
7394624059
7317449603
8174304513
7291727379
456466331
6999131266
8513082753
7396999985
7042052008
8018682321
8261101751
8370977290
7986105027
7061294140
8308471296
7078167335
6541883738
6849400651
7230702862
7064865661
7636520154
7447385034
7960125369
8270448915
8069207605
1108935711
7260460305
7965595105
7414274642
7941240761
8402471591
7097355563
7271196868
5109573710
6648382682
7917729103
8081599983
7127728451
7688259258
7592122449
8262128032
7390362524
8396973487
6830163908
6669533684
7259889671
7825395802
7532344986
7352141176
6650068812
7079904045
7545400642
7842859473
7059227801
7303542020
8178048498
6946229989
8356861441
7116645629
7993257342
7175784769
7109826539
7254039293
7773169327
7396963456
7001376454
7347322485
1717632973
7209708578
7144925956
7441946795
7759573617
7926767119
7633696936
7277089940
8080271119
6454050732
7239529816
7944281866
7915622121
6567689114
7016446177
7087347147
7225956161
6972990292
7396064916
8483056385
6286983391
1829578719
8110287337
6317675549
8461398738
7497985519
7872617807
6415707949
8361682576
7103483279
1929667531
6270866422
7187856851
8271065675
6991855304
7843045254
7262156863
8455774092
7864273527
6975182877
7583443743
7486661321
7467559566
8372130064
7312809341
8039953314
7209979746
8434805340
7183933095
7170088152
7429364775
7288300695
6641995718
7555354995
6691583111
7214745574
7148647121
7335511104
7188796550
7847761806
7057793589
7230563661
6639196498
7117707266
8298862345
7037869327
7450715141
1629597147
5427434986
7709528707
6759747094
7613240598
8435504137
7105413990
1464182566
6430530565
7662721826
7498108864
7449677589
8425995021
7199568863
7131539854
7786273939
8208155812
7343995168
6529441092
8275976263
7478027511
7939666011
7756974683
7268121696
8283774309
7585654088
7384644610
8360711317
8395987391
8491628144
7482195176
8352623411
7218686317
6966106055
7748316629
8220126239
7619163635
8052363632
7344480290
8318609844
7876541167
7962245781
6521506545
8441588131
6922213734
7597860472
7561272023
8557637526
7493735568
8288585528
7736120121
8452918183
7327570368
8560171667
7889556338
7386431615
7297699757
7454991310
7086291518
7714710120
7100282628
8071669697
8453180994
7682294548
7004800764
8026944346
8342114242
7895981358
7210566293
7786210987
6501178081
8256694492
8067097285
7335898393
7382358440
7516246076
6575017852
7885078969
7571272490
7678177606
6686429063
6422628748
8394712447
873632156
7216197426
8291344832
8092791052
7021624631
7306776055
238916560
8082083804
7409977081
6233014091
7368898965
6944478780
6568058081
7414269431
7443743927
7382087795
7525338983
7430213829
7757939546
7082752486
7069098167
8091948839
7329449207
7385160550
7074532998
6725602101
8430837868
7855564648
8325683748
7337654348
7183127747
8147885668
8252056496
7673381138
8013490377
7454007907
7747204487
7871321029
8021159831
7957832121
7409669474
7468632200
8419650545
8497104750
7164580921
7457776663
6449040442
7209647930
7119715892
7805978944
6673960033
7469730064
726582705
5874336156
7994156570
7406252600
7339669391
7952408698
8315913725
5903575332
7497535365
6424013251
7499659177
7257375708
8056566216
7057093493
8407006455
7115834413
8133976071
7392299837
7722326840
6663285153
7133904518
6429250189
7700312570
7485060234
6860662154
6412592798
6975855142
7967682244
6928246261
7413455370
6831275323
7076332387
7486310789
7929995996
7177634193
525862633
7342051735
8469693569
6791719707
8021827657
6547365461
7623349400
1955970280
6500398997
7183715739
7524700080
8290426163
7309454393
6920588340
7161954032
7492494567
7524348168
7301835057
7583577305
7414031107
7425596961
7073930809
7227179039
8483791103
7056838171
7148092445
8307187162
7459204922
7202141293
6775590346
7574677599
7319906482
7653403377
8380770102
8331045981
6914997109
7964036214
7917500135
8387161354
5843480361
7751543095
7180057644
8339451731
1612351264
5850487013
7688155626
6721256827
7890783578
6628777368
7513358619
8117808561
7392198925
7180451334
8309323143
7579857681
6863812313
8518849941
7113044691
6481877636
7280864543
7531236070
7034659395
5431084301
8351892019
6766869058
7508863629
7230665864
7082043399
8172384396
7254895950
7824478080
7243711447
6359657059
8170093160
8452409679
7131527984
6678188006
7377133743
8167310423
7045472834
8493057880
6816959954
8173441183
6582139366
7121272713
8321955543
7877921533
7928411535
7593635852
7050237457
6815597979
7927333365
7094514030
7903604081
7010167527
7955571642
7979186936
7107813476
8312039806
7015368617
7312246318
6818757024
7348140038
7332651488
6561732315
7980749863
7582167213
8184203675
8206148146
6639087640
7967602827
7774037931
7313664573
7062372760
8216517522
7357347756
8016248917
7158351475
7960362085
6920555409
8313546881
7864414021
8075663794
8168129429
8593562862
7381061461
7613301530
7758454726
8320157281
901132242
8432670386
6776888349
7666912431
7452622517
8221224211
944497209
8111405964
7784088268
8321210332
922946905
8231607288
7989791021
8287647599
7478473351
7732233490
7092549883
7969552558
6434931471
7972787096
7562473302
7560701211
7786563212
8180244646
8020414282
8567595196
6545868699
8457108578
7445579342
6864152003
494034401
7325546235
8013578267
8313583427
8478658427
7730227284
8101037478
8370160275
8323391822
7331584660
7406023283
5617251090
7451177988
7793028419
7145936026
7176137359
6990162451
6637288091
8390097169
8153994143
6730102122
7054985082
8410233138
7084761424
7067762012
7075424409
8401367567
6651585421
1159914887
7905899721
7518609233
7378256028
8106890239
6722193724
6806722811
6081810991
8281219963
7179544013
7080063265
8054680526
8365493662
7213441075
7818654828
6896281326
7608937759
8363580246
8156670879
8597135831
7339456269
7745364508
8030739919
8355223063
7912263540
8493151731
8228614058
7100842558
8349098772
8208117454
7391114915
6319080168
7437234710
7555721840
6954096539
7046098400
8009961004
8253347083
6569285464
502285706
7420762869
6534219869
7532212561
7345170965
7938293533
8378509779
8512962591
7273026220
7937819838
7846271353
7340632362
8207858203
6563724582
6237378738
7105672838
8412140410
7093866283
8304632203
7858168916
7991083929
8014707282
7250570381
7920080740
595607556
8496484195
8199255318
8592119640
6809756216
8301129693
6752757318
529698129
7304997427
6582278319
7182322143
8273874383
7094240716
7126626112
7162924187
7316593746
7164577880
8094903780
7972698666
8260481903
8134552754
8260226126
6994066131
8399751619
6967364987
8149233103
7836424879
7524368148
6836239944
8289756040
7673267057
6939054021
7205908556
8475548661
7272425238
7169992367
8436157747
7200593607
7368434009
8198509003
7294131553
8109173259
7712479645
7329926074
6346763855
8332149507
7391371643
6826165599
7327176676
7264031146
7287836475
6958302803
6931395592
7980376796
7975358628
7457159487
7059464365
7296559369
7677767599
7007750772
7308460168
7826602284
6672598873
7282113959
7297986198
6618922405
7323326357
7454074015
7810420992
6849819814
7369001644
8581532385
7571247175
7326815576
6867262595
7992708290
8255700787
7306243957
7343905147
8213109110
8210071733
8028156738
7277268938
7277616758
7494696130
7374247516
7034894027
7843780813
8018444239
8475235332
7309254396
7390540958
7745844930
8225334878
8499004250
7430845349
8490448667
7707616728
7055880479
7994598203
6842156017
7306028912
8236791472
8001746170
1253758968
7094946376
8380703845
8008874244
59628958
7369990860
8151933626
450386652
7423640095
8299171703
8108231205
8318310900
7385161855
7243185832
8228680894
7270843431
7637953682
8053140149
7875911600
5964752811
7508200238
7724328311
7131521293
7695330097
6904607176
7080939105
7466139196
6706776433
8463289449
7589375527
6852392875
7879398306
8003940520
7803024772
7010971100
8263785330
7436565193
6992783260
7575647243
950587585
7330881715
8214672964
6902531489
7574099530
8031474386
7809519300
8096134468
7040790890
7548690886
7664205243
7931164916
7295783584
7007533270
8336974040
7176937358
7709594717
6179018532
7477136872
8051700204
7270638535
7893254672
7700934046
8304736266
8145477396
6966819356
7099539102
7943264146
7383289082
7498930300
7886258484
7247622203
8250899392
6341209744
7379927797
8451672782
7371986733
5078389083
6798687690
7509833631
7947660333
6659714334
6707883682
7391914946
7085406903
7486963958
7488601115
6824252683
7449739452
6664211375
8230262178
7813343813
7945024743
7284566906
7285476079
7421883850
6841100854
8356986177
7996474415
8407348529
7718667757
7225006995
8156066449
7154380344
6076616166
7316241045
6564456591
8112838966
8226277241
7827228812
7388064563
7002480741
7922676454
7431872701
7302038700
7373192770
5984403836
6140462136
8252781101
7554942153
7347626848
7053978975
7207750555
8319443141
927181659
7426305172
6552395293
8306819681
7029288230
6652158867
7727492862
7347076016
7975705013
7038085408
6960551642
7264832309
7060673593
7384510757
8185441380
7720308307
7565713147
7960359805
8476901566
7204117479
7691488312
6491321811
7442149371
7427104958
7380158857
7231648848
8275274872
8099074557
6031465926
7919099047
7459218971
8007324261
7403704034
6520494759
6865082722
7415441347
7961451616
7876557901
7493407237
8184676547
7504822428
8201755897
7126898096
8304019496
7887427551
8229074126
7154580400
7275708521
7900180206
7423521303
7413430169
5893461716
8174333227
5997775968
7039152821
6644817109
7252923039
7028233318
7162915265
6988285217
7531610952
7180428637
6886898378
7239720832
8011925706
8205630371
6987943695
7216072127
7358595408
7993663578
8463697700
7308404719
8585896501
7414417554
7406861692
7000799282
7302211385
7775267353
7355447736
7953211722
6897647488
7138922808
8355776847
8146665336
8562657609
8452817929
7459924904
8087990651
7839728400
7755736052
7156924044
7179222877
7824103978
8298205218
7250477123
7036615082
7486908633
7978357697
7213462243
7334061344
6998293496
7327114604
7659545843
8195956429
8047472367
8528174159
8250701044
7998091927
8017427349
8097870367
8036878896
8399423266
7778017361
7160271607
6438898075
1336584307
5874632894
7229843019
7252274021
6476807811
7161144508
7592186663
7304937008
6744818732
8374219485
7870189430
7892241172
7823403177
8677751583
7223032064
7090423263
7792773117
8373923082
7364077604
6529431863
7533144858
7105584826
8039412862
7618102717
8481672249
413799538
6719454789
8049658707
8324001482
7618818113
7368411579
8409546973
8467228308
8515561933
7116450464
7805487736
7373711588
7764313472
7434747034
7472521636
7969235039
7657090040
5154700932
8073992997
6721400979
7090271349
8355089284
7235155372
7385784641
7890257853
7543337558
7207903948
8320776331
8337564648
8171854167
7434345323
7883004370
7543420546
1838532752
8372034102
6416582831
7518396835
7654652581
8125751944
7719729826
7805492020
6791397992
7511757600
7810183121
7080253074
7657127741
7692524954
8484699410
7007820500
7323679918
7545126549
6935886748
5900624037
7178093631
7720020694
7757547082
8305851136
8086215984
7478229743
7484102258
6641403649
8749031248
8356611027
8540277387
8384562078
7243815517
7226384405
6703151059
7475470404
7177428390
7955959798
7939680909
7292371843
8286096224
6657806687
7418497211
6402420097
7921176189
6652516583
7255225577
7305676103
7486267622
6466216816
7745894085
6616387093
7364883048
7358136199
6595669367
8034418717
5685937675
7460362920
7445232453
8381246562
7368048608
7965359758
6917911900
7136360208
8559973484
7305148670
8297794452
8149220695
7157006965
7639236067
7724313353
7332788550
6260782370
7896865159
7040827304
6990076592
7368382651
8308088695
5984759628
8043455852
6404720275
7231409926
8170088523
8448559238
7292268355
7601739236
7478136833
7359533955
7153725009
7321326163
8244531969
8458292982
7920482646
6889999864
6725172258
8344885310
5854157686
6299048628
7873442976
6950210448
8465162667
8406847030
7474208557
1874627333
7362428039
741016503
6898571016
7363253439
7515221961
7975161350
7391333492
7702461431
8489482225
7943075101
7528555981
6983948208
8592617962
8355686428
7921739202
8073636692
7420738129
7453122547
8507594110
8447686670
7978901460
7420120447
7547060605
6731664420
7119199076
7472694066
8410914138
7733399009
7866119636
8154302019
7440591424
7771670137
6717789352
6477695564
7045416603
6199809876
7639901723
8009595545
7354157994
7700742689
7396295924
7893642076
7977306318
7590374705
7078792091
8020569964
6843160909
7256585334
7322987828
8413536281
7237044523
7133773049
8275007828
7219681195
7471664160
6145146183
6758314746
7054662609
8135958731
7894839413
6854648614
7420201287
7941498950
7737279989
6890316347
7246397654
7309626703
6874193118
7858291617
7167257375
8172187341
8423081312
7989961876
8002814975
7664556111
7008070688
7197383282
6994691092
8464588818
6903770962
7938046130
7893851539
7030920547
8306023133
6834665296
7247742925
7051960488
6369223636
7606427831
7687195548
6566130381
7301481462
7224577907
7118056389
7455169576
8071520909
8156030037
7350202260
7302259874
7055925386
704451600
7464598504
7254611659
7835233008
942907226
597704140
7443942055
261595171
7642903292
6998033599
7393171794
7986356067
7333322057
7263384098
8089507373
8378742249
7303999210
5801252450
8142211029
7113481365
8347071941
6754811612
7464734963
7353016569
8202386261
1675929933
6464131498
7314651624
8288559450
7393254277
6275891295
8014480839
5488651715
8097043165
8157804755
7174995823
7661214887
6407531961
8466056602
8364045454
7431000792
7081442916
7555598615
6716481081
8166721274
6729119616
7068198635
6262133263
7508676041
7470963998
7284194146
7424553513
7136359284
8096093166
5862441732
8332331930
7402243651
7274892639
8427887420
6562784674
7924945268
7586043047
7153725071
6958215837
8315464503
6019238229
6687181400
8790893440
8517732017
986933265
8458703204
868597659
7342917331
7871932080
7324584685
8240256417
7489100415
6717098356
8467671438
7471640512
7427370969
7276295394
7543365262
7374954759
7266405428
7731928605
7617495016
8592483303
6435741123
8026048453
7624599781
6307367834
6794322915
6534831594
6971992166
7961158937
7014106943
8135413274
7121699309
6248093235
8010343917
7067812467
8491404869
6420758665
7913207979
7945191147
6648807002
7516931657
7324540597
7638899108
7578994062
6335453295
7685249792
7682344117
5321281423
6969628193
7338212568
6440120441
6130196094
7943496397
7465592184
8438894121
7280237686
7244975060
7796140871
7833068512
8194498245
8098718539
8448063508
7153197312
8309701786
7377988933
7264126395
5424766157
7066795272
8179725997
7525767764
1573367502
7520186355
7252667956
8437001362
7308664567
7098964601
7709165483
7168982849
7270179644
7369599896
6503922129
7917938508
8260878623
300303357
7006243550
8113394551
7676050095
8572133575
7316150142
7573718204
7426378192
1312141536
6421083275
7467716386
8246263721
7536826010
676945947
7853475111
7005251105
8351751473
8547696810
7586886351
7070814640
8450925348
6714478315
8277807966
157646492
6009463577
7463071604
8408731458
7020411218
7430264878
8300859570
8502497048
5998746881
7207642121
665735059
8417917875
8435172997
7207281434
7222401735
6615249667
7763863469
7704740094
7314942529
7839183572
7155498833
7314890792
7332244819
6590767548
7449229740
7325957861
7334082429
6267882377
7894075287
7479223417
6942913667
7537823771
7226270859
6725682320
7248918867
7007862968
7618462684
7907625393
7316054449
7777499963
7361314128
7494057614
7008954155
7344054332
8220451692
6248057833
7077793021
6614610901
6841055788
8385902936
8301075890
7121472947
8437958819
7467835628
8244397879
7414424356
6741601570
7976273792
8863969166
6770922080
7743543488
8123691536
8384823594
7531332039
7824106552
8425144608
7096648612
7020901082
6759917310
974510927
6546669768
7881597261
7439701772
7456881741
7575701353
7004256596
7833373634
8389158597
7223652577
7290815822
7004795667
6552709896
5130306221
7178425647
7046517028
7349191147
6847156958
6854180333
8106536412
8562940246
7183949953
7420788277
7365431848
7447803798
6790059716
7183548685
7877421530
7535486419
8260210695
8499046211
7493827016
6342467652
8069675153
6906635401
8157787559
7208675712
7081651539
6799003062
7882162037
6955705340
7484702858
8389990660
7958779796
7316711795
6173789673
7221794207
7545568917
6817279633
8474951857
8481006739
7800551500
7699842091
7845067061
7921132286
7024938651
8288084063
8230415223
8125084096
7833026939
7828204834
8257153951
6893447309
7722084471
8243235854
6752069489
7995044984
6824664696
8333765709
7550769103
6803122372
7903669591
8384844295
7218667587
7431995562
7486395110
6803879652
8032538014
7531468161
7143061741
7475629130
7984596355
7408631005
8345111283
1470570159
6649632291
5392659028
8288324202
6261597039
8481180894
7254204415
7807680250
7420561699
7570592425
7863226056
6581018805
6882500964
6737590358
7683706277
6478405652
7242657191
7121807138
7791929542
8381305356
8195416318
7954801128
8307662854
7530501614
7829501484
6467327558
6415891638
7094215774
7055049370
5592452217
7270217408
6183539499
7244527074
8052578262
7507212555
7082675615
7355619852
6659792463
7197139472
7234340951
8040808003
7446838387
8213943835
6827516621
6279450004
7007146684
7445346894
6322434807
8481773700
8247921509
7158974997
8338995738
7685976946
7593653958
7612886332
8090081902
7412268882
7331846408
6848336308
7810080946
7854388039
8321103408
7649682337
7058723059
6894860211
8137201492
7379124015
8464751720
7137985804
7884091403
8016722280
7627605517
7725415874
7120454601
6456550003
7295732823
6945038671
7103258788
7524811621
7111564356
7380969616
7651572568
7774142871
7395764042
8379209394
7558100982
7658432680
7538481157
7325602275
6270277604
8346463758
7761839643
8305672165
7129966371
1648279021
6666391599
7506014304
8401203159
6635561522
8076064301
7814373598
7552931353
7784200646
7439469924
7499602892
8044178046
7871211568
6386600470
7263146960
8486741123
7190053546
7559255764
7512381929
7260835994
8330691324
1750088653
7392693479
8060742605
7739920681
8228019308
7181316466
7365020426
7780478982
7661626945
7006755116
7985433538
6865868931
7333355975
8065306011
7029496988
7223103302
7214510122
7198941254
8237322019
8161318873
7680933710
7404732456
8414598819
8317532418
7198212890
7406617368
7442590146
7364750533
7270875654
8311490710
8419472330
7696383495
8599540671
7909870949
7953112334
8180931004
7617658615
7829750869
7405912494
6117411080
7840849091
7326070487
8306902454
8372474089
8018824470
7751743014
7715816609
7732739816
7035245519
8484778569
7525519538
7214082835
7864055318
6945142453
6671841976
7321517632
6954403630
7544443145
8384762779
7051003172
7459261056
1317347587
7394649306
6885026131
7285655969
5096124202
7441309595
8094325773
8364023927
7915909861
8377068171
7826340338
7421454791
7195345623
7045414635
8554124262
8018442649
8394414400
8260607451
7852850017
7170924058
7548490014
8351005679
6385100201
6859051982
7156307948
7657160403
7369337261
8428830956
7867426672
7486816550
7203517127
8162777734
8251335940
8292194603
6255234581
7324052180
8251423353
7471076457
6591224518
7186651671
7977593217
7529759003
7076585667
7917330632
7129964612
8121004254
7260551463
6995229419
8183488696
7283008426
8716273753
7254906222
8259290612
7013355902
7082973708
8580816684
904235984
7675402389
7254212088
7499708267
7950440934
7435900930
7424142781
8174925480
7411611625
8428383308
7921848272
7378554697
7782587407
7626107945
8212043164
8269895570
8143709813
6468087401
7404163844
8056129817
8274375857
8288704650
6773622510
7062271274
8477980263
8341304374
7234957043
7116714842
7304856307
7023020039
7332366713
7041398762
7214214858
7532146558
8247661560
7237837723
7651134102
7511110804
7990569864
7149401993
8136187509
7057034184
6936398284
8150753107
8356744828
8334708474
7499418244
7409194368
6930103963
7209128904
8485778569
7424394136
7507306369
8333921543
7724561027
7605979153
8097414450
7435632948
7095167126
7096283721
7023584236
769260598
7825769593
7189159747
6281927420
7725995295
7551544460
7090494832
8156365350
7349491370
7248316221
7703077238
7245997844
7316531774
8575570298
8445701361
7753726683
7210355454
7465583233
8191894333
8161258083
7016800796
757945276
7190749779
7613853375
7289740144
8215649418
7384674049
7010207879
8235036064
7446505429
6987331441
7391139095
8377593851
7111296179
8492858059
7775147441
8344795111
8582107118
7991169133
7286897989
6871656185
6611397076
7269756179
7855718590
7887131656
7149109829
7003852248
7254008425
7904178533
7322711431
7399199006
7025331155
8072118585
7539830440
8124093721
7915008625
6760458450
6433802665
7304846128
7156586589
7468911033
7518333847
8467471682
7851755308
7992743991
8280213906
7371866061
7116680215
6810931859
7219169268
7622389837
7727987864
7135077355
6779677708
8282829449
7712806207
7404806674
7102665212
7092027088
7192113435
8240643508
8258858678
7406666426
7031474253
8416777148
7122820533
8005150990
8458347342
7674617385
909913138
7145556402
7675727351
7504417770
8015600536
7247864819
7349390438
7333997773
8259853519
7106655861
6985879331
8098356237
8257199086
7463518121
8435443494
7400847185
7735597533
6674926711
7521215274
7411198359
7246129815
7043737522
7223418320
7091164839
7933093212
7315658405
7440092442
8211996246
7255933933
6846418176
8283170849
7960703522
7640102393
8297562410
8419382131
6982840274
7398255172
8284028669
7377806509
7546863167
7345331553
7110968610
8275637198
1541756641
7264167860
7563209540
6187967007
6965998176
7796818534
7237480217
7160811018
6342004848
7501853047
7625871312
7537185093
7804773771
7041431489
7430011449
7335569745
7252731675
8310214964
7744118320
7351015086
7483058771
8399512213
7570147799
7925043459
6911474804
7002043871
7213583216
5035025095
7833378077
8099801390
7460512587
7266648046
7355569573
7542649573
7744684287
8363796071
7018424905
8425513244
8357897494
7292615379
8188641257
7629772611
7642595846
8325487241
8325626823
7035741647
6398820044
7476942460
7144468898
7847118803
7276617599
6894170348
7458388696
6136330681
7480127767
8170360238
7840917939
7334649321
7504941826
5263002470
7201672197
8365103833
7317990373
6064105925
7774223717
8293251329
8240319809
7763608113
6340173076
7153199665
7669086190
7319042554
7319477208
6573340484
8290895636
7956129860
7120721087
7654446026
8020789403
7226145168
7204133401
7534035281
8378990584
7443108758
7456922030
7314088564
6998550361
7738525850
8068097276
8240346184
7707014136
1752207778
7168552123
8196416111
7370390323
7162106080
6964054279
6990029040
8424727217
8456229176
7025850327
7144206948
7372349670
7346604870
6310462850
7321992422
8265602794
7375666829
7071345870
8439443051
7296248880
7227126021
6778308987
8253084566
8074054608
7654697586
7939464179
7487042158
8467765727
8503758006
8327496007
7693264507
7505902524
7423963796
8095024468
8586954752
464520141
6290056553
6098911806
7459438356
5923263306
7487978175
8490790253
8351545944
6702295481
6738690035
7152337456
6616118631
8461332411
7673872673
7916859205
7405357461
7355863629
7186977761
7800886202
7646237749
8159544686
7328492366
6762195953
7998420471
7544100538
7943710955
7267527088
7394747752
8025221530
7408838090
7474110119
6766094416
7264331935
8411549579
7420964992
7395178061
8384035708
8776814943
7826288732
8469133998
8358221670
7281368724
7294833490
8073731898
6831725759
7338526476
7581957920
7656629154
7376399821
5978855652
8190401341
7536805065
7180112749
7331119940
7005130225
7297845733
8437283762
7035831282
7400340007
7887322018
8044734645
7356888473
7134990381
7036358837
6791574308
7501398344
7468409533
7381526043
7089586264
7936275450
7091277917
7162603321
8292207875
7281785007
7492972352
7979287852
5003209725
7446963713
7410764287
8368735421
7361894092
7055045883
7284212951
7029388474
8360642769
8472890719
8358985815
7332923868
7430069584
7299230614
8337390203
6434999806
7814609025
7482975755
8223776186
8344417967
8282060183
7890439672
5869504464
7445319995
8119041299
7410683723
7309912731
6673176882
7009880577
6735398585
8188847227
8125589137
7263772892
7640377199
7370296244
7532232500
7257814292
7375683202
7613544734
7510998424
8045651446
7301941741
7144448248
7354547180
7848395462
6996742966
7806782485
7487563648
6727018645
7324811059
6492082762
7990144760
7288664558
8438522281
7684001250
6789388347
7509734799
8404456673
7357403495
8348619017
7368237727
8039184711
7778124246
6844405440
7050152671
8274169837
7701763008
7339169137
8396815169
7043509345
7155819815
7235783712
8005560044
7615689193
7043468551
8392562224
7289328123
7276249383
7903942152
6354549022
7154330462
8374561710
7194881371
7904202166
7931559200
6885661435
6734532687
8137138459
5865365176
7537541584
7176722091
7226926331
7380415168
8392755110
7859776251
8519122547
1741699146
6711072491
8191409154
8191959089
6928733707
6485184129
7406354976
6944198850
8068172453
7264062712
7583522439
7990647303
8479713592
7221464299
8091282995
8067026655
7487942535
7282344993
8037676020
7334922409
7723731794
6638801611
7278016457
6370995924
7453973368
6801770392
6610548195
7004725218
7915848508
7053532010
7744601647
6961752927
7017860095
7831119871
8389682152
8104929699
7835966125
8084491318
7394743989
8064742951
5849629041
7760890532
8447308997
7378153841
8508130800
8438217396
6966729964
6374548460
7025305265
8471408141
8384579046
7166516034
8156384594
7493879322
8201302845
6067522120
8235889510
6982355603
5999954005
7468434805
7625697490
7626427358
7138217163
7045890430
7405974024
7264875373
8204985230
7263113378
7055437981
8355390434
7363407881
8564713406
8172962779
7325961898
7718260500
8327208371
7809353175
5226074777
7063050269
7296595769
6283524342
8256759367
7137291137
8402196516
7622731865
7214505655
6159733130
7239313779
7841272085
7137364495
7649440755
7040578752
8466419844
1088437319
7414358761
5727747861
1335190150
6679421684
7537676927
8253827777
6957770525
7227051245
7769069042
8046545249
8471383105
1415733297
8359397632
8054327151
7318005973
7593450483
7373079821
6780264073
6830719308
6741880542
8160619388
6916213367
8389053865
6503297284
7662990466
7451430044
6923338965
7039737036
8179190116
6821907559
7235972341
8152439633
7476419419
6010708429
7597243205
6783036550
7454381349
7242303968
503409858
7040116580
8288637278
7011021034
8415910388
7476433352
7629922206
8207809435
7965360189
7685822621
5800318413
7828232986
7330697024
8150492673
6809867707
7039280209
7191977007
7331193387
7813299971
7088070553
7978679321
7641770501
789691784
7522209765
7963326936
7782747496
8201397100
6307278703
7370517839
7497449822
8448254714
6754380295
8364468741
8217275302
6410138819
7941174734
6462532994
8311991867
1064337749
7771167990
6773498623
7274847268
6994458568
7431211405
7590681930
7505400753
8517868752
7053567316
8361925865
7204935430
8428833714
7673085021
7084451438
1572151946
6583018296
7968664022
7686172813
8285224080
7345790213
8245683137
5686036206
8498569073
7532252055
7306406028
671477784
7098314520
7284084040
7599916588
6554214720
8013332975
7241530272
7170083094
7283092742
7486006754
7756826874
7318150883
7069694837
6712558780
8522669315
7338119398
6718140213
8160686757
6382418979
8314268041
7138622550
8229242505
6720300089
8090153783
8254541200
7363003267
7320537822
7488654614
7981374546
6812348310
7488786978
8205312763
7616254163
7684268677
7374597755
7113604539
8057554302
273494283
6880496491
8458754317
8261470731
7927354930
7091852561
945433590
7075501775
7228153780
7683979021
7058105739
6323214417
8072317609
7812121447
7309996036
8352707790
7496541952
7167270832
7832473041
7733561317
8013536958
8152224988
7184442202
7212805052
6519794824
7212223077
7667020106
7391909714
8032756585
7287692405
7006763307
6291357338
8451579781
8363952597
7063429953
8245058168
7037565700
7841891399
7007102548
8186699670
7143456601
6999068480
7847366226
5393774781
7992333784
7510741543
7375220168
7337397656
8011236762
7237643525
8077549916
8410590653
7090610257
6779933665
8256062581
7457090019
7554404509
7634357656
7963951979
6691156114
8034153559
7774501914
7795859507
7592438558
6897826441
7836476920
7717563270
7955287878
6337578070
6792093696
6990116958
6569155753
7364022824
6624103302
7857275748
6698703243
8342797426
7610597370
6296850464
6271451947
7524789781
7409316694
7368745458
7915869923
7249547948
7270586422
7324635605
7030665504
7891071861
6785444077
8455838624
1780099111
7343462144
5791236039
7777223546
7381404932
6349954624
7237411287
8350893075
7252736590
8105219691
8207235755
6786286497
6429375852
7243412197
8505807440
8218774374
6477323594
7463415640
5383659514
8192957592
7075243873
8397616263
5739811603
7462137601
8036846116
7463510956
6788736769
8446270855
8237157183
8225587720
7556902190
6757303458
7516002444
7105406900
6955875116
8469777440
7345663361
8298799746
7295434458
5463809504
7428038518
8211840455
8015976143
8437606491
7886008232
7057310326
7743289073
7230603720
1919298816
8468610832
1868623075
7223832145
7042788796
7016339971
7253315021
7328174588
7918184784
7495929303
7640645644
6748747509
8341657104
7287187757
5220254190
6355896206
7642849818
7402685323
7939337987
7427716077
6993713331
7017906276
7530806771
7672111511
7640437031
7741993285
8149614840
5241311761
7801090118
8459094560
8272669357
7119174383
6941850611
5574031044
8346792350
7983956489
6832424218
1738841617
7483813697
7603302727
7491822018
7524432408
6306602254
7320935457
6697341294
7853572198
7034454056
8147271871
8284313136
7164528135
8505754607
7294136240
614540206
8050390405
7485426827
7566987217
7534048018
7223409702
8419965047
7302637271
7047876679
7084755109
8101128150
7924665707
7061755570
7147699403
7918368029
7188676175
8233732110
7002198091
7857166629
8312450295
7419956783
7888793275
7445376068
8463375022
7224064284
7405263057
7482129397
7429745155
8165436822
8142415955
6752095162
7692024711
7034837529
7295816144
7639466524
7102229812
7380708231
8586083384
7305331339
7040178920
6688586584
6663060739
6667122647
7049886101
7403435584
7512845726
6556432718
7440217476
7074200780
7512862492
6418770671
7503830385
7739151589
7591758098
7254980276
8186188625
7227040540
7907402734
6332290139
8501265934
6894222227
7156226680
7686178394
7858093340
6619646544
8178206621
7301111494
7730152247
7740945350
7734111154
7130486883
8238465999
7001013620
7388119326
7716707668
7834043466
6997000329
6496572734
7926492403
8558235844
8376375683
6885406610
7716283686
7452265781
6789540453
1724436873
7005957305
8489664565
708841301
7328086080
7669782048
7948927156
7378865393
8439487396
6749548501
747312968
8382251403
7522646032
7272631849
8419561724
5361895155
8411089459
7452228571
7807779091
8564613148
314400111
7214924565
5841274694
7517726291
7043195035
8119655841
8394670769
8579654521
7423097651
6707875301
1775544742
8328718696
8423745015
8257086152
7448739530
6551363618
6940317182
7447670697
7038060027
8191070110
8211198179
344658257
7481514319
7841894779
6889383529
6361711483
8371001727
8313545484
7265996451
7566666465
6324109974
7065787514
6850323119
8509207111
7469297815
8272616360
7011288112
7452668498
7847290509
8387910766
6956012095
7290126185
8142179415
7495127545
8471733713
6374760663
6516093870
8140737870
7140958150
8166546294
7409615673
7150987521
8099421930
7631466597
7018802274
7172403880
7697823738
7530355356
8394824488
7104551103
7279655559
7089222845
7146680749
8135492083
7252404051
8370800294
7963091842
7438725553
6735057952
8352201057
8222666023
7171662442
594751314
8461982676
7302950671
6948034189
6846177231
7679018546
6230871837
6987911152
8259223723
7227692388
7350205065
6542276317
7974174862
7295191628
8450064066
8434592447
8388321532
8075026449
6920862817
7526479625
7072175760
7190016357
7086825659
8327812941
7494014037
773177335
8349660053
7350433093
8147906141
6367564810
7151596081
7400544555
7665610782
7124386007
6864992495
6725480886
7026917796
7324571609
8165268505
7355233487
7396086442
8305856704
7568754281
6666295896
8206795946
7579240262
6782732775
7142813368
8089510247
8142574590
7724780398
7228218346
6804010567
8681397226
8203635276
7483815095
7493050640
7529581521
7356479423
8553914992
8465170633
7240776651
6887055325
7261578635
7297981219
7830950053
7140199342
7636881802
6746188706
7548572316
7315639479
8201092493
7566964770
7305135153
7973934434
7345469936
7469784658
7989478911
323919823
5258683738
7116733276
8277192729
7912998185
7494850127
6728828517
6546577799
7137644958
7935351437
7372553022
7071808761
7165829124
7999855687
7352371674
6875715113
7080329978
7802325678
1399701328
7840330810
7061734976
8134254253
7339248823
7200809850
7052455066
8464053014
6535148422
8348339023
6715749983
7140581631
7046358005
7216036134
7562518379
7114698717
7865771415
7369652625
6694404022
7001944968
7699711660
8395082454
7150005044
7513242581
7669401102
7289608116
7052068274
7151966608
7259966062
7404163499
6903896777
7105757160
8500482688
7007777719
8214118507
8237887990
8330957448
7172212830
8360648202
5266514107
882480885
7314256030
5363466216
8133739590
7397685293
8042864392
7494713146
8506158956
6939309112
7534690302
6947157632
8447993103
7011383103
7200946083
7125293154
8040890671
7896651656
8330700328
8538051902
7970752961
8085108736
6276135495
8287225692
6863005592
6784152460
1534040142
7669071059
7976713287
8284300996
6933686807
8354932824
7297795175
7025880257
6893139370
8294572575
7642290741
7650031159
7512390053
7395952426
7434570368
7702669497
8128031723
6963406109
7483853168
8156021176
7498278725
7580798714
7783142328
8395513707
2033728559
8405306422
7388622292
7216884917
8446250065
5975393791
7460476663
403954791
8149592620
7521624856
7247092300
7476904815
7550085904
8415157177
7162686307
7523849907
7200342255
7273062134
7398144742
8222895928
6886245722
7042490509
8518133295
8199248784
6995270604
6952874765
7505824894
7651760876
5906144319
5834659905
8026966834
7574296478
7189195884
7942876426
7187039482
7824282140
7125420395
6354703262
7216835998
7082345390
8381058124
7812268069
8424940270
7472060979
7961151965
7015170133
8195029383
8401309523
8548995876
7401091962
8000462581
8408821538
8330162286
7236167463
7896171126
8045119258
8136596933
6908712605
7790454196
7728955803
8453662129
7843747929
7419716049
5302574124
7173924516
7971579790
6674228420
8115265630
7314856325
8114041144
7939575234
8389189684
7328338768
7570979115
7485099495
5769952850
7820705540
7268611575
7513448590
8108986482
8480815751
7097899620
7156101335
7910194935
7909590765
7743983393
7301381808
6790726917
6779334884
7086992593
1266296844
7103311479
7161734021
6500258542
7382147188
7232434389
8372209867
8346738727
8441167202
6944212043
8335333869
7003948891
8163510833
7023249186
6781250868
6589169237
8251976604
7101869079
7901574506
8242081408
8110528447
7412367895
7681565521
7247014508
8300891945
7222009469
1630557852
7011902872
6430981202
7216563642
7836313171
7663724544
6848064606
8113382297
8362960026
6955352669
8552971877
5689801907
7317098203
7116129963
7005336521
8056343522
6790314015
7481937313
6367675928
6993659002
5051292895
7113314134
7359904154
7070673475
7300815925
7870530199
7992588214
7060827242
7715608945
7928670257
8441035354
7171302900
8213020039
6342226116
8302539964
7098237437
7558114430
7236634886
7759491291
7808280967
7814191790
7751735155
8488795877
7698844291
8939724438
7203874475
7086411502
7758811436
8116492707
8326041025
1284139101
8226212801
7580658742
6973743714
8325321528
7864341770
7260002925
7300271997
6490756163
7778892311
7040714267
8410822231
8216658898
7240845904
7103191165
8326283636
8255818027
7398692737
6521505081
8020018867
7813583570
6993153607
7042257644
7003004113
8018966611
8475744830
7952512953
8264925522
8069763272
7162450217
7632690915
7347241809
7257041615
6758385154
7398233877
7558814629
8058540531
8197846067
7300683802
7779656683
7551649086
6864168206
8145939701
8210069270
7337282489
7965012892
7428578208
6088234738
7162067798
8421955338
7052275985
8482384534
7735058861
8535254872
7247259037
7968364734
7385747341
7898432614
7930521174
8309406661
7289344872
7410058785
7715126797
7334360848
7282673162
6989911567
7132962613
7131825596
7744733156
8588041588
7101248587
7049832580
7214486689
7919151100
8324787797
5965591533
7200143295
6529056252
7250186969
7212744378
7465231572
7074043995
8504925876
8074404259
8490030765
8326451345
7178473806
7166913950
6753054010
8366524334
7109325014
6999747446
7239487042
7328137101
7716547446
7659311535
7885981439
8240273066
8106059024
7543009012
6353430930
8876865546
6751344424
7872067886
7364539326
6536928404
8329503573
7572666653
8417295675
8042409940
7216539354
8187226912
7422643054
7273353240
6851737201
7870474066
7834530083
7419172200
8307133700
7234899438
7995547737
1923427463
7407062008
7393728528
8412682122
7593391843
7936562462
7829728904
7583001625
6611371810
7578594151
7058241477
8360152508
8356910794
8100228862
7168431784
7559496197
8321027285
8479307150
7418895411
7149327617
8411394583
7513610596
6449193369
8169150984
6713502164
7272115386
8184397644
7534187513
5311163395
6755944742
6548409012
6982294645
7042867488
8313914995
7948531379
7008049981
143211383
8009870993
7481495584
7269482798
7832491277
7357413398
7001261089
7470037874
7203746156
5675128480
8362224886
7411081217
8348028120
7378660184
7490840636
6980123263
7873537296
7470984909
8878929259
7236573493
8328056952
7832111269
7351412456
8497844907
7156492121
7287622146
8242326560
7399735235
7304643195
7133274231
6613132275
1243936266
7431121533
7538776868
7594325368
8071855740
7380913405
7176576196
8292287947
7493748322
7130089635
7210132935
7071395502
8095278075
7297279335
8464337955
6928695980
8317603407
6813377527
7852323537
8240926680
8519597623
7704121109
5841053950
7175253220
7079324950
8400333216
7121289393
6944452064
7907619282
7030662236
7222248235
7364292601
7400591321
6012440384
7894147980
7422651539
7726337273
7175416414
7526372078
7455398249
7371263357
8329206940
7076578866
8214121490
537995736
7417442731
7298275014
7496005284
7258115254
7612037310
8205516051
7401667482
8288554869
8404346747
8226444703
6985973498
8288143296
6719356612
6546784678
6317443542
7305895667
8291678448
7376394339
7775971031
7926688814
8280373796
7770025488
7021243396
7712905865
6415964078
7525875382
8230652593
6701057542
8399536498
8452376195
7342948571
6958466574
423485280
5516946113
8087430072
7023977567
8174002242
7584906042
8676047154
8404286528
6461009943
7759934728
7105313165
7232786384
7259922808
6970538290
8157384151
7242431189
8340953466
7271442479
5995881976
8149957903
8429038920
7142233154
5419977209
7381685278
7187470543
7403009861
7471857271
7788480212
5171464098
7311200130
8348092528
7089262475
7345555526
7235570848
7401659904
7418310302
7074775749
8420170432
8219879263
7453175451
6945302429
7770342555
7207666105
8216616473
8391319644
7204825654
6792908712
7339692052
7073372674
7507122224
6717329578
7074384286
6293844755
6336286843
8289478796
8425787220
8026388838
8357182291
7117137449
6768297379
350265522
8145693741
7124600250
8060255694
7029484069
7486348527
7090184140
8024144139
7333259315
487059611
7898697192
7609314676
6991305090
5415082326
7492598269
6993983842
5257400683
7276046121
7611862164
7128393167
7405833711
7402372243
7209424179
7472497583
7040041289
8506711861
6909143271
7546955830
8034526227
7890860147
7158259550
7465438596
6250627490
8489743404
7976689921
6903531732
7170906546
8248878583
7053508431
8279144298
8318312533
7847478332
8440571376
7946165379
7313407226
7344378703
7238534152
7120971029
210033144
7485545673
7885359633
7461360030
7248106736
7685400716
8291599160
7822102716
7369092627
7243150519
6662441804
8248399365
7378951158
5696675144
6632355387
6290285538
7206206079
8556702209
7236042874
6635437970
7646371651
7902199264
7835775209
7743024575
8267662359
7281046685
8117537934
7800144638
6912582105
8395568767
7380597747
7583721864
8432651449
8206401849
7269570038
7497570202
7069335266
7188315142
7004431270
8007252389
8257542131
7842449619
8415022057
7343361149
7258656428
7020570884
7393307635
7405914490
7188344286
8451655387
8331639590
8153729878
8488644131
8100505887
7252109837
7234928952
8361521479
8412709490
8085499979
8409607032
7408839217
7550347374
8025705377
7151004774
8218463356
6664681047
7824714306
7184581531
7169691076
7482955103
8308952185
6684810877
6726738026
8240383678
7228680003
8154253314
8403113382
7263064555
7576440889
7404238214
7739173446
7296607788
7736312619
7321511760
7768663283
7066796318
7269928413
7331975089
8576154795
8451427620
8191054934
7922080987
7343262844
6770280858
6800978842
7237114689
7252963143
7257352551
7693534932
7173839092
7036430128
8492572673
7328592235
6995431104
6913486738
7169724488
8062426516
7731283401
7399514345
5092825031
7286730810
8042770700
7367587016
7591171870
7833511862
8112249098
7571798970
7841562341
7739998324
7397164008
7205781309
7356289437
8235119157
6493696195
7027545933
1756803867
7041096148
7565477361
8195120874
7413174034
1139052603
8391943461
7588641932
7349204515
7440939598
5326477373
7389761620
6865011491
6591980964
8193775705
1752798360
7263102987
7073960193
7877237152
517594149
7567400790
6837863931
7552381185
8015542247
6100818934
8001709869
7878127632
7078197135
8129621112
6847814306
7832920697
7429211675
8196835406
7825109561
7628449037
6542757881
7536951110
7153942526
7195846302
8252916900
7351749624
7550228363
7454544057
7452205799
6581665028
8095953809
8271389148
7873214790
7896527497
6732339749
8265328660
7446548254
6183939289
7093048867
7967871466
8093709189
8437226227
6455244559
7029352202
7052597145
7046890162
7050905593
7316638136
7289058791
7480555444
7132518547
7451802598
7280921261
7218280593
7374706755
8406516118
7396203780
7228186764
6544480100
7519809888
7533486720
7969540200
7393139474
7557599778
7472605754
1806185140
8086340005
8317217052
8038707645
7769623231
7442401450
7867357870
7026229040
8439115343
7127754800
8149951921
8205968023
7402318566
7223108731
7257590592
7722674128
6570967297
7844879952
8312321082
7360113859
8363497346
7876874417
7704161126
8007177781
7005261319
7950301579
7778085267
7309358546
1063127842
7312189718
7579114839
7072176497
6968771168
6324444030
7237135863
7742479423
7770599015
8451975713
8131239956
6445403270
7939676820
8295061463
7800185908
7015924554
7353249732
6756511622
7460599343
6832245218
8335783183
1283887420
6678080559
6335663564
6733383606
8478660493
7092548504
7835122751
7548499972
7117934001
7877239463
6830062649
8310381325
7289863547
918276754
7071650966
7585286713
8256489227
6562325493
7565560146
6313198243
8485069992
7373203240
7595571180
8138750864
7871900605
8583346349
7254798410
6210405247
7057594563
5079832385
7016946990
7800678053
8070544273
8280755324
7468070007
8126765823
7584752733
6857824137
6687521293
8232339109
7845396412
7537422551
7900656025
6922505052
7360405804
6504228477
7415345457
6609769533
8202354632
6382534483
6907480924
7605119333
7926618531
6757362737
6280134579
7058716695
6488489864
7092668075
6552049109
7269769267
8296353388
6874875329
7180131496
7204253076
8344039514
6392937230
7338277442
8484416549
7804027811
8367079653
7384787326
7209349296
7851015077
7900117303
8133791493
7430470536
7263973173
7814475896
8326585720
8144374401
7564557267
7710173905
6457832455
7621310089
7998832004
7519246777
7278350704
7609335024
7448767971
7906388022
7396147326
7241277332
7442977361
7651325131
8478402906
7372899096
8180384784
8499451448
7026278067
8005996612
6760550808
7464441090
8450541255
8473766756
7462585172
7524937079
6706269346
7374075333
7520795929
6535810436
7239745792
7742957133
8264221439
7307644075
7423013044
8225602655
351423031
7342129033
7471404906
7498358565
7386559215
8327797201
7495213463
8396926366
6366691651
8351392876
7405639130
8267198464
6911824795
8149248442
7531075706
7145987836
7760069133
7248283285
8120488806
8289196510
8069441443
7052042517
5079511559
6957097852
6964205092
6480453148
6693937293
7422491689
7352918797
8035909375
7731283569
8065571766
7849833995
7232213489
7752107065
7545882463
499899755
7283664730
8385334622
7813908165
6883823087
6637335168
6754952545
7784031707
5920391508
6900269764
6527442884
7586947651
7263609908
7022637623
7203044418
7513900248
6782708466
8157461024
8299390324
8389305435
6686464089
7383532099
7437411471
7696059129
7456052147
7454207586
8016453711
7931126256
7051055252
8081142592
6468917340
7966199008
7301428939
8217164014
7328600358
6900836964
8218869825
8480439749
7332109282
7253022584
7807734334
7990175976
7865615956
7766950790
6336030045
8104447208
8497689830
7432187292
7288321761
7359203787
8448334740
676249112
7205793418
7917741728
7432001588
8246420554
7744718928
7829278662
7987767945
8191168112
7756404376
8000249578
435940761
7145869169
7073813473
7756378193
8380861723
6702696329
7588617428
7942813427
7968550743
8568007749
7680201365
7866332001
7106079658
7242460218
7140805707
7901006901
6995201301
8491533458
8380571150
8476266550
7320922134
7969126523
7745578115
8046204498
7694416017
8202793221
7219774178
8135319844
7102238972
6842048429
8484610348
8230881884
7072977382
6887596239
7136634999
7828010867
8241694163
7740474508
1184726859
7339249235
7990192501
7892140176
8517309022
7068418789
7545957133
7339330899
7262295122
1749637910
7496546505
8234101410
6328079712
7614429026
8071894033
7709639158
6822472921
8121305801
7306028135
6235978379
7185963040
7305941920
7402456255
8393127349
7446173010
7470689781
6656474972
7229236226
7587732655
7827867534
7089086433
8525806225
7704406070
8769255084
6930459507
7174535972
7815663250
6740226849
8331551769
7280533288
7288775494
6053698796
8417818507
7153087083
6931768421
7485497637
8332142593
7300984389
7050651093
8099746467
8234684914
8163915612
7689396631
6762394598
1578260011
5888337696
7100957103
7573454192
7382033298
7546201020
7935046470
7230495958
7206823611
7475561247
7563137393
7475930498
6785180213
8416281970
6586536596
7068694742
7146989215
6799095909
8007881767
7142448878
8307804787
7466480661
7408689510
7649033172
7275323158
7165389037
6841666285
7133174868
7460819522
8392835250
8345127802
8134213445
7133077049
7459170424
7291085856
8429777413
7773369399
8134378793
7115348616
590775354
7215176523
7012182699
8315180508
8395510613
8278030690
7180756575
8313983880
6012529224
7020746412
8232481552
7770589251
8407345109
7362722207
7768890070
8189462210
7944602646
8468400658
7104444337
6829918634
1300892760
6754503905
8436501353
7516639429
7103123862
7340499242
7018913628
7656144445
8029187873
7278088544
7096919508
8174246550
6977133107
8038750904
7496207857
7493509798
7941125526
7184213869
7067762827
7727481113
7363397169
6386934649
7094460404
7491174515
7578237743
6992589296
7499127037
8143579855
7048271685
7196309011
7319208219
604939715
8285438707
7394374115
7506983956
8414768946
8273956636
7830876745
7245724147
8299555940
8364351015
1862455686
7464836243
423223742
1748321155
6834036212
7369698868
8724860260
7412101630
7683484577
8550887505
7418745557
6806544922
6748044153
8302491938
6693171253
7894134820
8060139852
7120830052
8260320129
6883043167
7826711820
7098821908
7076861458
6263076014
7202272395
7011727893
7149752043
6152226610
7179804500
7211034168
8260700270
7044327252
7259016067
8450668276
6660042072
8122530999
7455489382
8419277832
7578476958
6933042094
7437122883
7259453413
8216495885
868940109
7118850902
8344694487
7282632754
7263279228
7830209603
6951430298
7372422814
7955530684
6024183471
6846485445
7806756703
7423358955
7247699665
8126671752
6627247636
7479179781
8422130914
7999059303
8365084178
7941027880
6626950790
7051366456
7451499313
394165755
7420774660
7518848696
8315397158
7317125262
7203761088
8442376172
7533470099
7114521908
6060438094
7483521351
6978866598
8039251179
7057547676
7379108694
8548985910
6703136705
7461061029
7366386590
6762636589
7973825754
8045086923
7020888625
7501205905
7409820294
7202476235
7133212005
7278361302
7608327596
8320634461
6814250190
7393250462
6990981210
7540132814
6910271424
8263704154
7237823771
6984846642
904898927
8134585976
6811819470
7136290626
849165433
7052306914
6515923600
7687674594
8488434278
8371035706
7128432980
7580570034
6862590096
8011230621
8019920329
8484692187
7302135014
6972168749
7589848566
6462022532
7536119446
372770691
6970880921
7143189016
7200581053
6558867135
6832276302
7969652482
6780799204
7106102018
6624222367
8360155553
7383510482
7642818753
7640779080
6206395799
6876828124
7749871774
8138237807
8385468134
6939059096
7915474621
7714314703
7004919898
8497834430
231321778
8076971870
8095587323
6972936184
7812975681
7473850306
7331847074
7686827810
5730146773
6932766703
7507466203
7062855600
6847817594
7653827369
7037007286
8264125948
7051704060
7278182046
7464635889
8100917681
7346580245
6056948816
7056786352
6881511549
7348513289
8450926613
7611341581
8304081964
7692619716
6490110447
7023368060
7409892372
7868606776
8286569192
8318308924
7348690301
7206557588
7747191346
8728014070
8133335037
7137302614
7364210600
7137957896
6898851467
1164856367
7386286804
8345652409
7399331611
1738523429
6420273845
8052774812
7608339560
6158893552
8565843291
7285112147
7352582824
7505114372
7210369498
8786544614
7152563478
8496349413
8305497089
7139155405
7430069773
8275878297
7398806882
8178391795
7010329645
6547099060
7277761541
7013137200
7489657357
8160812424
7173858270
6548512797
7370452310
6176491247
7759521555
7149145258
7442967585
6652836953
7627650716
7579475819
7893159295
7474529824
8466491728
7308238768
6964656935
8186622743
5176222099
8027556039
7229781537
6888997573
8260501850
8469352319
8474024554
6225472121
6933977993
761299830
7175290672
6950732441
7185680479
8454025936
7989652277
7999017109
6665220382
7773138669
7327225258
6539027554
2080825932
8454184223
7883848878
7267163907
8165290056
6924163678
7381208383
7361154958
7790113105
5307518925
8375422137
7972150745
8040124327
7643812121
8025745198
7155099392
6823504201
7725970463
7732910353
8175593987
6919145563
7562389386
7466986418
7710454684
7022187714
8379843715
7756873401
8223375877
7170281716
7736404002
8456807428
7245082523
6317866858
8352671286
8471292086
8476014328
7353662903
7442740771
6756396820
7167410403
7645770853
7977221944
7412445270
1127086475
7267821503
7480479727
7249861223
7181992452
1657213719
7015533706
7862076945
1845779820
7323740776
7122698388
6369786200
6667950247
7306662938
8383311665
6745738496
8367315656
7187109557
8005275823
7522660037
7302152260
7299575140
7702386054
6899112589
8220787440
7360050239
6954128350
7281407981
6151642774
7881566814
7808359716
7259314702
8373573186
7910575068
1743365631
6996912523
7484150047
7875723662
7556961035
7931960873
7720559816
7288925299
7196399664
7474236587
6678885704
7843063454
7979534416
7814118824
7466964061
8015861907
7208039098
8210306102
8055072750
6847224249
7913671578
7110536367
7380246707
7470129506
8332606051
7529819774
6622133803
1401864091
7437391358
8167725557
7999481521
7195480769
7170427419
6832277283
1363442192
7198413635
8562886246
8468020258
8177011420
7368818321
8570021651
5400323927
8288712384
7387797731
7970609165
6000964118
6638496500
7078055109
7068679185
7528400380
1565947429
8369411183
8144492290
6848315596
8222777608
7299054708
7437072209
8652125043
7975655727
7545326960
8388504238
7006887493
8406168933
7456236034
6721151077
7472504462
7390801510
7316688431
7022223171
7175844229
7261963702
7449551164
7815567842
7055327246
7126884867
8022968449
7139616016
7002946936
5257376713
8285963691
7841354828
274950887
8276674516
8061894914
7563590425
7097503133
7462218538
7995204888
7314908469
1975511634
7448275721
6918051076
6334583169
6641306918
8015239832
7749314110
7168247517
7880133045
7893945343
7198937520
7481774987
6724994834
7436262790
6538820496
7269203483
7074584088
8175756526
7391321058
8079471793
6914122816
7976246252
6813950967
8008818857
7538845829
7305014058
7182226041
7424598921
8386824157
7488116600
7213569299
7288873906
8112731965
6312676710
6561162446
7522759688
8259931238
7261005678
7480945117
7011731713
8139859035
7362596609
7183410967
8146540439
8171706464
7577894991
7361799728
7416492115
7079806189
1713754341
7105335997
7391976190
8228679046
7071175677
7015282079
7410431847
8365801510
8290603323
7468890587
7031262105
6924146741
8262447084
7331768787
7607113785
7925960070
6886765919
7404945459
7471537168
8415236125
8390409635
7321577649
8050591937
7148572152
8015794443
6726353621
7472788007
7829542555
7330089632
8392989755
7478170203
7355977127
8579593269
7907779084
7212518236
7973632360
6215738109
8299189297
8438265280
6850892837
8213479518
7374572259
7915990177
8338900432
8280363909
7764811362
6594046603
8450432871
7990805150
6755808768
6993237936
7982030415
7387443575
7182151512
6898274519
6937149034
7126379897
7879786584
7123310948
7604553849
8225723965
7120072213
7316451588
7715996567
7096724869
7686672165
7117777708
621674598
7039953184
7852222068
7447498363
6315147011
7366108054
7147331800
7047032255
7222791618
7460443762
590205212
8133826635
7059069280
7756678832
7256865969
7575105099
7337997027
8211086137
8251574014
7524221828
6125111485
7406214988
7841559668
6578963957
6698280648
7303324264
7203628640
8468193387
7240848417
7042637853
7955423974
7125344659
7907822655
8467959741
7895950759
7077530474
7373340267
7189104134
7572650462
5718642030
6738186655
7035006522
7557832995
7825269947
7515565912
8595296843
6554762157
6513368116
7929224157
7367914340
8089346791
7017739151
7285655603
7101106361
7688702076
7985603704
8415168811
7116797676
7913722793
8353460566
7179660080
8511438696
7324980537
6879975955
7632989496
7352757249
7381473904
6804539356
7503587341
7070063867
8414242829
8014451479
8442700032
7505218172
8306731519
7418736936
7252720499
7208733704
7772556086
1301271499
7504207930
7149913721
7300231269
7911131791
8405645395
7286728518
7857661930
7088700335
6452672718
7103164376
7059775902
6714550831
7748513170
6540071499
8037547616
8324984800
7536827206
6723671329
8936607162
6933342435
7555387661
7260808062
7244163526
7956380156
5552024428
7155404882
5571169029
7280643536
7535506448
7869309132
6909712024
6997670791
8340797211
7069843058
7090690490
7060013797
8035778638
7626007941
7600855868
732482960
7131894220
8474622680
7245824506
8204708761
7134596514
7919921799
6148474928
7375866209
7343093309
6904204256
7809792628
7475056184
7223513654
7002912841
7063814975
7244554037
8484883649
7318850109
7577106298
7446132934
8187648139
8365087090
7400179841
7759188832
6729926057
7698783017
8425349903
8367303905
7489411084
5641899060
7179827687
6481131916
7909502286
7112160894
8268449395
7610060125
7462634196
6789083768
8064103523
7473296352
7246246111
7066887853
6779263583
8533481863
7207903725
8296475581
7668108699
7057039125
8418355172
7487878230
6956775594
8103498846
6370979685
8264879690
7152503230
8550580743
6273871088
7951861543
7334989728
7542466338
7395574956
7356831571
8498239588
8735158857
8063698442
7908569534
7149270656
7218147328
7987879304
7427663681
7798122138
2044990860
7298739527
7737343725
7177757015
8234967594
7877626802
8097865362
7976126869
7888345442
1624824920
7409537040
7308403649
8099867467
7171753874
7634990831
8269088225
206647214
8244120059
6613909889
7290078205
5523921328
7726200525
7206701506
6666460229
7672810296
7024390358
6510708726
7232464856
8279991896
8354871641
6181818727
7280123485
7521418322
6964923556
6945710063
7655911649
7204996297
7597455544
7225351971
7531906807
7340020999
7209835945
7216882022
6315053385
8130447953
8415602994
8130467185
7372132715
8092083444
7615830832
8040200655
8207888257
8041282535
8054795214
7397007602
7774297072
7338258465
8460644176
7302093899
8475757133
343871615
7760104716
7755756409
7270665929
7255094704
7101774215
7766329444
8476995243
8207115208
8338071507
7775692343
7603780385
7420753487
8485367977
7857210428
6747039123
8277905150
8258961033
8358494151
7458611164
7112573496
7288009564
5950782701
7055138415
6588948375
8275429070
7105985502
7281898046
7231637564
7470380539
7151224266
7906509025
8442531541
6964748352
8350895343
7042541806
7247745864
7463598463
6893715783
7536165517
8519571369
7898805619
6544687820
7248625016
6798350878
7290048888
8145877607
7386496128
7756650354
7341102195
7682603787
6524503347
7031971357
7075239120
7659783751
6494092352
7138995756
7269126555
7481767936
6995045666
7742712132
8295338985
8336297046
8379424465
8141791872
7744636001
8145581074
8080325520
8303447564
7218246500
6944055685
8244385311
7477545541
394547173
7716693745
7941745330
8306373294
7261304133
7199728591
8403829562
7378712909
7744341486
2136262696
7659521924
7690699288
7810057579
7596126552
6823512175
7470161352
7779944747
8240425312
7844861801
7215841464
557585309
8371528427
6753795690
6065666212
8136237933
7589509289
8394484665
8410748088
8382638018
8162953517
8493715253
7510436758
7884462630
7818811492
7742141063
7240476953
1241807141
8230741509
7962782176
7294346887
7568805345
7683234176
7446328918
7304987136
7841131516
8378205729
7342371101
7185822660
6996793651
7034898296
7752042587
8028484457
7332679015
7732404901
8474094025
7322413425
7302170083
7810787509
7456226216
7452455204
8276923680
7403506792
7916702380
7365162039
8709359702
7180834896
7374346466
8064801657
7881301609
7824861875
7407213949
8456438490
6302101162
8437395051
7577763368
6580201926
6606542844
7542887715
7090474402
6831603505
7223349587
7120092750
7284127072
8257837856
7825087808
7420884490
7175648860
6136959117
8032402928
6858982526
6843310138
8482415453
8156603412
7436125247
8108790242
7577816982
7453542322
6905998071
6195216345
7087587517
7393617592
7794773470
8144795827
7404213016
7446122558
7436763743
6069127709
8099138526
7174678625
7138005135
7214882851
6325613842
7488897446
8123766495
6077673237
8542232884
6670994053
7659511777
7399676394
7974959466
7440694643
7820486343
7184627067
8462434649
6840548727
7099856380
6757412603
8148976134
7444057436
7317625195
7839954171
7321175875
8427891016
8427506611
8380224560
7178526770
8408329626
7211033276
7038989943
7232492940
7247784061
8418158793
7221797532
8445890389
8399540757
6911206475
8468023264
7599345628
7118507650
7236232804
7232561754
1646090453
8017346218
7522950859
7427653717
7879604330
7674145420
7367335320
6954215740
7062453314
7046896281
8129840126
8140486146
8006396046
7478335212
7417691647
8272325358
8454684951
8031659037
7185184257
6737033031
6718580015
8550504243
5570480002
7888551175
7558101346
8483041649
6510143177
6811439183
5433741554
6858901858
8406926402
7508980996
7272285677
7447539287
7697596125
7270510100
7174312310
8090825735
8411483599
7624608522
7454542352
7306496058
7323885391
7465476405
7208196204
8191962345
8352529277
7183111074
7209460139
590035537
7333417482
8491120715
7538216008
7346192761
7621394316
7124224052
7201576195
7416538806
7199751715
7993695230
7301925799
7534513267
7273629089
6891188795
7616320886
6751892376
7263037266
7942804500
6706819620
6940112806
7005887607
7324952913
7554593741
8406457100
7188661082
7402649015
5929229887
7371155666
6823159132
7389014878
6453883769
7089724018
7746570531
7001297577
8314963425
7930835473
7371130475
7205652640
7108919208
7359027096
6881122461
7453498118
7765964866
7179522007
6954127011
7780449843
7922550276
7458110136
6430770780
8163020680
7738091674
8341408844
7380475810
8240879792
7800085705
8026058500
7631901238
7417662335
7023743521
8489083365
8332008090
7226556793
1006815016
7253035804
7462006880
7421436157
6354845905
8470116839
7251268039
7300895137
7425321269
7586282694
8330587929
7621586459
7488263244
8336037769
7857922098
7856169005
8869335659
7319084549
7544403759
7309268030
7274493345
6866956823
8262640713
8251374909
8221050229
8579909457
7128854823
7234192573
6998341851
7296826137
7511053661
7935475911
7554869178
8135039499
7281842571
7366065789
8260422767
7575797054
8304924674
8366817888
7219927703
7762641630
7296250901
7094127829
8381617443
8385288444
7617497707
7582471401
7462577548
8319379059
8403917903
6971714533
5021918150
7278806865
7749554299
7834159335
8347532917
8587294502
7628286919
7792196335
7899702436
7696548633
8230886158
7127128428
8457684089
7388205868
7092894250
7279979360
7189804450
8472563027
8006820870
7939567883
8345190808
7186000335
7447832714
6978776446
8263033714
8528641701
7297646181
8035749240
7437469186
1982654382
8282398196
7721135166
6655425906
7277470090
6800740618
8006633885
7251199362
7679146850
6759239903
8070939489
1990913664
7345610840
7395061747
7923402649
8292509164
7576440612
521457717
8166076309
7243380490
8317723219
7283654352
8274922111
7063161383
7301170772
6479188695
860115100
7506818313
8006640697
8484785393
8400721027
7861502852
7967407232
7638584413
7118792488
7748947526
8465222579
7181663244
7931584430
5496563246
6045573554
7259556225
6330288936
7457037290
8222311410
7017602948
7791010899
5093282533
7395959233
7605376064
6422062038
8365298652
8522921202
7965342937
7643181945
7184868870
7226373250
7078757510
8290872847
8428920967
7454722689
7386212816
1706085078
7163590788
6772574752
1492028285
7389744335
7335171830
7729226721
1036925514
7742954384
7252736738
8052942561
7409017570
8271259395
8445372187
8188721156
8323789140
7720972634
8205158852
8017863607
7349913074
7349507960
7123565695
7311494844
7727534122
6911176656
8484469725
7600068815
7996540149
7250747361
6853566338
7428518147
7395231542
7993825020
8254054836
7129479281
5465899457
8267534896
7101012152
7885034373
8557148641
8429434061
7753357832
7720719648
6922714450
7934873508
6914843579
7879742287
6707870522
7705548925
6462306233
7041147229
7543759667
6828944465
8281252904
7372828318
7593888619
7763184932
7021839852
7686576664
7498048509
8090424473
7495579808
802951412
7106348791
7691074659
7752325296
6538598299
7553462472
8048529352
7514445515
8184268821
8091957463
7178197920
6785233918
7656965904
8321617112
6900290609
7283891023
7590444569
8430751660
7041777769
746773033
7019329063
7462319497
6862990828
8062885158
7263115974
7990187889
7205809836
7091402753
7641335740
6956283677
7047490630
7271741563
6995266273
7374433109
7080167694
7228666366
7278755124
8129307385
7456269286
7606246041
8385474388
6312900754
8373957769
7861941127
8489270638
7810202541
7241848887
7473431595
7382206616
5627932295
8541166261
7977061838
7047130041
7122561675
7962530753
7600272679
8381330645
7327167996
6463211477
7554374808
7072756051
8355367181
6398741275
8404798974
7131083128
7239004705
8312237327
7384663305
8177381286
7345728184
7272833118
8564376130
8329519342
7230817789
7316156938
8475321059
6924812292
7468109174
7943939827
6821496601
7186890225
5153363771
8461149214
7323398002
8491072029
7175509065
8171653312
7495401402
7629530078
7408980988
7559361586
5625496375
7768982293
8249130636
8210945897
6018297124
7814383792
7830477381
7668059654
7063731005
6352509331
6381406881
7473296216
8448132029
7511937462
8241160811
7669273098
8345480084
7355080019
7360850565
8064517453
8400772781
8327729175
7596593209
7609798978
8187474403
7392056710
7085341334
7289312055
7040692688
7214130761
684759430
7360810753
7399970236
8460899444
6932651175
7280141447
8493020056
6740242361
8036088052
7104237884
7655954254
6332649310
6136447547
7195521435
5851033619
6943777933
7045294721
8259071089
7012764645
7125776721
6874995186
7410821631
7199522488
6608092034
8063378568
7236333776
7316423159
6850934001
8073456768
7521515833
7275500292
8259757832
6671295706
8416392615
7969460121
7159162229
7777320745
7614308069
7129432086
7200555334
7030559009
7384836327
8456766340
7479095025
7550298215
7028654583
7170168986
7173466090
7437312216
7184150100
7150372457
6682584497
7909299019
7435751035
7684320014
6430204493
6251810575
920956039
6734103952
6052906625
7803127529
8424906905
7337740711
6732926054
6707286431
7022887752
6514474528
8447320752
7555893472
1109019626
8032233343
7829305428
8283533904
6379448230
7197735016
7899509610
8477250489
7324589206
7355026615
7195885074
8082041090
7191302133
6504488337
8320438995
8397100913
7449441866
7203357826
7618386494
7958372936
7230197767
6373661887
7428094391
7442293848
7059376400
6468398141
7407661843
7174695368
7665988509
7657168784
8117139828
8058197511
7903039795
6537026190
6502029047
8220780514
5315425130
8032145363
8239368866
7294236358
6551243206
7645915476
8290055018
7341597929
7397333603
7130895154
7419686580
7125597972
8351910596
7461571980
7169769624
6761694005
7258138737
7083631217
916389375
8486969502
6469561506
7077732931
6309089060
5365553836
7362016832
8075237011
7197100271
6663802455
7531612483
7192515634
7330873379
7444340536
6334412611
7003850360
7174139641
7892602722
7231644471
6341209254
7677508097
2058082001
7242388349
8038116562
7857956926
7402707078
6451360133
1556509103
7311435740
7379351514
7184413793
7062293574
7829136700
7172397961
7056290824
8027270211
7211674476
7438603916
6564376841
407733999
8104940319
8376702045
7054364449
7017960273
6852505304
6616155369
7256473931
8537860705
7458747096
6984930144
8246183030
7609125934
6681402773
7311276391
7224496785
7971360574
8079272251
7490683611
7838461197
6719573534
6783394926
7716533699
8210546718
7614293665
8010576191
7581283783
7569679795
8360323301
7512412276
7745339354
7056135028
8378912902
7174274589
7458074225
7312696819
7781180403
7446655204
2119421688
7204206321
8275475205
8506158302
7242881705
7172239790
7209199364
7678860004
8726560234
7479929363
8359148535
7354354889
7822101092
7840120256
8078548922
7091162873
7799309443
7521303931
6461020238
7413374353
1669842217
5526884655
7432447809
7463655579
7211909049
6526423184
6964497686
8421738135
7152879950
6445049663
6571234788
8043736213
7282802693
5870820578
7928612442
7464052145
7585034368
5578875175
7909355234
7488423329
7114183796
7180479889
5265944288
6925746685
7808885854
7148733532
6372107300
6455722347
7955221866
8404297210
7161552135
8178328431
7287967900
7472056697
491413394
7134889387
7799486019
7476152863
8422596651
977005906
7959647707
7759213750
7413208388
8086750889
8220828246
7284916092
8010131397
5049960906
7008476941
7376849739
8146739068
7744343355
7654232650
7242733457
7057923443
7211335339
5467720249
6153544129
945441667
7375049099
6837530793
8465541111
8011351992
7438266339
8398509107
7418408744
8418822303
7861280222
7019777699
7980593011
8168804568
7875323048
7155078445
7834397091
7855740530
7594006137
7382250907
7202084364
7311484402
7122771329
8125885670
7387590873
7671518440
7170473057
7382037738
8204267135
7398639763
6851601679
8133186458
8144334136
7087873996
7264541382
8253138422
8309764750
8369086325
7349571003
7319030961
6448658907
1071599398
8289834129
7030569025
456704689
7253310717
8450496922
8225149308
7613070419
7813377500
7380073290
7429175630
7288751887
7044328914
6998248450
2074781959
7515546442
8089140131
7016264733
7715823442
7495705519
7870442179
7424508544
7256069108
6414057053
6484556939
7627641462
8382773314
6640731606
7524098243
7468535474
7242790540
7640377016
7047434214
7327399100
7437876765
7077561044
6665569397
8384760513
946900703
7885515289
7330274901
7094632654
7222591532
7195514981
7424462081
7130787068
8108815915
7073998174
6703228019
8407444617
8204906358
7903808991
7146025146
8429082660
6475635369
8003060626
7166962104
7396625691
8118570552
7603414162
8207989072
6539774424
8468596486
7821683884
7881972579
7434759592
7083284215
7426568490
7108399945
6798127020
6907180959
7338852350
7483866594
8433590339
7954372815
7097079905
7165808788
999358168
6587978938
8331451069
7333371010
7545629569
7697684885
1978449881
7166099434
7652855802
7536777983
7198075770
1321131065
7429778012
7312473734
7674412541
8505146079
8463827965
7821664880
7086425786
6389061276
7595643687
7931291514
7516278179
8281528914
6948900273
7207686812
7759841071
7247634301
7173573374
7849869579
1627000402
8195259858
7877134764
7388964201
7397837297
8240014525
6708247232
8002189583
1346743534
7820178350
7486903769
8303268009
6177857395
7077398818
8337206075
6188749367
7662859601
7518674341
7296048991
7074585447
8339388501
7219931144
8485875574
8417338995
7916188832
7378877691
7832126404
6099888543
8315831585
8307516850
6999081498
8046955399
7798491291
7279385388
8302575686
7149498351
7033378013
8078225018
6390194940
7471055134
7965903969
7766285411
7314774567
7207784761
7420494282
7941400908
7366324626
7483487498
6889359777
7399139409
6415036262
8349241596
7991836106
7443270691
7660322485
7009337792
5120793461
6811972550
7121143700
8068665476
8009257573
7495402066
7698141536
5833462034
7809104035
8244423622
7785394637
8026340866
6992724642
7218889312
8296211445
7042281754
6847145575
7176724413
7310895498
8063811416
7905189829
7188969738
7337664281
8353659608
7373463312
7492315500
6810558572
6694374349
6491714961
7395603234
7285595498
7218635561
8388393164
7449713635
8117184837
7112236816
5533548999
7174410390
7552111105
7763843025
7225649576
978973170
7598939049
7753306187
7445965349
7457242688
8473671631
7345311218
7553540695
6373453232
7859276962
7519450888
6999619637
8245392149
6085917990
8282553868
7889761563
7493123403
7058045705
8251214066
7134707969
7251861297
7466915503
5188077598
7397176622
7287394159
6753063879
6569876610
6867030515
6077323065
2048844877
7395170861
7743184213
7218622846
7487255553
7567034960
7703203862
6747255261
8290763286
7302978251
213952214
8123780558
7603862957
6225815603
7665738838
7374102461
7766110826
7228681814
8079679584
5709944530
6370576317
7033446564
8062724953
7893458258
8052123835
6906340040
7903366284
5540053068
2089750705
8343259857
7375745136
7210937129
7748982888
7387002838
7412198120
7206827878
7233824341
8361892972
6967896589
7307622758
7940742547
6814785986
8034493631
7242884394
7332004984
8596788295
7088460302
8159582630
7729641261
8443753233
7904863816
7249111509
7192857451
8490319453
6328037704
8328118900
7437062309
8208585603
7656014726
8313456494
8084021129
7125019394
7315618725
7704180240
6967546274
7384165039
6893896161
7300049832
6383984851
7017603795
7197762632
7337187490
6978562122
7793154219
7205534690
8053567481
8219446056
7115396934
7312346719
7568532943
7377226411
7643337279
7935202013
7580956482
5253261886
7248526453
8272087207
7462120107
7948046816
7486387375
6824275845
7700473692
7667549908
8098824714
6659065102
7368720162
7279705232
8436572117
6667754995
6659403745
6583384757
7240743945
7961566735
6882924050
7424275285
7280028264
7630333257
8322068447
8161503899
7931491208
7535379237
8469437278
5707950801
7794687773
5212300690
7236133683
7024712568
8254338978
8287639513
5535766290
7300776171
6991419798
7472425403
6986056481
7041135464
6986821727
8375596281
8060872717
7877216366
5659358440
8267263704
7035422918
8295301294
7182089452
7569810671
6682764568
8395393971
7399488964
7081386513
6829225408
8264627831
8331973796
7496426965
8312254420
6876864161
7015845172
8483796401
7741427581
7914774691
7201964989
7404148890
7380998496
7076636087
7032226896
6712849969
7828437916
7232777518
7920508343
7732485040
7444796140
6860042934
7543465692
8490006562
5791970790
6556087326
7553501458
7422134793
7432050369
6709127470
7879261652
8393210057
7301307468
7161631511
7342899164
6989430804
8439224852
7617778706
7443264893
7356032022
7795597820
6891548253
6711949023
7216735792
6469175686
7389164744
7211173345
6851678411
7991843761
8462504268
7216678498
7598775137
7417059590
6877841170
7536707089
8184987189
7111873789
7198573440
7083156702
7061515297
6377217218
8361094059
8213036745
8097489006
8410656926
7166956511
7407107650
8024260420
7783260777
6805764204
6918442550
6427290936
8463429790
7264940783
7388792895
8002991541
6756896574
2111525282
5921427789
7603935217
7338259950
7520066879
7074421978
8339006097
7261213151
5538052685
7105285155
6415104470
7183855298
7216030785
7066357887
8420244751
6501021771
7312245362
6779512342
7628003493
7635484143
7985546301
6617342749
7731094644
7770686305
6873654512
7158485004
7562973881
7535233141
8012791352
8450061594
8130651065
6947863655
6951645261
7206399272
7184706314
7933258045
7979834665
8409834028
8367112149
7515145582
6457324602
7006582337
7971004114
7574665687
7801962584
5177100020
6409192598
8273551133
5767207893
7507568847
7255612709
7082109874
7112968543
8412902549
7925443922
7907929913
7563512094
7472956704
8135023926
7408571762
8586634427
7187358833
7298645768
8286041437
6844328273
7655915744
7924902017
7486757595
8082631082
7052658917
8571457911
1881772538
7127089650
8516678180
7134064481
7278810857
7082872656
7285415959
7644733640
7323031989
6775735177
8306926779
6969991282
8313029189
8412441072
7125475398
7485847174
7248333526
6828283028
6822126374
5791273244
8035891074
6554218070
7984381879
7755152721
7671486682
7395924876
8106257539
7687507631
6994855151
6911367245
8281218241
6554964701
8260403495
7017269350
7450443966
7983534477
700189679
7844003301
8417791305
6940689464
5884792868
7481652216
7861711621
6893155345
6569732890
7357794865
7387978189
7593261137
7905197095
7341573151
6965940143
7050570423
7938475022
7049265659
7932980560
7477605736
7547092608
7100383607
8444780495
7320110065
6850356871
7716755087
7195543189
7430732040
8323960941
7256150274
8411463628
7187335370
8318364200
7040784911
6922143590
7438471815
7437195034
8536725507
7041436159
8238814887
7247231354
8240922393
8464368464
8138290493
7997753190
8139321080
7139352041
7040118988
7345890742
7670167068
7563126454
6581958835
8457255061
6991203530
7105685703
8585702298
7194126349
7516922219
7163658492
7888831456
7764055409
1970780810
7089245055
7920782071
8474920646
8536254472
7426664238
7072880453
7843010990
7197250737
7049501839
7406399131
7870220927
7081621846
7592653358
8243425816
6290624924
6764672843
8497037392
8422105868
7914444088
8104173485
8237093640
7850156278
7821001870
7360330133
8260619418
7607284236
6302204093
8253216989
7350098832
7727202081
8405036753
7111413138
7978186494
7842170439
6975452500
7775398634
7262428287
8442786709
8094237698
2089378302
8272888435
8419890626
7073231168
791029655
7426242335
7341945715
7992689111
6962566270
2082931466
8297420620
7595184714
7344432428
8390722574
7353417198
7386815737
7111710003
7491460897
7650661435
8306453300
7856822840
7342415371
8181085170
6839486587
7931573250
8208337701
7069983064
7533993880
6514366320
7811706976
7320175134
7494308909
7416954475
7259710471
8480389966
7069265206
7992434153
7126938019
8392823650
8413539205
7896468049
7961420951
6742856787
6575517322
8050445001
1646269253
8404775884
6383304907
6956211161
6731500586
7569048796
8592254412
8485777187
7468537549
8070515016
7289183996
7622396799
6158020655
6913740721
8130320156
7027813636
6266553847
7126877082
7449144213
7629330664
6854075045
7198912214
7056189798
7313688748
7639827521
6575445219
7262634881
8314393223
7424486788
7166470748
6794544901
8086102626
7045863654
7428867870
8333587912
6956706438
7514377310
7157123602
6782234122
7511790891
7012014193
7216548023
7494843539
7010339343
7284635385
7383787559
6666491203
7243106204
8563354599
7320823372
7587862271
8347318392
6849793474
7148793918
6998403147
7477174340
8404933536
418599097
7270035725
8480241136
7256052414
7410552805
8583944892
7458338137
8289655870
6724845524
8391252862
8368574246
8234175887
7766139491
7442342109
7531020996
7291736358
7208267557
5689186789
7138094045
8156558957
7302600936
6480896380
7445108138
6375244112
8319241445
7081461419
7484332011
7495168286
7578512289
8241600787
7598887227
8432935224
7348953168
5690005387
7964035258
7768085689
8266051023
7269303762
8086661199
7691290054
6950059186
7388056006
7406083282
6851149254
8289386650
8030930398
8318396705
7592649619
8449868965
7460836951
7675423419
7376491073
7322812869
7483484163
7456025888
7248728291
7511565397
7874654094
8113710946
7073212238
7006228520
7359435074
7103270514
7215708254
7312809663
7329120582
8835841011
8377118088
7248135891
7761681442
7270380675
6650309200
6770134320
7052023755
7134697124
7331030532
2072539487
6992762964
7380243339
6977667949
7082687558
7453120912
7305209082
8044942351
6050721916
8388476120
7678091210
7576895479
7601043455
7728719137
7280889640
7934145497
8536049882
6994728246
8474478448
7950685635
7779011059
8276635302
7454508086
7118088398
8300527093
7709406842
7920080171
8115068066
7667419016
8265181402
7331109269
7328163551
7332769884
6471559060
7110954013
7347788604
7740769819
7318051062
6977757533
7745847324
7336385857
7430075110
7739504118
1481368158
7234236200
8370083852
7750590304
8418278092
7462819839
8289648464
6511334492
7727514989
7830177742
7133975472
7477446743
7838230090
8395207681
7667394989
6915400190
7030735920
8166228836
8204237806
8212819665
7499499267
8447077472
6145011433
5353269278
7242804794
8242557998
6914463371
8285135918
6753085322
7740165537
7475778694
8014399900
7525011693
7076516518
5284193987
7398971513
7390120865
7487006956
7370095215
7849516835
7413153718
7360057791
7458034659
8383388073
6942861609
8271075289
7835378408
8391055784
6050718571
7210275200
7776509884
7648130754
7344901198
6735149101
7345184401
8387158070
7931180856
8429224226
6990656334
6943364548
5914021070
7499364194
5474153971
8589570995
8287053721
7442787827
7088125981
8562457144
7692397253
6592185009
7070871177
6240583530
8193433444
7576885397
7813150356
6749601090
7716595166
7335729854
7485448040
7673196656
8030785612
6343952235
6751486654
7527841672
7910342885
6492220821
7352232500
8240545874
7415553320
1894855690
154361208
7611077405
2024393391
8321134907
7875360496
8315338459
7838380073
8003084784
7910852646
7350350718
8049128978
7851676395
7370623647
7497850813
7499051482
6739138501
7611952745
7033504299
6630721056
7263611060
8064214511
7936364525
8394643015
7256470605
7327875874
8044287893
7374455248
7139734258
7772112807
8002738236
7200092679
6848795768
7841487981
8341553827
7594250914
7707045622
7135161638
8138826744
6901092785
6884364911
6688247808
1158339839
8189026350
7934640645
7002215436
8392123522
8406502133
7454467763
7212049386
7750837013
8515522137
7904317416
6731920010
7315515457
8350594545
7337252275
7469217126
6747914871
7474558205
7741704720
7492621956
8267963503
8325188829
8212923945
6141477502
7115216948
7453825431
7115995010
7146209254
7413648518
7493879373
8390416487
6636607777
8467010149
7934139783
6850186368
7083142104
1163434638
7122412897
7652064208
7485278052
7188484221
6587824798
8280063151
7031792643
7327477438
6120767829
7445252493
8312631958
7259454165
8288528689
6444426865
7242408507
7223104023
7226838476
7303182831
8247424486
7507630409
7309288074
7396375097
7414421462
6993609045
7269088535
8101551355
7945037779
7863653273
1766491031
7466347178
7861380257
7035683732
8451162807
8052003716
7032438378
6546014158
7595599128
8082797740
7587040203
7177098152
8231142808
7395166924
7965895539
7429813572
7355484338
6999698128
7398017345
7117810019
7988527436
6990024871
7858484363
7264716774
7302733020
6994258370
8387587417
6171950455
7258867984
8343521844
8344066798
7323661904
6993008770
6904701808
8306843769
7141312818
7218820301
8186021858
8453873208
8472978652
7190455332
6105542185
7980353676
5158103734
8170286040
7269577411
7911265482
7280161722
6899449917
8089225733
7801042479
8339122018
6841675339
7116524208
8234685916
7604920608
8422112270
7052022227
7699150048
7497499438
7834944348
6686873603
7814680658
7848645490
7975879188
7132532981
8408352210
7012465809
8385524459
6988334101
7308417123
7151007167
7889411890
7269771465
7594215727
8308078476
7044717354
7149353015
7690840864
7143479569
8405518141
8185986524
6993126355
7718990265
7277699985
7098425077
8252456811
7673908041
7236079144
7722520492
7823187504
7839616686
8031128811
7350032306
8496278757
7265121349
8346107766
7530367629
7894794498
7233087028
7263263693
8057395351
8351321764
8267477336
8123523828
7540880851
7063972795
7379725057
7693184083
7421910750
7262165676
7217259824
7330608767
7345842227
7117331894
8439266668
8233535670
8587910981
6406736410
6804465640
6882160771
7818986764
7023568219
7000693194
8380799956
6773071960
7544776582
7456765996
7574481581
6696389817
7821550076
8373768244
8480143676
6416909130
8187617681
8359432394
7788604891
8168060891
6174517757
8359075814
7309202418
6792481163
7525547501
8458373733
7040935428
7219118110
7976355972
7949898955
7433431126
7306276192
5721058071
8576127975
7155204675
7214247919
7310838658
8526579789
7325614969
8273698429
7929714248
7064873085
7958573871
7255889028
6999811136
7083216483
8314198070
7325568520
8205785391
1967887431
6942013775
8554487316
7380957938
6912855149
6576315329
6802765537
7409003581
7225655653
7964649069
7675736660
7796638999
7892166251
7900394185
7882954072
6591147374
7032298394
7360390507
6239532969
7478743933
8346868053
7461401321
6770418489
8821483465
7316008424
7115898928
7233383122
7729796074
6947548136
8230933091
8402427964
7934792651
7507289285
7004012011
7166274086
7167092392
7155451147
7425208420
6366807172
8347674696
8249540512
6618769222
8148159901
7426360602
7292249257
7690707983
8450351116
8083848504
8473587387
7612108133
7603596121
8295518157
8430839365
7478744170
7058503244
7211198718
7565034968
8387706094
8300266414
7128047298
1898415571
7093930347
7200297360
518044962
8408715680
7132249672
6411905833
7006703512
7581873747
8417800210
7415758489
7405024068
7770666539
7903831247
7037240738
7452243749
8305555682
8208912902
7427229701
5819056271
7310512770
7898738917
7912640811
7202106588
7430786628
7217589255
6995496438
7384345089
8598425241
7289062847
5587587173
7045668167
6343553717
7434136888
8561383889
7010585521
7439686763
7086236323
7302233231
7803216955
7907550119
7459301923
7320088088
5728901397
7760706821
8573529275
7144424132
7880143450
7403757329
6765064986
8374106425
7597493042
8454694455
7493051918
7562699277
7157924778
6711762781
7485448995
7853714151
7316775100
7664118017
7628453878
7206661934
6021487334
8066001501
8284371355
6876224920
7233697225
6962850831
6322855102
7312800352
7397733615
8107446964
7205988150
7312633108
7233522358
8051559038
7464833153
8253656097
7106501111
8150037927
8073276460
6470305143
7361113169
7365138700
8486750349
7029139219
7659807325
7482945211
7127979278
8120549999
7227354769
5921958034
7408712647
6827448384
7180492905
8274585796
7660832338
8490187718
7150913562
8531617686
7868871595
7452203685
7420652960
7243403140
7989442038
7882531108
7253139472
8417614705
7208005685
7195917728
7071131931
8213739128
8470933769
7419695870
7201972775
8385537781
7793549453
6992415037
7211443405
7847767005
7549239338
6009818949
7576932144
7161877095
7057784569
8207401840
6751297427
7677146115
7427495842
8478217569
7263079630
7681633748
7616378604
6594775996
1946136507
7123122811
7702125316
7493364311
7883322113
7219480505
8100283398
8093056341
7620075159
7387626619
8009708542
8111910210
6260103374
8039937008
6377072173
5414597263
7769466936
6129254665
7382887048
7465063737
6987709280
8146693217
7926278937
6736486778
7346087033
8291143577
7394064627
8297904118
7694616319
7040125143
7348088878
7025843718
7422002190
8363777992
7841502017
6374445429
7462695600
7484130466
8140363854
6669397529
7362193888
7422228914
6765953925
6901794549
7563442668
6788702676
7305557387
7954227340
8392261964
5561621144
5240556855
7420322205
7375657525
7609294987
7819285883
7204729654
7422515027
7187342673
7194618127
7271390228
8162153358
7143034452
7383720871
6656276560
7469937481
7517334531
7107786288
6612617654
7135025641
7605826400
6786252363
7102357983
6750318018
7767004966
7318389721
7248473097
8186868337
7212678195
6983831848
7071387053
7462873230
8180983898
7045247916
8379847494
7135396945
7588575896
8518156440
8288070763
7337025669
7347918770
7040094961
7368536067
8178139458
7384726174
6787788752
1660102572
8005957107
8464017141
7987469948
7153821292
8259024732
8047631592
7192752669
8370150114
6591809513
6548430778
7418426937
8223170841
6305970101
7513387860
7481961203
8312151082
6944606696
8410062049
7518239854
8012032872
916873658
5657230820
7354612757
6953834751
6789812457
7507918741
7227082906
8211220564
7211358483
8204060909
7991015019
8333302393
6827393355
7884126728
8180733796
6705253460
1341728941
7582966382
7277732854
7674893237
8321578516
7137346397
7098892231
7484048370
6756757706
6956188560
7373536310
7896809325
7432116423
7965713990
7391485278
7339000973
8246463815
7151664213
7518590451
8457096146
8292078042
8304196508
8384694020
6928754326
8458865883
6701596239
7562060563
8450953574
7691372347
5385263112
7335085509
7025623932
8135268275
8197352649
7055995032
7382210469
7366741519
7417164352
7135400776
8245712559
7256465697
7023396685
7121547868
7249026481
7686407603
6200165150
8059320476
7951059723
7850186204
6807359241
7032448998
6348016287
6500489365
7179334443
8534442473
8163266789
6855285971
7200473837
8337879263
7256675401
8518744633
8144996863
7233058965
7068361163
7021340001
8065877849
8160493071
8419283003
6395532443
8473697998
7556774224
7022967259
7062910508
7194524826
7339812558
7146721965
8263518150
6541596009
6229041619
7119600616
7487323889
6068601472
8536876798
7465038577
7034096055
8214793149
7885588280
8274903754
7019218364
7854776804
7072506883
7217458317
6964977203
7330791175
7221734320
7543329729
7144338288
8348237758
8219258757
1500219182
905695830
7418706867
6643939655
7545700122
8050287891
8213912552
7324516821
5632246976
7813404940
7979151421
7172799712
7676219059
8138096440
7640680291
1468871384
7906702269
8447415059
6530557224
6988809568
8228626111
7632185906
7067364302
1788120259
6228559123
8353685216
6866661618
8471023174
7362631062
7058428739
8153659768
7308077269
7904060072
8213697640
8228483966
7340604110
6993683920
7547352033
8383913897
7347553288
7979790219
7737998523
7673223463
8121103924
7851117564
7595815111
8463908580
8014590481
7005448604
7538474769
6665773210
8196724170
5012954210
7357134555
8241869508
7002260852
7995234896
7358183129
8063805216
7288433097
7920012849
6579225427
7411306216
7284628096
7437632206
7421651251
8004885164
6487925866
8048529263
6402584504
8044469974
7178800943
7596431206
7235254449
7301131439
7517468974
8387923214
7250731063
385302503
6650156945
7471520245
7173383246
8272592511
8255289520
7348241803
6563782822
7550723676
8361238856
7544893935
8304634799
8267677704
7270737640
7562750446
7789340253
7749875034
8397947040
7046499186
6252721280
7330055614
8317921965
7165763080
6216531831
7595881159
7312987182
7479121099
7693396086
7055322725
7439190363
7823564476
8172580537
8260434777
7321591193
8088435575
8391094268
7147082739
7428499924
7648944437
7321842585
7146636004
7997243344
7787956975
148689771
6517541839
6918497496
7646295520
7627404652
7156171380
8017695107
7119913700
7013387128
7346421667
6536196110
7493360672
7237792521
8302742437
8274731127
8366303253
7600742040
8041143116
7432054454
8101997926
7267575695
7790200076
7614498202
882908840
7515232043
7609510121
8246024994
7231568524
7566789173
7011074751
7270134396
7405909200
8249951908
7179645229
7170179376
1212699559
6578273645
7493898614
6394825788
7592100600
8482829353
7539008910
7210445411
6991000458
8075628774
7479766492
7537779265
6955333556
7674499884
7468773553
7052901611
7435188149
8115525918
7087558804
7303788268
7179908858
7554556714
7503307758
7320407838
7799273440
7663511106
7746099219
7664483380
7082038137
7381902178
8468508156
6591645568
6983743977
8405308235
7682682445
8160173348
7635117278
7196481683
8315339529
7507825341
6459156268
8416450125
8282549409
7341032188
7348080469
8415336821
7008760444
6694643196
7582885588
7568191461
8097434352
7518647207
7610102480
7452466895
8200555998
7860936930
1590446916
7481654048
6297918849
7675807422
6472536013
7156877433
8352733211
5742016554
7981399906
7825808039
8148564967
7514591794
7731048511
6815883703
8200130184
7881808445
7506206839
7043418755
8414388064
7941732530
7265026081
7253118361
7393576601
6417763597
7201802878
6654839554
7518492649
8517517597
7132005354
7212579897
6856746093
7514281740
7648794293
7619669645
8376513394
1746809969
7376177475
6780380191
6267139846
690749251
7468606185
7072703948
8366391105
7792894377
7847577892
6761099400
5862209689
7833137945
7654141707
7982920995
8356474203
7072813553
6778540079
7379654818
7249715271
7569511029
7506543017
8519084060
7336905358
8432846427
6366305142
7436369757
8489574207
8164889519
6537779533
6771772719
8155056855
7365845716
7068848606
7434181714
7799926001
7462786940
8336090435
7687547516
7662792007
8426342928
6739820926
7282797496
6748067558
8490569170
8280062938
701087744
7931501327
7892205639
7177770030
8393620805
1858569255
7393170961
8270999700
7900385630
7327940980
7952975594
6475293294
7468403938
7893761156
6966312851
7312416845
7293665039
8481269887
7911746247
7351710450
8401711916
7276641871
5835776319
8448796758
7919920526
7468107082
7623964469
6439964062
8218354097
7537722997
6765410005
8471431591
8238035108
7216727861
7379988666
7006114997
6758076312
7938728494
7410657153
7149326771
6985479789
7306922623
7353111227
7114453146
7824592585
7169191005
6865454236
7900600079
7285342756
8208548475
8247826416
8431405260
7794625381
5564634329
8292408126
8496392473
7796421907
7847129300
7177008549
5757356415
8144956242
7352165248
7503877035
7902124961
7122575439
7936872750
7659542710
7304890957
8403808465
7074425063
8181386640
7604115329
8499793057
7428585014
8483281053
7161239383
6988600073
756492177
7644209550
7817757084
7235663205
7395392591
1604908757
8179071729
8254205818
6808933998
7379164305
8497462355
7247478477
8243822386
8392888028
7600283294
5934466781
8590006899
8584260288
7514461128
8190519697
7211988498
8396413314
7360368427
7349793971
7200501694
7308927169
7528253111
8254371279
7263658815
6802634816
6933216028
7205984858
8042984730
7144391139
7511483343
7950119061
7247622049
5624512047
7125771073
7334524759
8465169572
8231481787
7253584220
6847708074
7587919045
8193385669
8509509868
7164577170
7101956112
8394757387
8409640969
7375646803
7782151623
7528351873
7945954538
7752981875
8244940071
8379729688
8080463985
8383647961
8132457071
7893993853
1985148508
7005944596
7485029602
8005104306
6585959837
8476207915
7893653987
7342755875
8401885949
7606806758
8023071242
8184294462
7237168117
7463178273
7484933170
7935391619
7680064677
8331950450
8185231943
7564994676
8050603942
7271343800
7435860381
7244629191
8863045418
7859229647
7919699445
8437996576
7840938086
7354708791
1831472353
7852191091
1800904742
7738954225
7283501003
7439550879
8163767082
7785748247
8204081320
7141071073
7188556211
1905702428
6956586793
6902186313
7838818993
7741505666
7089389673
7065718071
7319884898
6983429207
8108882133
7276362947
7826528181
7624573558
8345035358
8074468117
7319246865
8263249899
7592237282
7438066752
7337756366
7004366694
7224667603
8001642009
7124575693
5433552960
7710449689
7334701377
8200361572
7641174385
6856608047
7666587002
8295201980
7695551071
8559412506
7460288801
8454003665
8184759697
7183937832
7788073354
7354612569
7040400959
7574897851
6850995547
7440974815
7477450719
7637653534
7144527601
7904672897
8254383533
8278161862
8056141302
7825360397
7029701123
7941960425
7249570590
8227537746
7047877653
7039302552
7060034435
7502251183
7417092372
7901309353
7021024128
8496017236
7034188442
7378558058
7350233986
7641158180
7136981160
6329658828
8062920214
8301084493
8036524596
7004429498
7280585556
7235974527
7334823737
7675488660
6822543731
7801213448
8459292359
7193660184
8036465057
7645163044
7657212793
6726666586
7905023094
7824294169
1852109901
6922027674
8546918347
7019125664
7922970895
7293644368
6639760531
8369758937
7515909546
7743242674
7945591289
8063794692
8044719357
7007386025
7923211715
7347149281
7374175604
8371891820
8478734136
8474035103
7892393278
8343646511
6994910146
8154785410
7242307135
6702772378
8438196012
5376475711
7029540995
7280835809
8457900471
7501826168
7324880979
7346926300
8011187945
8137142653
7448623310
6764090468
7691750456
6732552390
8289128461
7385704977
8005871853
7318702068
8304504843
7235949829
7285551847
7569258927
6715430038
7749882784
6833588085
8318338992
7396130951
8950318787
6069191618
6790396667
7194010052
6877400392
7905915978
8382925674
6633253216
8325047081
7340105952
7656696190
8370086476
8211204078
8289221524
7024131813
8339460412
8447085898
7246461232
6576366043
7501176404
7396427572
8359396919
8445826151
7762914504
7958968932
8451558715
8078464334
7929337544
7170842454
7288796534
7526760773
7915538880
8466785366
7247493562
8244597906
7559101958
8108200604
8290370527
7256212173
7151326306
7496583752
8260235541
7061526680
7159617943
7762019796
7204462637
7893413426
7140903606
7093269569
7384559693
7075669834
7196439457
8331125171
8230194424
7395090423
8555805832
7828309724
7299694166
8283542545
6500190410
8209495625
8242352032
7134744287
7824221041
7388216614
8088735786
7629281480
8209389130
7945372143
7192520660
7191854217
7477999644
6491685877
8039352569
7741072896
7315641229
7873887488
7518622102
8253728496
8420429391
7485506199
6799594249
8154380496
6720230273
6719779571
7597576429
7450708790
6430753803
7613858424
7489385360
8472363548
6735254982
7443422723
7767507744
7122567438
7189521764
7651097970
8055434382
5044027358
7056315762
7355008813
7133672711
6320329196
7725591337
7036246285
6415290677
7708721017
7328685234
8314096443
7021654770
7307314050
7536182249
7401814598
6843952314
7942294510
6726238250
7100016211
6932190470
7799899802
8444532300
7568780709
7291829888
6956995510
8159299133
7067869857
8474349493
6394505289
8098809100
7600624125
7475565123
8320116440
7234751201
7483031830
6999511701
8300787140
7983149025
8525416473
8309753275
8018184794
8450445131
7529917012
7747750685
6425994278
8233839174
7063574643
8247869035
8571414735
7459950264
7763590736
6307270684
7261855509
7741059604
7576375182
8045360386
7599253831
7100844920
6433739917
8094237516
7972203670
8338847781
8222698398
7215905048
8119570390
6938984940
7924364675
7543671657
1598276709
7418228976
7284839407
8229077597
7261491145
725450066
7246182995
7822307610
7343553015
7873738930
8175124208
7879998187
7240429965
7392547562
7427098311
7351845420
6765787840
8298047768
7332572026
7871879993
7129364344
7351504698
8058196182
8488939404
6881345750
8093466885
7288541276
8300424100
8228042535
7638815088
7308447783
7750331698
7279653454
7008388816
6370904296
1210894184
7402643434
8038099838
8467375885
6410801151
8075980565
7153517433
7319138319
7881559476
8218892065
6796396143
8373224875
8378459153
7546578707
7450902229
8171337778
7453049855
7356793789
7146017476
7683641349
7435061995
7676084617
7218929885
8379132913
5764555114
7262003372
7133352454
6161550414
7244589512
7209276261
8387645694
6497050871
7515131171
8424870350
7551517114
8482608887
7590190132
8092464307
7392163363
7744915330
7627807920
8459464404
7238882925
7579111840
8374090061
7769725870
7320728424
8285162429
7313282790
6450243080
6042546484
7255185842
6672564451
7675912855
8452295345
8367642250
7336711638
7019142344
8163680274
7570128826
7259364028
7668218579
6028543260
7888150217
7435886309
8566277071
6792909803
7269299719
7105209677
7407111276
7051585277
8123349167
8547593010
7977676482
7015088216
8222920487
8360768936
7986908172
8303869472
7459950386
6124587322
6711192674
7110209083
7138706347
7086503466
7989253717
7532970915
7440948614
7346254862
7622960891
7832478150
7012924562
6600035828
6935657462
8077416524
8193003235
7148342433
7078946201
7436289970
7354921388
8016944846
6800696892
7002122446
7844851447
7472870535
7584214362
6377824200
6461857724
8064583570
7391131462
7728093509
5894353017
8077182860
7636270168
454940841
7268799789
7773700825
8403742103
7247357446
7708475668
7759262305
7577691307
7584954139
7346167906
8189078881
8137841089
8181612078
7369320582
7054881713
7708561744
8293578423
7490395901
7391083410
7456293052
7918482674
7478488705
7298809868
7772104794
8150010087
8520414126
7604235876
8228079616
8271319897
7583318864
7683473960
7478482319
2096638618
5295263717
8385353467
6860414607
7536247141
8090429037
7443874465
7991587866
7264584024
7663334504
7681173855
7044040716
8407048999
8295579601
7192288186
8434812812
7038245275
6906243010
7915772840
8335705868
6837584058
7905170196
8365083129
7473057649
935755117
7499457763
7125252879
5343317323
7497940189
6760984441
7418543822
7604207617
8471722921
8352558206
8056573282
7471338055
7233860655
8284902327
7644579282
7645603119
7535205040
8053574487
7237574673
8260091075
7011082316
6522444745
7704409127
7381010325
7345273327
8438588559
7121326275
8236651020
8185475798
7433701280
7674362183
7476059450
7396307440
7222149060
7737806484
7160804673
1192944506
8307976029
8441203884
8273925252
7241951148
7853188700
7202190841
6470002044
8044394773
6875650828
7871408782
7014937816
7434709731
7909201495
6842749351
8502659136
8273362510
7351972649
7540181480
8250911209
6410752580
7347760348
7212114603
7636287671
7457502474
6997386132
8011190991
8420635438
7824058099
8248646782
6909952090
7062701474
7331529467
7917970711
7469573056
6425799028
7105489993
7175769064
8215346477
5837209503
7002219820
8355226096
7293465598
7230720008
8362069392
457563632
6996798873
7386306019
7676630935
7184441848
1816917576
7282802095
7446729520
7486330181
7249558179
7223904719
7323545064
7261713825
7938270231
7420575856
7281070073
7058444050
7281148462
7347821338
6750804567
456178807
8303988569
6873664249
6448798415
7297051016
8363927166
5145904635
883743934
7763634045
7990240729
7463680228
8438344725
8418358967
7150410251
6991193812
8232044427
6013023754
7410307869
8267122555
6969894484
7661113117
7146562286
8258740131
7513366460
7153072811
7480708335
6832908066
7107018340
7022937708
6997128221
8304807704
6814685874
7120588051
7363206565
7439364417
8135456053
8438095050
6942803127
8378635359
7772142048
8268918014
7946057832
7397400011
6562815591
6609387477
6793415465
8425273983
7019205515
7483987356
7110098316
7148730625
7162617669
7203088153
5898793874
7929935892
7406672637
8153495460
7681970415
7123801199
6909630251
8110386040
6244022237
6725804240
7391107045
7077841693
7337326352
6722088865
111915205
7806014124
7546197465
7854923359
7471659096
8417900251
6361630446
8041594044
7217086067
8223782601
7190515988
7180289734
8448122532
6686580201
7075604731
7157514800
7222418657
7719821813
7674500334
7474501693
8386231286
7489856895
7522738292
7900917574
8113949630
6965902634
7097457892
7593314473
7200787798
6744959705
7257597824
276496369
7055611964
8118002441
7246624754
5988121172
8143919267
8200583679
7223286587
7148131770
6721366092
8161257589
7925877632
8374833301
8309730596
6657746407
7039409222
7823458116
6896977679
7128007912
6754600405
7845870504
6647538614
6979519013
8261460614
6767834024
7353201412
7594720593
8360580027
7039093585
8062872086
7305565834
6283248216
7773292791
7305896740
7287370390
7045572359
6112422046
7230432652
6547978573
7902736158
6835799014
7406507462
7742583198
7391109857
6668703906
7455757889
5637112278
7321265976
8103238901
7370915345
7277741664
7644571550
7435935650
309670587
7088081608
8058873455
7245062232
7049374876
7410127383
7222568488
6390581846
7028818487
6937005752
5419545911
7544686337
7252988564
7780468324
7453473502
702754839
7211449893
8477029579
7441829082
8545195660
8080725697
6938255482
7237937055
7319848961
7122414446
7177692752
7064711523
7032177805
5716440390
8303708046
8085618872
8113226585
7061510382
7437296582
7263639675
7540379076
7504097287
7068068994
7356661874
7236187897
7659496792
7880691910
8075203776
6844236552
7757067737
7667950557
6731042741
7554900026
7488719491
6993264288
6463798374
7188664100
8324436215
8165223003
6553985570
8134698994
7840607204
7903391065
7594906381
7328829941
7376669377
8006999575
7334937887
8197518582
6344031941
7318691844
6664579133
8234477524
7407105192
7886748391
7078535206
7432178647
5281540443
6054668302
7702962044
8054109859
8208037639
8467803411
7318810710
7102774570
8310968841
7579174450
7694012959
7505142955
7000665075
7321630431
7883783243
6992521865
7599451712
7088015848
7816867059
8053168888
8440659442
6378529142
8250531679
7660223777
7196793237
7190517579
7060001173
7932952978
8426472053
7561658991
8211131912
7245523874
7510765062
7254528459
7445132307
7569838112
7026003593
7842203513
8312285905
167266089
6869965071
7861891723
7427874174
7455570070
7222967982
6785554430
8490939672
7255667741
7689088859
6512437574
8042152701
8481928505
7271390316
8403513052
7242168195
8464273611
8467100892
8040785476
7066103699
8036713592
7516334122
8251025657
6992274851
5929855663
7030743460
7215020874
7581737601
7402956907
7527170121
7827776362
8494297987
6315066172
8469565865
7965974343
8433623437
7464375768
8364009185
7080719688
7399389492
8393616392
8430009368
8020606122
7891681511
7505508570
7854202592
7496227838
8457514829
7461701982
6399641990
7472685979
7535632200
8085151323
7889849046
8168289128
7238693607
7404841498
7461175396
8378748491
7368130697
7468843812
6892892458
7400318291
6831816752
7295096961
7200175601
7826109730
8414679817
8440972507
8514638459
7059365769
8416990940
7262586018
6966207353
7386835365
6558392030
7818746844
7170243729
8449147623
6759029638
8365644310
7247861817
6795288982
7202661168
7258082126
1073507271
7363994032
6994865993
6993915978
6671979333
8550665849
7840434257
2125258426
7058560891
1414883001
6933281162
7559094564
7932924156
6609334242
6549458224
7175709878
7009499924
8314752874
7101626677
7188876919
6480113028
7341751477
7102529635
7037454399
7339446663
7633748377
7650539756
7707444470
7698908143
8310971724
7496840205
7131597175
6726410355
7153816331
7067035512
7727072424
8419083966
7132114758
8423181727
6454716829
6792337227
8364763930
191981967
6621148355
7596876750
8235637548
7349483331
7286261302
7901785360
930872110
8248193893
7294696700
7442021221
7517075942
7123416713
7594434873
7648283030
7828561701
7673415164
7121851221
8582016506
7965349005
8450377716
7712438789
7233474731
8162712445
7247289763
6997367800
7258741022
7928638570
8127046069
6868312415
7118956511
6952564529
7447540644
7461012165
7695860676
7197658344
7613023279
8467146030
6628698163
8279147052
7327993876
7500183920
8284821193
7901171165
5664978252
7578836518
7381960756
8586625202
7635691225
6434819722
8033300399
6396494973
7608199765
8487568764
8192273381
7084748275
8123307570
7779538828
791744875
8485412618
7227921959
8681703019
8583664271
7052208458
7357888363
7538550161
7530832921
7061677089
8231567423
7744113479
6862665566
7275768285
8181977778
8460617792
6771283007
7802123681
7456449993
7768941224
8563656558
6661722802
8498181582
8141083526
6215329383
7391004611
1632192527
7365203645
7842523062
7674419217
6864412156
8143134542
7277713749
7071955073
6993354872
7974254116
6265444212
7413267569
8306576829
7276669143
7683402459
8205644803
7285141084
7207639450
7771484645
7423538260
7760279633
7813499093
6892688629
8292099158
7478689750
7950328589
6488415791
6389908198
7051081170
5320272861
7993989681
7039436866
8453305578
7008276549
6991495425
7583816969
250185826
7399688760
7222758798
7386445065
7603415795
7571437690
6400669508
7221891967
7313042836
7344915904
7582950893
7085851698
7032698072
6909125704
6904403197
6441185257
7406926503
7197562998
7338824648
7153245851
7996146754
8112882339
7699858054
7902621952
7372019520
7664308954
8295873686
7443611320
7689230186
6856077296
7554046161
7855481385
7474355688
8335341706
7474876814
7171612095
7190742346
6877949780
7959265589
8257814183
7114511245
6967145268
7548506223
7998833879
7592481909
7489009753
6256944195
6856109529
8215729201
8450027789
7690376465
5930983845
8242841548
6928258390
6834829914
7687925805
6937435493
7386092279
8028647707
6383199608
7599721613
7073532449
7751118830
7079259783
7209954539
7126187124
7140439409
6779583436
7205223036
1361995560
5672027731
5218640050
7098118389
8506579449
7490463201
8156090140
8574745991
7885267958
7401638851
8193200768
7439616761
7144348338
7965417766
7066742958
7339070956
6300634201
7520962826
1355946295
8022221906
7896209567
8006411823
6137938603
7979599445
7898151402
7396267787
8466812931
8526829531
7699484469
8006831387
8310138355
7124693508
8506991891
8288185680
6919478675
7843669403
7074924202
6788191332
7671811148
7065625260
7644781348
7921032991
8316514744
7084097492
7422038073
7160190646
7998149718
6800726412
7424044199
7408929862
8554630885
6911146456
7918638213
6372226840
7747693863
8441460020
8137787481
7419604114
7884328841
7287813569
7097731626
6738566786
7536906645
6955483387
5883008358
8268492983
7396335150
7190910996
7432313447
7693027689
7641176558
7608185032
8345568596
7909592443
7089551264
8180334581
7110027153
7546488570
7856353162
7065309154
7649230281
8143539685
6988613279
7276890605
8392129842
7831361169
8388759394
7483064375
7105028581
7997432596
7200433658
8109708881
7993043728
5160561854
7214568924
7465791172
7047616838
8102144747
8911172034
8517957772
7423886310
7386822746
8306741474
6952692220
6682776387
8491017780
6850124955
7532287465
7587114404
7961159659
8242621868
7775449714
5430168256
7889267453
7344217532
8008669422
6958891733
7338503550
7963702503
7343927440
6325237237
7152540164
6659929548
8095533019
8580329465
7712106074
8070588593
8442068602
7276559584
7955357304
7619635613
6974868796
8112934438
7471921677
7446109404
7379668973
7524385083
8077834041
6132710451
6318807519
7453774140
8186927157
7568620867
8223703269
7457580612
6484726841
8458211259
7767280685
7818893250
7911707882
8196925346
8491989311
7771250086
7096595753
8207253179
7191601447
7159098978
7074969999
7393149029
8514267703
7175902830
8276419851
6883181894
7198564276
7781539931
6475330676
7244730798
8317224021
1940183245
7456814517
6914381660
7190664033
8372716969
8095852101
7518216413
1234346370
7202661024
6072827249
7613458689
7990443838
7214564362
8490385642
8215069731
8018810341
7085469973
7848049630
7965932384
8395144673
7797716133
6429514870
7995639654
6835375475
7050239696
7618003165
7293964754
7517317387
8401496917
7952536601
7707370301
6784902451
8353290209
6483416271
7520369546
8202790015
8583269579
8101800607
8272196270
7183155369
6995094413
7546111003
7094391492
7377575430
8273224013
7142484586
7278920348
8354200891
7654063660
7332740514
6352922677
6924349840
6875316576
6888164933
8296664181
8494899679
7292096503
7717819946
6330344907
7630161127
7639701139
8203538237
7688642177
7050815978
5973336635
8200119542
7560449451
7063801532
7837079040
7346298776
8031956777
6704034629
8258828690
7962097160
7173956566
7230418743
8284847938
7480091892
7209769195
8371888917
7916536683
7097389395
7201597814
7883949582
8285318396
6903910421
7287745078
8249287813
8058071535
8425540799
7577835461
6738078036
7452943523
7646051293
7051890078
7083635309
7460328169
6366049066
7846242333
7311126265
5252866641
6252112697
8065485227
7293861708
7073796698
7619422431
7818734683
7583898553
7525483154
8450524579
7563042713
8438797607
7276385699
712921951
8438191527
6826721877
6720106841
6485706374
6677054241
8255985555
7416932430
7516558018
6954522829
7437782734
8484689930
7975557423
6999869291
8199473973
7484481738
7433369125
6521301989
6512065847
7408428970
7694282416
7892260625
7684865185
6646760198
7536808713
7280737955
7463669292
7190046377
7033434989
7538996545
7291214352
7478844619
7795386440
7698514819
6641330095
7808919381
8178876707
8358897503
7302814749
8340154024
6786667360
7341056060
7892228063
7223268738
8436795405
7522065969
7756935414
7269904570
7246585663
8299514483
8384511043
7551134229
7242338725
7306641200
7066740289
1725050581
8258761179
7032394876
8025724203
7183127962
8364319240
7430172574
6951096291
6484197402
8033401082
7695283419
7920131443
7928171021
8317584415
7083008618
7044238014
6783666300
8469532725
8453303324
7488507212
7473509928
8009498054
7274528143
6691767499
6822354873
7737311900
7956439247
949387679
7904597406
8409746243
5466390196
8063657109
8251365164
6802696077
7028221689
7270889511
7575904639
8230634506
8375413020
7264884506
7055273900
8346981642
7675763857
6627807789
7194176791
6036035983
6764312181
7279177083
7401720651
7322175588
8266900138
6726873366
8382264880
6750845058
8103605222
6723263069
6042121640
7558197628
7459560244
8167190330
7310748664
7397382530
6858507973
7189944387
8262152320
6998066904
8483411690
7996765758
7180114375
8195876650
8703714268
7089040501
8412893583
7408556243
7511850961
7341772115
7191992331
7816669104
7145887322
7289747281
8356522723
7010657435
5227214986
8317703800
7260465039
7899285479
7333484482
8263257472
7366276125
8298837384
7248594066
7384836538
8276029110
8680351186
6739917358
7329895731
5011982271
8331234231
7591017532
8127503992
7687792749
8050861889
7234795383
8451673969
7539408360
7747590517
7292651895
8253745682
8412424293
7316755377
5034847487
7262981762
7401180753
7529006470
7550432426
6725596735
7237387832
7799895237
8212443330
8148703541
7847888024
7096895787
7910566703
7667003956
6484993130
7394709320
7030380639
8153571930
6736478389
749833442
6768652246
7630910405
7021260198
7125387348
7399226227
8454298188
8203164087
7538054875
6303856121
7760204651
7251496135
7600810874
6870331263
8307351344
7596545564
8453428233
7267732575
7655888074
7877317889
7274712875
7791734354
7356960655
7766468544
8142754160
7449052149
7944024216
7360447374
6980341788
8463480947
7519348301
7381568010
1072659486
7350728687
8449372587
436681931
7736261202
7132204715
7334898095
8049910291
6046852690
7780086347
6611483550
7342811620
7595897025
8395081245
6980849621
8429051980
8419221124
8433521427
8329679881
7385920894
5042882685
7575002071
8339275951
7290363159
7769742293
6935753768
407405476
7289258157
7069302545
7443960264
7429442518
7613700741
7815569999
6393625495
6448960871
8203618235
7482076132
8157711278
7281031122
7342870768
8237337986
6847840435
8471342494
8063550231
1019984137
7774981885
6769365369
8190878151
7332266696
7646160078
6812515739
6942820234
8351897788
6591481412
6581252708
6474833663
8072424680
7440360852
7502440799
6648847563
8512132426
6439411014
6654943389
7162787854
7004683178
7224147346
6762800741
528416898
8013880302
7365257675
8109745943
6723039485
6750401381
7628414315
7579410395
7447733930
7563952776
7183259181
8137414606
7223045508
8016180817
7430205196
8303552990
7398479315
7283142358
8192350232
6784422856
6869675477
6682754972
7244219489
8303154475
7913832697
7183131909
7480207536
7827661213
7176341219
7632667426
8207130277
7043014760
7204243394
6644608427
7539823922
7537053799
8356520881
7934169015
47743939
6623053575
7172372217
7733998612
7282690213
8110096792
7408727057
6419515023
8368206619
7674992884
6703012070
7316001179
7081587418
7139280854
8249519610
8488370866
8330468505
6383440471
7343503683
6479366953
7630940716
7841548792
7618493762
7294770297
7238638643
7461808726
7058266190
8417141589
7209082611
7277837666
7974046462
7465111910
7049847473
7676372739
8080497345
6886563150
7023138204
7357380129
7769101276
7221599900
7207817272
7048371424
7261778582
7537038850
8170001964
7718248519
8389331232
7990534203
8247903606
8467939258
6370668413
7728574754
7342107922
7840876258
7209731495
7484380232
6997158484
1384732655
7373390323
7927599448
7504288934
8587677776
8069956611
7635406111
7469546839
7279489103
8339086322
7826047003
7422654320
6675262066
8111334323
7661278807
7606632698
7069300929
7354186029
8497905701
7274124878
7674993221
7726434252
6453546486
6459714604
7503746853
7302233363
7874875449
7078459396
8103451435
7354724685
7245632403
7331502073
7419590197
7323174755
7074809951
7046368973
7325963239
8198905242
7306924510
8328034634
7217037377
7270717548
7211541245
6972190087
7008186194
7961709087
8146275513
7783634494
7265365018
7311179145
7119295172
7242778625
7295723232
7372249434
8361033242
6343460790
5127651760
7852230139
7272168785
6595168757
8274649934
7658699428
7659556911
7995069700
6992326677
8271232338
6452811102
8058759874
7812838256
7376655907
811935604
7276452373
7405995433
8406044367
8376908623
7356477872
6496955713
5967122037
7244782990
1093497926
7195369275
7644363274
7159667311
7315583402
8140469455
7918377556
7495824699
7767368793
8187316123
7911632579
7888989363
8381358755
7399246156
7578860301
7774597511
8339693622
7175636407
922108296
7319693958
7757252825
7532094814
7100167171
8462723464
7607056984
7564422137
7456471061
6871114728
8207910241
8310391023
7489588752
8131811086
7597378355
8323834940
6993029824
6498893945
7322949372
7463876200
5279043746
7393356986
7541718173
8190279792
7492761955
7319232584
7556673992
8214833442
7651156922
7472096665
8124793654
7829397840
7377052968
8051155820
7377812688
7070052660
6816105800
7593512398
7542683311
8460139332
7073114786
7378430565
7031288577
7556042849
7406263009
7905614539
7241984554
7687564500
7158084231
6717225615
7584351520
7496884821
7140226985
7975546118
8278831492
7844414045
7786939750
7472363135
8447604640
7129546943
7399789920
6947128506
6208993530
7486505705
6409333415
7784486492
7936125453
8048474346
7164908102
7209800253
7727840589
8332712580
7635222926
7507262616
7674811286
8330103491
7142504754
8236717397
6992614539
8110149276
7049095747
7488473957
8462213654
8280564109
6899396987
6834028930
8258146481
7499708322
7154553018
7012788960
7173252920
8082429006
7615279104
6763647567
7346305710
7227768901
8084170220
8580159944
6808336105
7352526141
7433292810
6454440625
7280558886
7265020256
7221881559
8441952442
7230563565
1170776089
8115382888
7351487677
7006203418
8397590524
7151128748
6802029687
8325032021
7816242797
7910769670
7471842322
6994417331
8456594289
7244097313
6270259871
7287152461
7026522525
8368548745
7429652032
8116109426
7475983921
7362368188
8138622316
8369926579
7466651580
8299419297
2078416894
8496217533
7120404975
8218754468
6038973839
7473088133
7693461126
7364374289
7444679058
7848856766
8175229703
7265681199
7372021967
7404797570
7458544065
7678555026
6913946044
6785276381
7451382272
8324023714
7294909612
7190308558
7205003730
6789942214
7133258341
8270583770
6892529407
8347312410
8517650471
8029824411
7993432948
6739405520
8273675749
7435475904
7474141218
7357402022
7102763110
6781588021
7354091365
8311934638
7838455728
6577264461
7136923607
8221235189
8101529769
7290428554
7263420344
7180181974
7227730265
8263268025
7060412469
7304574363
7217507134
8131096434
7662297507
8421024646
7258558042
7536764774
7152471324
7092685002
6347086737
6792827972
7945619054
6276138504
7153688782
7327254112
8358877034
7214820461
7430499690
942002521
7517174916
7206723059
5471322840
7562052731
7789379601
7127402421
8346407728
7971114788
7311071824
7040814715
7931246765
7462252661
6998393514
7294847676
8431572592
7810459346
8414506737
7791333890
8067905900
7208790254
7689651004
7962067829
7354653060
8508348343
8487309384
8257931681
7446573318
7423848001
8157058288
7156976153
7878891580
7040878344
6943304514
7769810927
7370772542
6882267465
6710538576
7239864487
7912523047
6438499914
7046599785
7441583328
8450582034
7926170007
7870720732
6941070885
994898328
7249862515
8300230331
8228674402
6289138143
7170293815
7344569918
7100173443
7814529685
8488889218
7401738760
8459487806
8024303576
7847932011
7628537954
7364845082
7988753113
6799420952
8453750031
8301340694
7844462780
7506445956
7477825761
8342909743
7074734013
6846551037
7210523186
6696151434
7922512767
8198166366
8180014590
7675044572
7117476995
8351346045
6337093132
7199885574
6809642079
8160521355
7801693530
7725813685
6862131245
8249085224
6069771652
8332083401
7088856697
7874862394
6819185122
6042041852
7661162257
7069474375
7581006877
7482710468
7565252726
7157017857
6520450747
7572777921
7192986717
8392246680
7910291526
5140115781
8078477983
7270105542
8021082653
8074866902
8421914254
7679618132
8445377736
7277740068
7540147987
6702941045
7515895954
7062706447
7056719356
8223373747
7458502744
8260147199
7256020350
6670216262
7106455247
8280436317
1202531380
7321302820
8053252221
7457688126
7871156467
7358978053
7197142472
7537238447
6057805700
7272973030
7636769897
7485252098
6465909921
7613008699
7605157300
7736459586
7968436250
8158284610
7288332661
8019861292
7273167127
7262914076
7137452344
8041573773
7203303054
8451846378
8134961212
7316067174
6646298584
7497957008
8217001441
8148812190
7699551111
6726205239
8091509497
8289907425
7264592310
7216337787
8086642134
8140122258
7558020434
6466509281
7404752211
7961810363
7214181458
8133654565
8342477611
7472695851
7115803613
7126695223
8361997416
6034441548
8060960172
8217459787
6992711510
5727341519
6820224012
8285134837
7025167400
7428064756
7697823063
8513808769
8119996212
6344123740
7245109213
7702467143
8304118340
7507781299
294498415
8159480796
8314440478
512731384
7068263785
7424012106
7084989670
7995512470
7559627067
8208547131
8092328363
8295031056
8220083645
8205880104
7418240830
8455831759
8190412885
6868669302
6467469391
7351857901
7993933611
8263025646
8315143571
7071163899
7065585509
7578760233
8504836857
7947033971
7867723009
7152559106
8372150086
8325180561
7172797764
7129722217
7030201884
8150431133
7080031085
6706599012
7768629789
7333302345
7711410860
7632868515
7205876656
7764273308
7179390458
6885512119
7407650207
6375721064
7381839095
6902212686
7465129648
6550418843
7195316635
7480871084
8433648765
5276780445
7505226752
1320676098
8170112060
7557577395
8032986125
7300030063
6954752318
7876817253
8316239378
8029363181
7801171999
8496771129
7896250055
6539422683
7163321413
7029984674
7100932767
8414445429
6266414218
7625062956
8194763033
7138865721
8142859217
6411900987
7619829269
7535674745
7479695042
7341022158
8240782130
1213092171
8344540589
7916183145
7046520737
7428455226
6834909071
7496461229
1261772267
7318388504
7146406427
7945616434
7851989521
5024933305
6735458061
6834721833
8253450379
7310534720
6893746107
7162315014
7527342883
6764094676
7223804011
8357908276
7266660102
7211090210
7793808238
8231602033
7405967608
7900522729
7854201773
6137435211
7298819745
7464483068
90816755
7005918303
8269835429
7062331139
6771021815
7759891925
8318260099
7814982515
7249728621
6481914919
7064516119
7179605718
6802536117
7442162629
7363419872
7949279198
7933884477
8256267775
6325379275
86413490
7486525930
7414802524
7760395050
7581446841
7621050041
7471714291
6645278075
7809930414
7173786615
8168970084
7582939552
8286705342
8395659437
6486289365
8090937141
7106195702
7455209876
7947047658
7477672132
8070305880
7939665661
5415597731
7470350479
6998732140
6821897286
8237385540
8398178127
7398814454
6419782850
6850556770
7847944464
1755002978
7645249573
8262838630
7485945067
6989761659
8074877440
7931402532
6635589274
7567460001
7992067840
5895196944
7737287864
7753923964
8128311249
8347942491
7032155611
6717798883
7866917018
6831529400
7490412045
7987649895
7439883553
7214343352
7700745491
7329972192
8042184929
7347869135
7265873228
7185937252
7382320541
7474060755
8389994180
7351973897
8425513819
7841319462
7056530578
5715855982
7099282523
5175570599
7596596412
6943483191
7046586527
7246932425
6327864921
8539972200
7093095261
7868482720
8090974748
8067958093
7271322703
6963556745
8411981971
8271724591
8006315401
7671913784
8119192140
8329110931
6993944583
7586197682
996262601
7240203481
8255317743
7177863434
5853630949
7326640359
7596241422
6410064726
7316231153
7742145870
7267514683
7236911720
6384899282
6730334456
7465713276
6882576810
7999842748
7121166289
7506551169
7263009646
7421506173
7246726265
7051707676
6824928874
7096601369
6121246827
8029481478
8526780607
7390403518
7220180214
7113566376
8004853634
7483226228
7545843603
8445536969
7237123913
7274404547
6242407585
8292419253
7952866110
6829936056
7208225389
8414469928
8006461865
7287846722
7474562126
7093346814
7984134950
7740507161
7358280543
7779181525
7104164965
6968312079
7213076871
6507769159
7399631189
7303767297
5696004204
7896681310
7106694212
7323437977
7759298404
6729870584
8205968364
8016310244
6720309660
7633961438
6507895805
6114902249
7446562973
7348969020
7143596942
7044042217
8007315582
7504040215
7425659023
7488994971
8205183895
7519036397
6725204375
7524768940
7287560004
6996788242
6729249390
7117783838
8350706606
6646556359
8034459437
7315618053
7211821552
7355099146
8583075673
7200900062
7236189498
8332082697
7851664844
7520949068
8083137775
7305319185
7855893184
7033400860
7180910205
7965362869
8416212953
7417934838
7789657153
8268710303
8004969524
7456570321
7984490033
8474575990
7611853200
6557883028
7733549978
7546593592
8482089833
7249954891
7240862988
7073337609
7210743900
8355208368
7320906300
8279893289
7069986180
6383339269
7313365600
8529490735
8332733315
7323771514
7440488156
8315126851
8459559755
6349358851
7361264922
8393854188
6568846519
7399632427
8417847560
8179552266
8334582730
6612310763
8141424693
5679684539
7539063797
7868254344
7349303064
7224267326
6495766456
8035690651
8551173617
7503140637
7745040411
7180349959
7610863057
7176709772
515075646
8265872566
6784025726
8360982771
867259751
7325341405
8481398867
7996909291
8115386758
7039843077
7769030385
7793592490
7058331103
7290379138
8546504296
6801399583
770328820
7994217382
7200153514
6401431091
7445754374
7100132759
7571390769
1727017354
7053499171
8005911693
6742831069
7871666204
8561700256
6610492220
7736355256
7333790666
7758871261
7093231732
8402966300
7616403973
7395238298
6538049767
8202985691
8311633611
7747628745
7511681877
8121523569
6456651004
7343407524
7646457857
7397437522
7859745001
7361237057
5910687458
6594446479
7261540376
7204623561
7711098948
7129216676
7914248246
8707116423
7048850249
7698906653
7161163035
8376744238
8398114112
7171197524
7861277651
8062164891
7143711215
7880692765
7039342093
8055243185
8112573754
7404894203
8370424635
7215967043
7268460620
7849809548
8410060088
7015513809
672054813
6140854467
7156234979
5854351288
8020184800
7237048883
8439490625
6579365976
7385693441
7631918353
7786796132
6866285429
7689093669
7975445606
7605562584
7317607927
6884373124
7292313622
7171722234
7483438547
8368736235
7440571055
8459270908
6431805763
7410088101
7125598738
7325448329
6588952415
7837370769
8468765964
7905230664
8435378871
7318079424
7190869952
7559880832
7968621299
7475203014
7175005225
8423072893
7302942491
6930477926
8179531713
7262088756
7378957835
7154883047
7173859706
7174825998
6842418824
7590457498
7485790141
8270277173
7384990513
7255695117
6484909667
7726011859
5284169154
7659990089
5366758677
7399132104
5137272786
7090865580
7316311288
8065810642
7504075859
7993651928
6915756256
6727870583
8222358007
8513424771
7337950812
8446086888
6811024398
7047632718
7421774014
7244459361
7289460574
6293338396
7549601464
8234507403
7690707769
8210514488
7811700153
6414557996
7423051873
8125392927
6914900727
6943981167
7435368090
7247653484
8054650581
6671426039
7594848567
7364870417
7956176257
7416012464
6971189933
7613153208
7225537433
6517284765
8188240163
7774996282
7180572169
8439074032
7791261428
7679672073
8410024342
7995286814
7444991277
7870661011
7925578486
845674083
8443189638
7201974179
6716666693
8569232623
7360108877
8462913974
7664271749
8622967046
7317704592
7741012610
8021864337
899170973
7972504498
7394973783
8583365991
7899977220
7258704113
7520144814
7441337125
7565244024
8285545905
7558191340
7288237497
8457191681
7326176920
7623139526
7159920181
8051505454
7487948210
8148853989
7286793201
7990312258
7241527237
6474983325
7412083130
7687999383
7347542359
7577742985
7875645764
8371309957
8307630664
7227025879
6850785775
7846004628
7744280630
7219267886
7101915993
7218897240
6801924550
7314291241
7379209611
7032406546
7639499697
8027289605
7242919878
6716035496
8381936968
8279694668
6549642614
7506081323
8439090408
6754739583
7370192548
7086600464
7175198329
8322530675
7667906804
8243961282
7029562612
6956022456
8106704084
7758978447
7482621417
7220307204
6799622094
5337355807
6958518281
7041769453
7541424672
7909667905
7035151589
8223107586
7852515016
7014854581
6595934651
7468980634
6512964121
7774667290
7792123682
7897266140
8479702879
7227887384
8102954368
7896281840
7823619380
8138762073
8390037445
8315636822
7556479768
7118088765
6749787731
8156760108
6999430330
5616434837
6817205110
7087285405
7469360603
7262530352
7380961674
7981458895
7457143334
6299457147
6493998908
7818113871
7282750020
7357947098
8057757662
7434368707
8091527011
7885594588
6884370723
7738653126
8407565889
8075585478
7385102797
1396892641
6658956627
8147935932
8078152295
7807059675
7134312994
7266508748
8174320972
8294328983
7463006560
8060372557
7419242623
7046278773
7413415405
7945291910
7411250374
7190100357
6281807742
7298552472
8475566807
8229827727
7492944433
8416040746
7796618984
7577240980
8430518610
7171226605
7255433874
7326927140
7985500389
7075498026
8426407597
8409374748
7344036813
7861533432
8083042655
8482972638
6958724984
7372560688
7267514163
6692325290
8372795172
5932105771
7706746487
8134043768
7304370536
7396715819
7092153826
7660574955
7867826379
7769361591
7626792056
8184801273
6393505981
7444387549
5903505637
7096748381
7321517247
754135054
7852469866
7653889345
7118316356
8399143346
8458994448
7168294347
7480213120
7083028032
8218273551
8434519421
6407695467
8482379190
6303234252
6726161188
7543131447
6918551956
8244400239
7538180277
7235288833
8472907272
7473555944
7034316424
7582905023
7926077423
7675460639
8442559524
7319717814
7266462851
7078761397
7306476821
7662256239
8101840113
8502967890
8428912803
7756940779
7891499802
6742657346
7082383779
8313155715
7196454995
7616733669
7462608843
7223765503
7738021495
8334307272
377343001
8489615425
6691039817
8297828562
8167054808
7485911901
6995095975
6969734930
5865816584
7254928621
8323617103
7010457697
6619018762
7389330372
7041845243
8320262015
7124181598
8013906560
7283043711
6798310005
6546922937
7003125723
7593895995
7084498709
7077790324
7340553972
8478050823
7955365887
8319456950
5489787842
7993884515
7993249215
8413811054
1169515039
7494013430
7497889873
7045429730
6254755234
7954949802
7287621121
7233883725
6681363965
7009913508
8188199516
7093566288
7377155662
6580184726
7364132534
8242636792
7629887244
8290151809
8227446898
7389162538
7487439513
5827030098
7642192828
7150997528
7325213463
6863937281
8243890452
8212167357
6781341418
7116128538
1030376448
6455715950
7202260630
7080648352
6164927472
6836254359
7652544215
7285400382
7782225586
8155196304
7314953336
7131688912
7144496292
5494726159
7995597468
8162070206
6915411218
7245602920
6674147805
8005994118
7349967355
7396622508
8248794274
7337565468
7523433714
8153305029
7843465688
6999333763
6974760100
7260481162
7955521620
7218919287
7799959971
7174437420
7417939466
7724609588
7455848154
6084599110
7281207193
7268171598
7301383836
7527125889
7517074441
6119745088
8130399723
7324234058
8576931888
7849854174
7639574379
7689127283
7887489950
7782666560
8144457402
7801296962
8495065264
8341819654
7188021928
8389350890
8488923136
7006051570
2107585512
7110358719
8452369553
7004722367
7046661497
7308316175
7639937560
7153541385
8440700274
8055441652
7290705279
8104933970
8092820225
8257177428
8335413006
7212672829
8050515023
8101231777
7332459176
7599212091
7505440443
8623585914
7210350002
8036878377
7803249341
8528239737
8370999024
8258407170
7547857420
7766191836
7028522795
7769417334
7345273947
8152872420
7279036592
7790814938
7089719674
7634816296
7301382870
7400280673
8255373203
5593225720
8375170443
8239469567
8322017522
8000490533
8544758624
7305928664
7073590657
6869332329
7445199564
8474363941
8151913364
6845777351
7047430143
608264092
7191173141
6752246320
7508085232
7020585425
7561565291
8281123289
8453236295
8331459814
7292114862
7421032029
8426524680
8210607651
7943856686
8398235430
7944332712
6909272749
6128217517
7283114894
6171383208
7674688718
7272648804
7176771456
8311505644
8085576355
6877630288
7354045206
7786851963
7701646038
7830087849
7221962690
6973565847
5933740434
8589722808
7388506351
7512965586
7819849542
7478048364
7337833260
6202708430
8216619372
7246581825
6580462947
7097330026
7348744125
6871451225
7222097424
8252277656
7087731319
7026226642
7024160474
7504065319
6897521179
7669276986
7989825136
7160629864
7515022957
7200025905
6713390273
7399967917
7002530860
7334993392
8265669442
7148300661
8094597755
7285842364
7566481439
7319834821
7782346024
7435092554
8440685652
7859456621
8114264675
7485834284
7485368627
7255145671
7225751638
6640035736
7522714810
6742905941
7059989160
7579230290
8037382360
7322163317
7154927981
8484377401
7659275652
5835446582
8390309722
7474520898
8308377704
7572442911
7623435614
7123886035
7226980096
6777519159
7871721803
8499304597
7290972218
8197102968
6887356751
7572179939
7733571693
7141184176
8492641126
8400179389
592471241
7104381336
6536815234
6916828580
6739445370
7367307219
7317830743
8163229868
7420559431
8200022728
7074353119
7599334429
7390266161
8390125543
6447801429
7280089460
8366357853
7371409773
7351789424
7408482638
8030768119
7247953689
8112427776
7511558568
7714591542
8296829714
6736469978
8327735822
5873323495
7454811582
7556596770
7828395545
6350572060
7683911621
8235710044
6486552955
6912315778
6723079598
7754617545
7169470036
7633961132
6845745781
7998397996
7911025123
7766779633
8059563313
7433310538
7828853663
6748354998
7809830091
8279711250
7878529232
6407683006
7370851484
8338794215
7629749074
7261596480
8366504275
8459593083
7468697875
7053131484
8293512232
7292962461
7659953202
7707839603
8343651360
7266497962
6863583588
7072180225
7311583574
8309059728
8205321261
8545298244
7016547433
8454990519
6861547254
7745234068
7314457249
6137923667
7440235417
8410805509
6819754460
7190359895
8404765609
8140746526
7015206894
6614311699
8385230229
7108520420
7669878225
7224686455
7446384848
6878188293
6538879614
7283083116
7847190462
8320167848
7216794763
6744425217
8241310290
8165291207
6661587994
7475254639
421416889
6718076261
7215732457
8303142145
2056944871
8006860794
8275933245
7880374801
8367969166
8372231889
8486560856
7379336771
8369975679
7461588012
8329144988
7969444110
7564783857
7290121067
7461256272
7285936548
7339651204
7492276154
7100747069
7123169506
7807872641
5942195151
7296786854
8378739898
8232505964
8070034986
7512728925
8114678912
8236358526
7628504844
8084684946
7869747601
7241208816
7144693443
7941260358
7416418414
7836786948
8431000491
7485246766
7648932900
6724888724
7078427821
7140656368
6298419023
7445774870
7545183537
7399634451
8340438107
1219144069
7844199718
8246253685
7106528934
7307199305
6858060766
7018876194
7132620449
6634059594
7902799712
8415711207
7561712286
7748549951
7304351251
7114104745
7150898944
7883161651
7784826785
7966653704
6880116922
6473323818
7415225538
7434706505
7245000832
7319684907
7919505215
7715455818
6971736938
8201448204
7347846282
7296804364
7459591127
7834723205
7666600527
8405446615
6477083267
7686570860
8177793771
7217033302
7365617412
5767738752
7599973600
8011350351
7827631511
8081626322
7387185623
6046150067
7498716702
7071810070
7529762083
7682207033
7560833597
6448273022
7015716624
7276594993
6618135189
7406898612
8048662114
7839420651
7490651002
8215511446
8428304279
7422014501
7524787010
7972502816
8139199053
7735039446
8454015675
8213508466
6822415558
6535397392
7373376275
7473778021
8989531828
7010739805
7184743495
7092280488
6566595910
7213681871
6653687806
7169586268
8310498361
6365412681
7507008963
7746260859
6994717260
6771809774
7598600726
7559928975
1061006642
8313973910
6764328347
7416893821
7464489611
8594091301
7204753372
8373444401
7689904879
675046778
7030349859
6976104917
7426664455
7837117304
6832170853
7338698728
7285460908
8154288904
8229804905
8158862800
8497537759
8390805833
7292569344
6861234268
7601856729
8036409371
7412186710
7123225567
8352663492
7368844024
7082264375
7517227382
7292892748
923007983
8256720022
7364876210
8305055215
7480576483
5915620668
8317921589
7311983287
8468555195
7043462996
5980821344
7525429105
7067626631
7432411569
7257157259
7467351416
8039470959
7463322204
7471506129
7817766318
8534879244
7294705823
7256010128
7196403704
7765463609
7197372625
6570060927
8310819771
7885680945
6385667006
6416011744
6880415390
7553798460
7030202159
7894899980
7970071088
7416504672
7941818976
6695029465
7591906354
7417773960
8251311846
6300657814
7447606774
6806033843
7014690470
7766475990
8174240143
7192408610
6113273404
7607594954
7247855014
7225656680
8322759691
7978454710
6174250272
8471494401
7987834473
7852074652
7104820206
7190274433
1773655636
8473396084
7264861530
7539911778
8343798052
8057633591
8365662004
8362870728
7255835299
7558759412
8238326005
7343326649
8467678110
7425804133
7971918838
8244911677
6861935391
8407738893
8153891402
7848990041
8314944869
8014368188
8268334153
7583120441
7518037405
7427152407
7393336129
7022049710
8003032356
6754774671
8491401362
7872325419
7392413203
7495773570
8393952769
397144554
7714011193
6756494657
7986535106
7687956553
7778103323
7966696839
5152283404
8489185394
8406151605
7298003071
8053544379
7958847447
6449745108
8394928311
8202876523
7184000179
6917334405
6931601220
7460664116
6537312209
7959676808
8496923405
7454881148
7221305260
8225700792
8491566389
2013560938
7571987888
8125536833
8401070276
7540091654
7379314867
7444791966
7524928647
7687459970
7228256988
8469050010
7677451302
7421662557
7194664411
7721157466
7509653596
7659886058
1809119703
7218950953
7320599353
7048543356
7600792209
6180425781
8405751244
8391281345
8140662295
1450287019
7401381565
7379571452
7272099341
6355859530
7202707495
8538966083
7250010786
7009939525
7744259761
8077574280
6800552028
6319372611
7178516902
8218877487
6588104592
7269753391
8437308817
7217639379
7686109352
7337989991
7145558199
7531129198
6428404406
7468003072
7801727264
6043275897
7111331746
7171548517
8346668341
8245064114
7928632990
7383831838
8076855108
6991487959
7630882380
8379214943
8248765947
7308108949
7749971348
7487028413
6882960915
7314557424
7293739993
6782319623
5793550512
6407309317
7481772038
7455553143
7365806808
8158810657
6575532806
7836459559
6764026777
8131437231
7230697295
8463564228
7930400719
7189795922
7532869560
7452186850
7335641496
7845738181
7639037697
5923708902
7967660843
7462718117
6944246537
6598375521
8082598503
7403063445
1377597100
7863903639
7502953061
7131617571
8288406045
7228787389
7600554370
7335156190
8292288448
8394352300
8486577939
8291169453
8279909178
7367844808
7543505894
7000811420
7142403356
7239406844
7021470372
8973362925
8591519993
7431236987
7695362278
6958083671
7896801158
7587372817
8210755981
7181406946
8461168951
7439674770
6634312548
7063309421
6849681879
7376350667
7016278398
8031161259
6322126571
8409031566
7273089892
7381018040
6690508905
7435345907
7400867387
6896564878
7469491377
7973963640
7728114765
7336175410
6997642823
7894847883
7988016933
6861087048
7380137445
7665119432
6772570965
7427714622
6765362380
8397631496
6815446929
7388450937
7017653625
8568346727
171552248
7720329261
8317811829
6533284396
7545630419
8270512523
8415749415
7235317905
6956618606
7160289710
7219189882
7068184415
7490030888
8157452716
6725760640
8081928685
8242817742
7550139787
8167470169
8179426305
7828999786
6939212019
7503604600
1697180585
7246121053
6946532492
7843398068
7007771097
7690670326
7207818442
7941558113
7954715534
7436193148
7259700505
8254658359
7438313547
8481627423
8365376773
7319276932
5582596107
7424134669
7777904849
7755463042
7445712093
7414774344
7082715344
7219809094
6571651979
7353125497
7311549905
7629826944
7829734267
8493485742
7097291629
6959200188
7248555331
8205129256
8323426253
6755883384
7454587089
7192845184
7426639204
7766448375
7484835437
5747584798
8447766253
7276022755
7060962500
7419959382
6778314041
8322213025
7939406657
7841917505
7495791662
6743691488
7302324799
6930056761
7382551484
8183795734
7415605716
7137789244
8074240995
7358498737
7480213360
7266502727
8233093203
8207597112
6945893817
7356383081
8288092073
7885768320
7037273626
7775707830
6317953515
6397600955
7975720390
8362483711
7921475672
7419319492
6253218886
6816651814
8024642009
7819874997
8364986919
7988510279
7362988386
6526624654
8206978570
7446774839
7907457009
7415652594
7472459651
7270030775
7082911839
7443680668
8497845930
7559838729
7422395570
8786068110
7368948960
7958582207
7298940288
7114839478
7652516057
8287368603
7621827879
7229316759
8414736476
7804103607
1287121070
7463061884
1703574053
7638088975
6696346065
8522839185
8336083463
6881588853
7352718942
7337374971
8021904638
6610502525
7494465846
7383153959
8203289460
8058364728
7277404665
7269663783
7750634346
7763613371
7909401252
7019637573
7877036003
6454041590
8414676019
6578934500
5674800840
6224453180
7953637721
7234479092
7603687920
6264578360
7031428575
7031173635
7372625744
8462125101
6849086555
7415400700
5159053814
7675943861
7723357542
8046025386
7538984639
7436637678
7994486167
6497985340
1699050796
7026742166
7373713619
1963352259
8104677292
7599016016
8349756975
8452597020
7157249734
7191707935
7432518572
6427358915
8397294403
5214156361
6914160832
7441920021
7184025696
7432680947
7585932559
7882722551
7279741458
7404409101
8467553772
7253348314
5494121941
8282422660
7081444792
6403740070
7925176315
7397770242
7286378598
8066289748
8409424170
7061858549
7242498737
7923570880
7845180478
7039744132
8495269432
8354784568
6709607125
7409404840
8555086961
6450604871
7572750326
7496569721
7875423418
8220121133
7252481051
8081554010
7487833320
7604995785
6933345440
6879396828
6745178172
6918074156
8182633400
7910858321
7241106908
7000869127
6763612206
8168487273
7239419517
8454837674
7314590740
7808730092
6432409863
7354415623
7741921977
7497859023
8253635752
6309456249
8346602218
7960979342
7601572245
7304026122
7409456178
7553547266
8053130048
5574967045
8497877994
7285394945
7306768569
6990005829
7523314303
6238942696
8305463159
7168730463
6788795119
7556906196
8285569755
7597309136
8117497573
8073803889
6744591104
8480684043
7947666407
6997172564
7831828998
7035464523
1058204852
8466692590
8487809527
8476333121
8443633187
8391355423
7604588734
8383106270
8123717426
6470663257
8303953464
7684981785
7101805288
8090375686
8277743059
7039432743
7069381590
5647328518
7331975583
8400748308
6142989813
8291547837
7448385966
8493982436
6979804302
7499363201
7747943543
7304654113
7850783494
7363361326
8366896851
7134385988
8269841871
7956720126
7337776029
7231645493
1529791814
8399558880
8206511276
7230681419
7322985912
7553160407
6754721097
7258000551
6602182973
7489143392
6574636239
7298304368
7384576445
7753441395
8088302006
7842713791
7861295098
7293672101
7814365034
8020853878
7491325447
6576907198
7265630402
6866142487
7041813040
7043529314
7036160233
7346336595
7130934985
6889445745
7199361491
7152670867
7706940043
8275383014
7456023897
7523528156
7285480110
8427050981
8360649622
6969352715
7466661546
7104138048
7599639930
7179096258
8133551035
1990837977
7003619572
8217772379
8326793187
8211819381
7383998453
6885789081
8239603034
8178470404
6885699773
7468007649
8065723144
8364436941
7001505381
7474325794
7337408778
7072552488
8315794674
8391188921
7715560627
7592281722
8142520561
1878815510
7523539935
6739590624
7744634015
7824228552
7643231467
7047392074
7885148530
5807016379
7766861611
7462105442
7090432302
7170669065
7178390798
7012862382
7930769368
6932082228
8372260522
7373909322
7119457165
7242830920
6848690103
7832240443
8141449215
7495384918
1240440300
7048533153
6769368348
7171574325
7860180282
7232286615
7675990874
8395122190
7991049815
5287425624
7316171757
7485596857
8168604734
7229963888
6959649803
7710381523
8162205430
7556770854
7493896452
7344778487
8481473085
8135259392
5800384685
8344652005
7853450858
7040817343
7191060724
7169595299
8139128522
7451398698
7361227156
1337644461
7287808033
7757615026
7788921180
8122832733
8273634267
7382054759
7612444221
7687113567
7987969807
7147504802
7687516880
7887451180
7778879149
8596245928
7698258299
7490970715
7056637294
6999933599
8409205236
1881645388
8148385832
7335399762
8300036535
7904699832
7428400899
8339584237
643636602
8081397469
7359475352
7863020692
6700533224
5449971022
6851349544
7973126901
8349394145
8467098749
7994360449
7129090448
7115689208
7822381793
7896595550
7166046098
7807569760
7851401823
6783163589
7069838354
7837294194
7940369914
6444970464
7340827545
7057655182
6418845348
7708957569
7392963154
8233079952
8488138326
5992787557
7710687622
7994916404
7239034146
7397027566
5597913886
1183688341
6852752880
8315169346
7992111319
7364517972
7321532666
7184223851
5800281873
6871080054
7924476276
7853437956
7375691415
7462094415
8460658959
7475999784
7115673660
7978010973
7732109031
7997926721
7194216594
7369981357
7680838434
8256450151
8357852626
7929086843
7316160184
7238939477
8216219068
8405470235
7412599690
7353194216
7354615373
7317874235
8122279448
7284931817
6691798533
8176047449
7465097867
7934149293
8098175512
8216614767
6484387751
7243553452
7659594306
8585654873
7826487943
7070986545
7645175231
7348420870
8363782910
7145695929
8518355510
6022445108
8330036888
8257000359
7072439972
7692323595
7148698710
7092567640
7457141752
8346668950
8457444890
8104981364
7067236243
7715103644
7621284458
8383808600
7855002230
8270170541
7338347965
7063185525
6486428562
7268661684
7794211314
7189768554
7582479493
5175791118
797999052
7893697467
7154067114
6910896494
8267018009
7022831444
7510034638
7875886403
7886342827
1247466544
6813000296
7038483716
7319933385
8316849744
7152866428
7376945712
8068858875
8250876632
7897231249
6393989947
7684811900
7641008483
8123867318
8297232033
6992255850
8355477963
6361745834
7053899988
7863709204
7566920721
8290438398
8106454383
7582906005
8235350598
7452763417
5904667974
6995484934
7982295259
7480288056
6450654689
6708069981
8546016211
7856719599
7809180945
7374061708
8436517081
6885164376
7438008604
8469885511
8093247506
7394116311
7038734714
8250378781
7487028859
6730124726
6285908707
7241341571
8466863661
1159576808
7320351690
7126638670
7624285687
7836200415
7143021441
7900850339
7565244789
7214329752
8481324384
7234393949
6866119855
7901866556
8415447369
7255803695
6780224881
1769793004
6369126188
8329045673
6555858875
8541816937
7037478561
8015189657
7469557485
7658333015
6926663668
7190558725
8224920509
8071491658
7112935473
7761299474
7525567139
8407648005
7633726259
7394136545
7800952451
7526243605
7322407806
7243735804
8121728016
7248574943
6185582637
7340084394
8073442206
8202614608
7905630706
7341814627
8160245580
7419760835
6991883030
7063700927
7494114242
7216928235
6256175155
6877556094
8017216382
8485620963
8229399798
7092366445
6571659883
6577197070
7601928994
7394956736
7168187236
7541431189
8214148015
7233437334
8033185941
5336269901
7326542598
8314830620
902078029
8399650999
7074012324
7242865407
374249622
8141322167
8188636384
673467787
7070779432
8044761459
7634247064
7960686280
7673515290
8419915842
7323466749
7306442394
794632297
8147513561
8480752116
1574800952
7342759262
8032389655
7366163652
7222389857
8494271708
8245478098
7433260057
8256850278
7001162251
987218459
7887009109
7935240117
8371517964
6146797678
8534456902
7454651886
7652933397
7179244757
7362281253
8215513100
8554512505
7588441124
7757663910
7767394237
8393378362
8352456628
8392286113
6257486095
658426406
8191921716
7922515865
7583559302
7708932532
6882010786
7122820445
7032975681
7353213216
7183804471
7130613031
7422418563
7809678811
7478935898
8096614238
1665138372
8446344268
7426297836
7814000328
7610811476
8065491629
6702806768
7413972873
8042140513
6395192589
8413240654
8101564937
6984550411
7195805785
6800627428
6536461499
8186990123
6766547917
6579721388
7612911145
6808918943
7801521522
7764483398
6316374016
944522653
7169804373
7317247984
6962394575
7236276451
6665283774
7205998957
7351667651
7109749169
8302850021
7499834443
7296324820
7709084193
7875322846
7379944841
7554507238
7185059413
7875652218
8042506321
7350128539
8442935952
6762518597
7603303920
7126235006
8305242089
6893196697
7398337767
7496195329
7019164241
8334767045
8430113441
7116996238
1521461065
8369358787
6012395245
7359618404
7547833350
7417887069
8108611527
7928572861
7930054896
5196480855
8068279938
7382460780
7436432167
7991115681
8027854071
1057246198
8293554845
7432551492
803368099
6549938281
7388081587
7371445024
7554514623
8122476090
6944660048
7173963334
7038698807
8443574964
8026650727
6751404837
7720655490
6644038805
8296332443
8213871551
8518305627
7453933264
6938925447
8275593795
7274565340
7322680461
7239045735
7663324694
7429083785
7594226312
6584252367
7254543250
7469469744
7352972044
8454832787
7444728984
8190599563
6132573227
7082837014
7806902855
782467905
8098174871
7403600288
7322912429
7094349754
6519275575
7232920124
7218442949
7005373248
5298796668
7229221006
7233553808
8469093259
7249424710
8369094276
7063179378
7167478394
7503911344
6787229347
8494658574
6991543937
7036504399
7237921832
8254842917
7481995895
7763259634
7595190633
6885683901
8063092835
7821924220
7779742757
7334340151
7517494251
7734423278
7166983873
6970149066
7988024867
7591666652
6956880450
6285389311
7481335494
8067061149
7194006743
7009323884
7046203835
6990141550
7157212158
7126986386
7403000456
7769467062
7889253697
7610800623
7351988655
6334284635
8482888581
7376977979
759510924
6364671487
7983599855
8271068437
7236772845
7777430129
7164108212
7661277145
7060207395
6234243292
8347398140
7431619413
7105308883
8044213591
8163872436
6825041322
7570483170
7403658882
6875600739
8075133465
7407612510
8118467499
6637986465
8138183211
8397433985
6995944372
7828656262
6852216359
7454849422
7789452797
7687931844
8342769558
7001631732
6948115335
7688062889
8126566003
5122250855
1886386370
8129616480
7617722056
7333507914
6937830664
7992651721
7441332365
7054955073
8428142602
7255868981
6994330145
7022538040
7288902493
7320354558
7239200555
7420398083
7260969272
8589214979
7377600029
8208473883
8497942104
7281925026
7278091816
8463385230
7217253859
7907864824
7438477680
1268687925
7318953097
7978710421
7213029446
5449370728
7696626518
6884582647
7198815097
7099155952
7828273191
6741098331
7393134236
6757881234
8167137741
7824602869
7538933941
7341971812
8309259397
99638855
6789550411
7240993080
7247516742
6922370516
7011375426
7527954930
7322193050
6305980528
6525088568
7184111578
6926586396
7301347113
7458934646
7654969098
6676614037
7244225574
7136171684
7591678603
7428971287
2120946631
6795788468
6716468492
276626631
8213624274
7880334004
7229031771
7344333334
8186270470
7913913640
8060182061
7917558202
7598967568
7300437122
7292359567
6971838130
6137407611
6698384042
7779476010
7262021714
8043623504
7861166576
7203529439
6864731881
6996163778
7743483486
7470187658
8221645522
6736489976
7808318147
8087622165
8582543171
7957496360
7402865774
8396621390
7771696308
7416702005
7013752562
8028286663
6042082532
8047957949
8285566026
7479363802
7198464741
7449871220
7282354405
7380844220
7401202455
7634396174
7310674467
8153087288
8459341965
7998914501
8137984774
7665508309
6296867791
6873006400
6668345501
7529770461
8379926216
8115900119
864975569
8490279844
6451261574
7918010458
7820485856
8200623315
8461640212
7580227251
7613985524
7013672325
7237946811
7304941555
6605680782
7809706604
6881925858
6930079388
6872220711
7113992642
7030045619
7460378635
7773268204
8049031429
7666868335
6709579456
6691825551
7589173476
7520773709
6993803342
7243679007
6793335091
7058968446
7776377241
7587046011
8125249796
7444543620
6534285414
7726130821
6835508389
7169336579
7366068683
7078947535
6820052374
7102896363
8420517429
7468504055
7333572864
7852787449
7172660099
8335391185
7392503335
7083529760
272651425
7399990972
6755395804
7356196394
6604817077
7049647393
7240370392
5286210395
7223739542
7500923071
7241483778
1211270494
8174098675
7638825744
7497036546
7274950410
7312572120
7822336232
7226955225
6980587813
7296323430
7400935076
7624194168
7231127217
7169994465
8538091588
6360630270
8430650762
6682575194
6559809376
7343105482
7341476861
7191722048
7265544251
7475363695
8495537181
7201295805
8383918927
7194303625
7282117416
6476562706
6532184712
7195837249
7612252125
8297752493
7786380774
7403824369
8139319676
7673499414
7211439861
7551699006
8355208860
8349967841
7082782122
7340412147
7310049717
7466400214
6205718037
8163269296
8554728140
7338598202
7258720416
7400203175
5266627058
7872989204
7472840826
6934329917
7706554559
7059044665
7251672263
7701883048
8255086123
6188376441
8385439075
6852049894
7233088694
7332146320
7202566870
7465966658
8291648975
582033562
7994761781
7104837185
6885105514
8550300396
7880840613
8114069697
8408736403
8174942289
7346619430
7086974179
7241352589
7318944985
6137317678
7856673841
8446225229
7237174044
8209927466
7713447970
7188660680
7230869899
8487792419
7357758015
6900762454
7775349417
7619451548
7655131644
7235281124
8431040559
7003157344
6850789890
6564206398
7956508300
7377005418
6351893017
8462245532
921264267
6993252110
7272123404
7453321575
7445382584
6575895652
7731925701
7251500189
7640527562
7709370149
7662216245
7083807798
7362882627
7041884348
7288176804
7049656532
7859121657
8337616130
8230039732
7411634894
7360597399
8088628413
8044111844
7242868924
6996832993
7364427524
7682851932
8431527355
6839349287
7031503424
7436557831
7420196221
6525923387
8280492084
5856364491
7425058731
7048709499
7059482076
5211667983
7230687694
7348774873
8467514418
8140343825
7282349497
7049112612
7002007232
7093772907
7413104092
6433207255
6703102346
7231479714
7161989728
7170022836
7442603226
7200394527
8056923007
7473992857
8192460506
7536621889
8227742824
8391428201
1096359921
7106135045
6694334282
7265296083
7383882998
7581909329
8221440730
7047249139
6888616969
7447271305
8476294518
8007781175
7184148179
7034408470
5430950629
8119741527
7842627304
7139862391
6716177184
5751939209
7453595758
8357069949
7044818035
7961349649
7514937254
7621871333
8296203463
6785261217
7659821012
8415492300
7646972031
7536246619
7732830170
7119738806
7814977149
7012571560
7064550076
8164334327
8246263383
8301931777
6104455956
7792757396
6980475739
6783314109
7971230459
6696000851
7910394402
7165302672
7273288665
5954711871
7473509594
8123070896
7933048478
7316071915
7275719928
7522920671
8468779742
7265818584
8351615266
6745942330
7414901457
7710934605
7334852474
7531521137
7838854547
7465723281
5805446599
8252659436
8156708771
7053885838
7421800862
8124274223
7213869950
7830402474
7465580532
7384935391
7072117773
7191598596
6740813049
7276767818
6279800579
8416203907
7263773900
7698906279
7099194090
7540872348
8317281942
6595070264
7059665072
8295292621
7006934468
8567501519
7080457224
7061070494
1614181423
7505265547
6532337403
8223166811
8418696527
5853723504
7469532025
6968445483
5475742972
7647925970
8447534163
6938877090
8299173030
7052958318
7900366195
7787655061
7051078473
7155824356
6915397746
7328623987
8207643604
7305867222
6743690456
8193947722
7370511099
7481836750
7723276126
7744372468
7864196458
6717346794
8005210138
7395332761
8337228463
692794415
6783284557
6685246195
7359036178
7754934351
6938578155
7968405621
7750501701
7010154616
7527386957
6909403146
7587033368
6658554123
7225059264
8475994369
7259846385
7288896249
8369275128
7371571324
8071459612
7192250952
7176167406
7541722293
6634830172
7229881467
7106882896
8036224435
6518509073
7369074389
7512382444
7002576700
7007090135
7343824650
7199785807
6640192984
7761508736
7275606229
7441528002
8413611370
1359962272
7150933027
7839849116
7135153964
8340869598
7498701243
6420075355
7226075357
6571401966
7036609376
7030994826
7641024468
8170491472
7393975191
232007375
8297633880
7014207507
7023741817
7322057279
8411851223
1687746779
7404900608
7607910896
8092481709
6828269398
6978590546
8134082464
7181064319
7288093079
7079751803
6996649505
8223342467
6252674682
7239780194
8314169341
6473467180
7452337800
8286650610
7194788749
7358906262
6582513969
7960723186
6495471838
7017892441
6876505133
7141461724
7147117317
6847252890
8174095953
8198595775
7377779074
7214017969
8143121543
8212549035
8378469311
6911019665
6407065241
6445620783
7212580790
7429657374
7699458797
7491824506
7294982601
7341547185
8532758067
7429990810
7128448188
6944436036
7436679080
7416650821
8208155658
7262690563
7463234805
7554936135
7471409019
6903361605
8159364593
7554027360
7078535385
7204861489
8144149558
8111873446
7705145312
7141994775
7491098949
6098638923
8477438534
6894270083
7637993666
7964880907
259943929
7450664872
7492005699
5698327696
7984346930
7240301018
8487430272
7660174867
8378751879
8425181231
7980916665
6981406212
8300100047
8374384296
8516972769
6507302549
8421530674
1809838557
8126810450
8420508472
6906991911
6563354255
6663382344
7014451336
6516201286
8035116212
7771117569
7862472153
7194274793
7268540550
7631977976
7126585697
7376106239
7326378044
6851403686
8255160968
7299463579
7554485734
8081701250
7145635434
8460903585
8255592765
7125044881
7121907046
8176923525
8325945273
6805846842
7405423883
7240728036
7151991537
7754509034
7320373381
7682236216
8075953422
8047046715
6592311123
7170115806
6998499006
7082606796
1761796004
7308559447
7153701341
7258767063
7295079545
7174376375
7625113066
7663415352
8106526899
8253347181
8094656518
7451276504
8269087675
8540161488
7314379872
7102059091
7705501501
7048496934
7710967631
7443192389
7637641489
7871088451
8383537351
7486914076
8229482010
1805988109
7075558817
7809561634
7200683639
7365570599
8241797103
6380525467
8441228938
7156749648
8401751376
8027269190
7248653522
6551283864
8513099086
8889356312
7035137344
8497957874
8418040687
7666278423
8393324608
8081995951
7450093702
7677024657
6140269392
8214196151
7987013959
7717873685
7429760982
8235789212
7201346449
8313873430
7134404571
7593762627
7353103649
7071645906
8472181678
8070856636
6963416958
7450415791
597880595
7023534101
8000025288
8279112442
6789096928
8493138215
7257114361
7419043011
7424161087
7975491938
7252174985
7413371845
7086099081
6796777810
8517762654
7234239449
8385710480
8364102666
7819463797
7066726321
7238544689
8355202134
6990103769
7386649748
6785715777
8260680990
8435394357
6589606666
8344432012
8117041008
5882801498
7144976284
7665312239
7323888532
7344607188
6926522539
7789421485
8338095934
7375402415
1258912894
976867890
7127646651
8475238834
7832698873
7130724886
8424796681
7403994983
6991624016
6371884758
67887963
6975451816
7690630631
8057485794
2064749864
7257814674
7469256792
8375533061
6928421652
7911530072
8198546755
7438721402
7441302994
7405568432
7245101634
8217498922
7495426522
7597808684
7135685682
8356326134
1434558596
7482865190
8083089697
7207283365
7524654286
8380845095
7354398283
7217798989
6961005597
5529561408
8128500195
7467120321
7031179122
7544219875
7808431399
7462289182
6497120185
7921977643
7735065018
8289497421
7412048793
6592716143
7374841076
7274841636
7368626388
7617724516
7039906058
7354846985
7382316512
7348483383
7407754385
7345988938
7557664427
7195810016
1801358812
6809708772
8493935830
6997220348
7209469569
7876798981
8359686662
7319299402
6957498879
7550386714
7175923475
8397250779
8267185865
7322766849
6895710468
5914023527
7850876378
7337180479
7505450652
7331367997
7152164017
7268584937
8491562945
7353735613
8349897500
7201721235
6771313359
6978164887
7667170535
7623175857
7185683162
7085164556
6667694764
8240966715
7498825521
6915581378
8051809422
7331281460
5413364381
7538998947
7053823455
8537918424
7612123939
7749768639
7295367718
1198842381
7351813136
6456055017
7119668353
8237686034
7250341641
7396515669
8118146937
8135308692
7268435020
7405648163
7951899239
7794081807
6954385826
7333290105
7533084535
7999440541
8442163308
6689737471
8483056399
7196645322
6497325380
7135638016
7127309186
8483478039
7662317509
7192912779
5334158530
6797465424
6589690887
7757323125
7082861940
7871913273
7541684346
7321406267
7391366780
7241727819
7646696321
7254588477
7367665969
6522520471
7245621641
8146613107
7655920083
8573828716
7192163864
6826284675
7422336296
7192265047
7817922997
7277002169
7335911213
7939897920
7799548349
6833948278
7916229378
7055419867
7879724086
8466335444
7848567684
6345072228
6499235027
7143826363
7148211069
7864365942
453387778
7575347176
7012934916
6861929488
8146586700
6394056842
6672611393
7517474334
7133849724
7665057725
7755803732
7122706913
7593830912
8417852366
8038603969
8384271296
8433893161
8342391592
8119865547
7101489959
7313058034
7049286458
5202626164
8332099277
7482136098
7526884466
7671604880
7669512969
7297454881
1648240892
8313919677
7779245975
8690521681
7109067013
7785157924
7111950448
7954104999
7472021342
8142491032
2124754955
7358792285
7344064669
7090199836
7784558414
7292169563
7129190041
7901044551
8059909126
8045720211
7633288410
7479725909
1751303887
7966635618
7143198951
7753614920
7849787429
7410859863
7885548913
7492981797
7068076471
7564337654
8497309883
7742568567
7271941255
7896417846
7293195333
1012456952
7966204428
8307094981
7054122861
7160222348
8479582019
7898261130
7453054915
7337578288
8053765034
7642608482
6234113749
8056156339
7944069411
7008797812
6487740369
6256848792
7778614760
6607801251
7272154607
7452765401
7183604168
183326865
7084102913
8208723589
7311128145
7554600573
7761032281
8226320810
7357637689
8228534373
6733052815
7489860908
8446502399
8399041976
8096856398
7245061694
7666522084
7230591530
8126607826
7545072473
7423124152
6964390281
504436181
7275614771
571719010
8008555358
8311267661
7288149311
6673046898
7266210274
5730033112
7314723934
8363808978
8314826231
7810388164
6943776294
7318718282
8390969264
7261050429
7276290434
6051188674
6720416610
7342466356
8265732377
6923966730
7286352099
6525993135
7022765733
7073553937
7452274419
7014811779
7673425484
8195862027
7614442062
7809467796
7494684380
7891782435
8332822958
8225566747
6900992692
7110223429
7430888447
6744704570
7271251049
7445744719
7566014197
7290100410
7025423960
8231105029
8425266574
7344970660
8007637494
7331379310
8294950064
7829894362
284620057
7864551210
8436898350
7645344152
7232823804
7100387311
8276260409
8128425309
6991538218
8087290883
7694914507
7388492005
7896885600
6485636482
7430879308
7053700387
7355228134
6582795973
7520802955
7420131479
8752327006
7000033942
8318659704
7882204495
7285936304
7885667549
7613163937
8310639941
6991884930
7180919574
7993391395
8234593594
6385820366
6869523745
7699800738
7437742461
7428919242
6653520703
7876509921
7027202010
7209011887
6744393504
8588653934
451293067
8268353499
7856665357
6326219831
7569701145
7735814793
7003035414
7540176464
7449044416
6346374584
8096542288
8422617581
8063641096
7929455797
7685910930
7299311279
6177468445
8182394227
7884736117
7352776556
8081975974
7086552542
7625789261
8427155216
7443670567
5484039938
7324937110
6601865199
7091816666
8306214088
8097702097
7311925303
8430448504
8083398469
7577748704
8266964308
8372754046
7083498868
7074567315
7913370739
8174793889
6700550740
7644025322
7382750509
7759341868
7252762334
6385829100
7266403285
7817083971
8485951868
7131121097
7345587388
7961734391
8421755276
8172174066
7711058889
8493065723
7198564738
7460450133
7555104195
7589378020
6185942228
7208334030
7110479553
8393397095
6844783470
8406344121
7321035295
7618934399
8376142620
6947601254
6975297014
8027696194
6515510005
7717003973
7601277211
7677803654
7395804402
7196662810
8070759254
7181760231
7545847102
8354398198
8243724371
7271793597
8325826504
8203523528
7284604678
7025826150
6957130080
7807365133
7543574699
7356115159
8457155549
8400154762
7876616440
8153266426
7985909154
8110039046
6276386125
8045596170
7287201779
6966358166
6961339767
8002535666
7177580502
7022488212
7004346289
8439557569
7163272305
1488747957
8422402114
8425645138
7498718419
7302048233
1483880956
7671648057
7126819240
7636321315
8450660493
8542109897
8567455698
7198260808
8356364936
6685356664
7867015219
8124530640
7133075078
6318568107
7413844574
8148058672
7381099381
7567267765
6686064988
6587542608
7741130320
8494158172
7869114024
7501427946
7379271163
7336585085
8546729138
6726578876
7429791117
7205938379
8645149195
7273688581
7978499180
7962169532
7165414661
7902185963
7082961633
7289779849
7706921471
8409052099
7694935842
8338015742
7242685842
7643723358
7058295020
6799266532
7094267286
8439337140
6460004378
7413950900
7312146330
7334610425
8465134030
7535285215
8045809515
8346366578
7012114117
7422477649
7643714202
7754158886
7877885821
8442306686
7309802278
8231184458
7245880568
7058719084
7269959117
6480977510
7450508941
8053266908
7153554694
8143869992
7350585352
8008298219
6835249244
6760792462
6875048049
7962079036
7523800081
8365109209
7410566405
7001922799
8397911384
7089198671
7210239574
7181384037
7275453821
7425667774
6643520709
569785028
8453473508
7027258849
7182001088
8035288367
8467080975
8582587044
7252473785
7286590237
7209620943
7937711757
7254949190
7342282324
8250933058
7389772361
7347762924
7486180334
7078658038
8394114335
7191504995
7586783521
7765173173
6307822157
7958295216
8486867035
7478951205
8528211524
7741304348
8394168764
6523594284
8401286965
7786196595
7360520867
7089948698
6813749002
8072024784
7222851663
6897685895
7258970738
6965101535
7183213224
7603824215
7064995599
7454644761
7954118931
8352751801
2048031389
7355796912
7859787603
7921222606
7697743453
7831706773
7556621199
7186970294
8061582324
7659610298
7581503759
6480302953
7320427647
8516588443
6778812652
8392404241
8489786404
7904946624
7242923951
6556369177
7063920616
7862714113
6023917710
7286053245
8374248363
7249863291
7242649332
8195536995
7276539807
6717507202
7430682030
7045030408
6203207234
8279187574
5427422252
6511172073
7228744348
7513346793
6891172105
7383337310
7362937981
6886254882
7426857922
8226279583
6917854661
7298096290
7643600580
7048793965
5919137658
6972297764
7583326715
8498121713
7955166948
7885132346
7343856628
8408196337
7213783832
5969005497
8018756522
7709344029
8487743037
7580399202
8092655883
8163986475
8081184778
6887164209
8386598481
7503032756
7246617918
7156311434
7273508312
7943140470
8419393636
8139592591
8411971900
6714977840
8239963514
7851751962
7363715272
1253029317
8295058303
6422792578
7339215775
7288979868
7387456535
8419846434
7977169558
7419296439
6713936488
6645382061
7078581628
7207729205
7531664160
7278612977
7007243642
5743850950
8235884768
7245737945
6899696497
7230645895
8254723810
7417852696
7401571369
7340093128
7282494172
8067149272
8468860239
8505426248
8216664059
8486856563
8175330663
7179816733
8048191550
7344078941
7458882445
6990036890
6769244493
6879931575
7126987608
5649714461
7914263197
8244895945
7346719043
6428693639
6423846936
7676582915
7266289683
7220083116
7583321454
7346859592
7165843571
7243600137
6604023545
7898238164
6721525188
7987186706
7070766068
7661708951
7451551843
7750906259
524479342
8420718201
7014780085
7929656753
8190614548
8414749034
7333053994
7084630560
8348935940
7596279563
7526879492
7292986414
8401314324
8337578477
8518936119
8290768896
7839842734
7441983158
6460802216
7505210518
7225887261
7365611484
6827957679
8415309886
7149181240
7475058520
7595005745
1951682523
8184000918
8511103252
8481142828
7195717672
1067248379
7281270988
7242553516
7815806816
7112554657
7457290528
7230609988
8491635278
7276398754
6811709115
7431529889
7625437117
8371950801
7109093465
6570751648
6887056042
7353938198
7692324193
7578451788
8394952676
7083793215
7238986452
8201630198
8288736938
6497148127
7235566389
7696929283
8154429563
7451785050
7464981247
1624850033
7804003830
8256234628
7001919314
8425486523
7007392284
7808185371
8364968530
7703752794
7272599071
8354983835
7172609268
7369623654
7189353080
8054887198
7468669176
5617268882
2138868854
8243729440
8261042579
5429318626
6623959805
8378644624
6928846641
7062021581
6839949446
7023486085
7581962798
7104014282
7947254044
687127196
7809147775
8245736094
7927728341
7856896580
8569504128
7378213819
6798237836
8250773294
6702960481
7764716067
7290812595
7239473267
7742726809
7389010183
7280361503
5406747703
7377456210
7233756440
8031775481
7966642785
7243814719
7163087047
7395329807
6741263130
8217532038
6375384231
8552290906
7182155569
8220478774
8101708791
7017405991
1554293902
1516344657
8205408734
7908943208
8079128017
8541557507
7689865084
8287679374
7472821627
6386437267
2143349079
6978888280
6920916739
7525078279
7277033182
5789675809
8362418903
6993193755
8496375260
7303414394
8126235471
8025154614
7446306302
7004850359
6432545947
8389654513
8027776368
7499194040
7436366771
8495159299
8238773406
7100752561
7382476566
1823595693
7571385440
7333442020
7191797202
7009914545
8287698048
7347063319
7193246501
7629008880
8216529725
1765722010
7238030563
7460800471
8262653340
6387508413
8046724644
8103141816
6663369289
8380802340
7045509381
8183963732
7096861365
7364205518
6933943575
7742828702
8089980494
8481643878
7010588422
6752876420
7286499627
7993529475
7199754781
8346546159
7481213016
7040066151
7192125466
7551912081
7701243516
8405051760
7121502004
7370138700
7692591161
7250850891
551110942
7435546833
8009032407
6955267830
8505709058
8238607021
6607035704
7117449797
6721965350
6591671228
7560669495
7714327511
7582336314
8394079803
8353538496
7418007213
7680417948
8369522649
6999256006
1679409754
7510340755
7241995411
7856626089
6936865438
7877280031
7046324617
7417405148
7682060366
8118808409
8466802296
8053977122
6877624128
7253027843
7909479817
8384903513
6283655149
7445149875
6665659796
8599389114
8454106302
5828715322
7340199179
6922381856
8279623574
8359652562
7212273433
8298916338
6942037924
7496489081
7461848457
7545630561
7613677288
8498526520
7077493144
6390365193
7239784372
7230228595
7049266220
7412341311
8344272404
8466317261
7387669856
6589914171
7433861903
7282715297
1048262115
7803660148
7213233254
7927589063
7209315456
7039047778
7468557971
8387490668
7570961027
8121903004
6982319446
7897925145
8069681995
8369514152
8280118884
1755160045
7858906095
7361248657
8313193280
6751425115
7249519312
7009833179
7362856495
8019760181
7475890442
7032209552
6998211286
8194140348
7563388222
8434134696
7475115283
7505088570
8206972567
7385174574
7188058987
8244464413
7022057630
8073609033
7845909529
7901509462
7750881626
8142581460
7861910489
6846733023
7631188792
6892757285
8300743773
7117184265
8032985951
7444813555
7363718731
8120231482
7096439675
7592263189
7022764006
7115667271
7203707779
7845251980
8366850725
7164599889
7399958507
5411401439
7165251633
7373462301
8107863915
6596594930
8462306279
6741997800
7827942725
8573626653
7188556437
5269291074
6902093756
8263287460
7165882018
7468254682
7037320043
7819090068
8460685168
6939936043
7130714229
8129658795
7100528691
8174767472
8334810142
8251927446
8269780415
7457666652
6776772641
8467894471
7373818724
7171734827
7011016403
7343126270
7142595170
7098041950
7017508517
7961787585
7366941029
1929738666
6308430429
7076848979
7331165754
8459553043
7872244350
8228700663
7433804137
8468916262
7114794656
8136760208
7742226444
8355713125
7150717925
6658415878
8188114489
7475622311
7642522220
8234848974
7372312205
7417056190
7270035879
7276326462
7764753063
7732991841
8405852266
7351779305
8121481206
7656603328
7635902329
8081766416
8115757076
7772308516
7205806957
6919849880
7505014691
8337137671
7890039620
7704138330
7622901015
822107848
7394711710
8260906317
8276981194
7033129302
5620315236
5343898920
6400638134
7224885022
7716174725
7360953331
8315931161
8317225038
7486452708
6998722295
7586776672
7034896431
7511923185
8144044388
7129007221
7412872971
8479982672
7174377330
7380980234
8177950012
8057397372
7289747777
7168176014
7282046642
6791199872
7918464725
8099427039
8309914360
8453274795
6443948272
6876438594
6313132759
7712483611
7295357380
7150946576
7950015921
8193990507
6268467048
7651531809
7072723194
6983365765
7926602960
7447174744
7972068101
6561964361
7416650956
7276428149
6563933568
5292272959
7572652427
8294284415
6759292321
7198470543
7611360292
7280389416
8246033920
7227879013
7124742130
8384291155
8306076673
5830160711
8388555307
7689066602
7721180536
8756481800
7587584179
8378833507
8080188440
7738441492
6693282225
7038775719
7886728357
7321318545
8395245830
7203343437
7695199010
7420544920
7223776470
8376062756
8463988110
6944942897
7417083907
8242976657
7583139217
7966505172
8362209444
7133955236
7846840538
8246667989
8350565166
7827039539
7280184497
7406134102
5547775287
8196988265
8296349527
8415276412
6588814656
7575666607
5924688617
8203644145
8241876338
7419116053
8560137304
8062426947
6459642013
6879739352
7758769605
7127062498
537333996
6809498377
7080350478
8285337539
7665647914
7212478177
7302350550
8468254885
8405197568
8451616628
7848186479
5892379972
7465182532
6514790361
7081480501
6511193706
7338998612
8293566671
8274647919
7420907490
7908787756
6869168456
6490919177
7822537899
6595872477
6442832335
7723478419
7017372416
6897946379
8454444206
7676759056
8205983686
7142997917
6461047287
7222492891
8232008232
7174364095
7154884598
7162636263
8342407230
8069871133
8284101603
7738994943
7351879770
7499964396
6700857175
7477662060
6752249150
7515440592
7745863466
7435319358
7026215164
8398786552
8581729660
7077279462
7403000750
8473490761
7202452095
7097620063
8482204001
6355903094
7693577788
6768398118
8088903367
7669703874
7480318491
7222823294
1928218917
8085489787
7378542374
8245084657
7945284039
8295419327
6562017491
7251097043
7921501890
7288779451
7442143209
1764299304
7235737010
7247697603
7376093498
7729163510
7927919424
7577816214
7356288021
7196816014
7212379922
7966453857
7874692941
7318840172
7007807801
7380521284
7162709191
7072306803
8303199089
7168370472
7224812101
7406801074
7261536140
7150184469
6578928270
1017871629
7214702653
8340554118
7397818093
7423261974
5342883806
7003161487
7060960059
7609865314
8480416620
5990384808
7526645803
8586793831
7875798001
8451139366
7238608311
8273475320
7173131396
6423223145
6513754524
7612709279
8322924788
7185322332
7061020553
7241097706
1113965999
7491038481
7743641636
7242346451
7543294380
6839165861
6967771107
8377228004
7175781091
7877028883
8166002220
7347396643
6692524500
6435226695
7103163024
8298684272
7966404229
7404335234
8333658981
7331887553
8352928299
7163733948
6817195985
8335402388
7403227138
8021198519
6633758047
7226010443
7313941699
7477778035
504035257
8230294343
7103755151
6981691177
6951750885
6444319210
6511162021
6606096652
7038279273
8029580827
8210987489
7694457861
7167916561
7150852223
7817178313
6130183319
7077555400
7881959315
7641452766
6897299623
7958468101
8344803889
7596613775
7727385080
7112038469
8570756460
7115423985
6874864118
7444850832
7983044149
7325554031
8464554081
7918477595
7399124442
7406705478
7574083619
6913588874
6778226769
7141383294
6873937531
6778395686
7171210574
8022306925
7139087528
7896566926
8381468866
8201735527
7613798856
7403741416
7326472098
8340993563
7476163677
7003982288
7908710147
7054224237
7420707083
8295312488
7499155658
8192989822
8039621100
7366836122
7403530993
8356353169
7128240980
7619681203
7136373011
7203225525
8200583079
7151120018
8377656916
7855752309
7659356896
7122680198
6885829689
7430011559
8086256049
8015980437
8205259656
7920135657
8354765008
7781878818
5621402911
8063753708
7640316144
5626730330
5057188529
7261855327
7760996545
7444072619
8101022238
6712008474
8273569626
8133476698
6308432324
7166512012
7011414678
8145628620
7235860657
7884825423
7515218035
8290109343
7103185725
7425056616
7063777802
6354222739
7216747718
2108027509
8307129443
7475509553
7651640859
7766604614
6988602788
6967582588
7367526281
7113011086
1890181364
7681211188
8121296467
6664506503
8577651959
7963087560
7271413651
8291446684
7329573152
7730075878
7584868168
7411619107
7397642184
7480262764
6799331103
1580955469
7659077834
7320574994
8241012131
8114155292
7730890363
7091862638
7776022435
7757496834
7638266245
8248400832
8590303275
7199896421
7123329556
632256114
7893805320
8345579116
7098344110
7458383938
23424048
8238767409
7699105400
8342659667
8409353007
7923322515
7738028931
8296936829
7598147304
7148729207
8394411966
6429249037
7696293542
7441440519
8419974195
7571195808
6988337735
8370714170
7365436978
7322360106
7437058090
6788272637
8058884500
8416461371
7330415078
8267666608
8174765859
7059656865
8492646966
7421436313
7280494409
7203309422
6864770014
8042946590
8158094582
8358623514
7209604988
7507203905
7119266048
8478443375
8213612535
7038753187
7059873193
6782893788
7303842053
6563787381
7427427477
847895496
6604391862
7183514748
7704665952
6797855932
7283923532
7785591887
7055881022
8467281279
7970296151
7482380721
6984781868
7889857560
7314844202
7834133017
7147144413
7404142088
8156307735
5762025641
7941964417
7503424595
6905599980
6962158820
7412474063
7402389564
7371941849
8057678823
7399229850
8352057108
7129418678
7294284266
8591061175
7005715913
8156212082
8511230342
8128090286
7610858190
7371556239
7840674036
8012044777
8386832673
7609649504
8251899476
5944727027
7522470928
7063154505
8328483595
8248986221
7568251902
7261286551
6931442275
8498917352
7657487276
7096771255
7954128015
7489037221
6144710207
7680279704
7092769533
8297476167
7676607899
7029485123
8061321929
8371819628
8391770446
7020806582
7109391493
7094950902
8354378025
8307898576
7558577530
7392837771
8167003583
7177826650
8384619289
7533707993
8496873257
2095548310
7364764553
7015007738
6733281898
8408319853
7391107788
8381764874
7231230573
7817450477
7421833606
6482274830
7688721188
7242838532
7156469282
8472043525
7415380727
7477077806
8141389411
7051929921
7293137760
8375200433
7708321521
7162050213
8395114758
7226038608
7709995034
7893409271
7396849683
8416716247
8465153788
7458059331
8142535808
7535251166
7008367613
6922931630
8213959283
7362973167
6459712881
7308997427
7158862037
6882527300
8072913254
7299815813
7247377917
6844423159
6759502460
8181773233
8263985202
8268624797
7681426018
6700406941
8387851837
7120140606
7587636631
8467333674
7307425160
7280885839
7800023004
7505713261
5935959742
6429213773
7419473746
6951330529
6887856823
8100977115
7186484932
7962997532
7371439070
6727765312
8466685611
8368526623
8453521692
7418424118
7480636158
6812376313
6793556284
8188225428
6500997985
7392798766
7019829970
6737576986
7430228922
7344046862
8302324334
8373565606
7257103217
6952742429
7442883050
7536760510
7310216563
8187670355
8489408242
7409532473
7353184733
7611718950
8306251012
7027980057
7973732914
6875338743
7222578292
7381964933
7279165690
7994425574
7354409225
5440824231
8278069822
8782398750
8408470434
8214650572
8312124884
7920311595
6617910791
7231777057
7703573739
8205020348
7275524989
7414757239
8394568841
8340295618
8285880147
7599275629
6611933941
6422166971
7601853747
7952393344
8090896999
8293805867
8161567507
7366299638
6123308756
7048641026
7706593191
6551038065
7351525346
6893582401
6299271673
7468951037
8212108052
7068287361
8219760632
8163059633
8076904736
7469699740
8068206361
1922489707
8197830106
8215863307
7919253149
7750918672
7743174314
7259021600
7485599963
6338884358
2094818710
7166401499
7475262633
7084239136
1478945429
7357759512
8204216452
6915963259
8373918123
8534999153
7045944114
7070529482
7389757453
6713597915
7182727025
6468720159
7128142104
5752087615
7395029584
7121022775
7231796173
7586899998
7996555750
7759088368
7655915343
7802526156
7055387393
6815189393
6864460519
6320705779
7082224233
8189003637
7808656764
6320156064
7562956189
8496565741
8122007487
6422641708
8262734371
6434651010
7227920692
7140602127
8098170130
7968781409
7452401690
980111160
7306938324
7566122035
7948305632
8444737624
7777840666
7979594566
7931210456
8264188717
6639224281
7724310165
6543725782
8379971450
6718971506
7475687525
492244081
8002367075
7312289158
7206267245
8201785146
6327400583
8074989240
7410254968
8123041220
8579768451
7189314384
7101871930
7284559303
7415768377
1295533637
8444966220
7313598900
7365120551
7552246827
8366703838
8116976717
8414525776
6903692450
8568960271
7906256266
8186527806
7384498665
7811399823
7115431640
7182348263
663535922
8344018365
7065637957
7700619375
7753388870
6640875041
7479676570
7347739587
6964520977
7440367587
7267665113
6701404126
7440562573
8355256878
8306176830
8180632322
6549978091
7804750753
8038474775
7176139576
8277918563
7051983296
7908017662
7267087451
6313614590
7807568217
7534822463
8455315081
1603085095
7411013183
8363215895
8264189426
6723833412
1648725288
6276700284
7486783896
7181176456
7114748707
6213723758
7038947221
7519720408
7488758224
7365386819
7322462857
7223430655
7402010437
8352127629
7833471235
7454131128
6845826050
7023397933
7057434124
7469993469
7289548489
7178676536
8300058452
8414221876
7331612641
7256510956
8331999269
7050368178
7304017595
7265982649
8315313920
7287635926
7199927892
8111657741
8044690261
7422416815
7878210782
7599159706
6989312960
7227748447
8295915449
7026842106
6641793283
7100598574
8165372068
7248392538
7899452436
7114356491
7023289250
8140428048
8455642931
6654873840
7109900779
7408394322
6614810894
8035160707
7517538212
7241217114
7812303679
7664711835
8480623961
6793351556
8005115823
7148865736
7467469716
6604006509
7928988305
6990836059
7267636455
7459017302
7588388633
7914008216
7987184017
7535958770
8009616608
7487368861
7927381497
7049551879
6893846848
8349297529
7457253660
8381967759
7754436930
8513376478
8250055795
6544176732
6816059121
8429665322
7012132269
7960246458
7475346453
7403812675
7325704219
7962791969
7581270421
7377151118
7011237295
7378862434
7284596440
7810806054
7916246350
7478016824
7282127337
7774291182
7146053875
7334128036
7160938510
8395256390
7802326066
7249218304
7257902991
7744316850
7277555214
8370278793
7530050994
6683498630
6783150994
851321658
1754747830
6701537999
7171573616
6782046532
8351019530
1006976821
7437101292
7302517259
7248567848
7401954642
7522492654
6310856821
7123637545
1407763186
7303072585
7717312302
7781903513
6453056163
7272162177
8332259909
8318098429
7171730461
7322678979
7659067464
8481278690
7852794079
7464905262
8497877766
8293509879
7865463927
1446782048
7070383847
7139625378
7457824195
7460013524
8459514067
8362204237
7328705686
6902731427
7782287075
6992244695
7243373138
8408993678
8252843651
7493170179
7418849237
8404929111
6950441331
7496912758
8135439376
7786290965
6981743524
8430259996
8285059759
8285650132
8186996637
297568902
744140965
7969334562
8481503591
7768771195
7571445084
8279061589
6647671363
6454011230
7182678718
8393176587
8361099530
7336392468
6998369981
8480200726
8335279066
7353407595
7413875468
7101455006
8275254790
7829638041
8230982185
8211544406
7119022454
6871877036
7676727946
7731299030
7535410818
8231193142
7853427431
8429280988
8363214765
7192243974
8020037756
7489701131
6475585312
6590103513
8051729927
7458639120
7335927644
746548320
8049098799
7179099790
6989533278
8460893459
6600456343
7543780319
8361039270
7450937833
8099858884
8098033810
6438601608
7918365192
7147939358
8046411289
7450630141
6828211693
7016967754
7559947579
1969247359
7591425965
6864811748
7389088996
8472287334
6468441783
8205331684
7480265292
7797803458
7101649220
7435623643
6502810452
8158531991
8032582297
7523136672
7285949049
7201130590
8447056418
7533306187
8331293926
7014076501
7143695886
8074000150
8414310760
8279028520
7486599827
7124054800
8472738096
7556009755
8364568194
7021813868
7129643506
7483930636
8026712170
7394750036
8046096379
6783446884
7374440506
7147458821
7670276034
7783805321
7590384916
7211311989
8133319853
7883795046
6642183672
6436868233
6938728564
8530023229
6880534626
7046609124
8384457730
7271074909
6647782791
7461056483
7644165091
7238224401
8260257767
7454150230
7853751027
7796124844
7328135127
6781729317
8262771511
7007075451
7239314088
7856806952
6714642504
8378726611
7076520082
7330704803
8513387791
7109023132
8460323478
8206191795
7379272358
8323448860
7637194402
6854697048
7493872312
7869113466
7094735591
7250753291
8465036915
6621384878
7130396774
6619371853
7526587871
7212104451
7363574026
6533844147
7960883708
7163049745
8279108475
7367845487
7808095621
8073244818
7247521185
8060996797
6501685618
7385440590
6376687844
6933397161
7349616449
5713543664
1041658025
7652556727
7291280737
7844846009
7208873614
7045889763
7841179536
7889363692
7314549037
6466402041
313718187
7974674653
7596319799
7889360412
8558886378
7464018660
7872788770
7559182321
7072371710
7253813293
8369126204
8589710834
7697340894
8354749920
8069662977
7321685168
7491842415
6938810131
8363310079
7118518992
6801338972
7337256936
8092959207
6761757115
8217552218
8216631591
7238297586
8218988420
8356399448
6724744340
7425449811
8053884203
7393261800
8383643201
8110854129
8162114229
7210111846
8240870781
7050225704
628714343
7552269152
8334400194
7409024951
7489556162
8444311014
7773853445
8314129386
6989474654
8250663412
8025296637
7213103457
7413945481
7322417866
8479848650
7713667358
8346772749
6460896194
1169892215
7648732031
7112919172
8376044978
6901528673
7485743821
8278986535
6812822606
7245018367
6726592925
7491956209
7223302847
8486986465
7984242914
6635268583
6432468444
7379939088
7183347198
8034075160
6498244337
7352919874
8241101571
7130194363
6518469883
7138083685
7575256849
8425437955
7767707535
7058129366
1191470038
7554469976
8220029913
6451546815
8557341024
7420735107
7253495128
7465303195
8306675676
7221233559
7147411543
7376735647
7895497331
7397706027
7797375570
7306233753
7426377608
8369273146
8301505566
7614539653
8097299688
7445593474
8578657029
7209146148
6939881398
7181785515
8347218109
7446227113
7777701479
7462787759
8001477032
6679029801
6804467377
6606601324
8295980457
8184102323
7468638682
7887431191
8225700443
8315848471
7260997477
7212235786
8219529729
5150726473
7757670833
7833176140
7859395004
6572197096
6832142192
7217036114
7633740688
7112509096
6388930726
8492834519
7291098799
6776205006
7667303113
7935240014
8226743126
6848250107
7674169212
7194090753
6969379430
7354827946
8310143963
7453985853
7270838333
1789524672
7173852435
8296494648
6883366314
7241448090
6795725967
6015116730
6829086028
7460664982
7039741648
8171022004
7711399238
7529408241
8197177263
7315516657
7891043097
7115703450
7152464699
7878599312
7016263404
7060273313
7032175934
7167906201
8010237136
7548028475
6527945034
7930332359
7501585662
8491917553
7000271779
7443952522
7050444974
7884159667
7400380415
7068351620
8575346903
6520172753
8466961112
7672487235
7990911576
8122578863
6113080419
8462990148
7422550666
7916642290
7245351556
6902403648
7850796185
976577304
8345169494
7392076231
8282961476
7357086284
7021563153
7831460741
8341471200
7555818714
7208633340
7270273070
7956175577
7375821479
1864350682
7259724877
8466115036
7028350551
8292734582
7235638180
7240731255
7094725311
5124598117
6833165205
8400858260
8441379803
7153225616
7453001854
8137717193
7250975730
8003460623
8305664400
7687768139
7323182144
8493143182
7040709642
7241124227
7217230309
984365040
7823867340
8113127628
7137606732
7902786598
6826920441
7740003343
6975217214
8039545605
6278045793
7457178233
8065758916
7304366759
6246549746
8163102968
920401404
7112893298
7495809832
6911024451
8797750618
7343710706
6950183233
7024802344
7502892349
6491665246
8081767694
8417275733
6076052435
7535336105
7391467110
7068770068
7240329494
8361880558
7240597646
5169511421
5358928742
7638823710
7475542408
7765234974
795567220
7355666445
7795051774
8224882973
8549734775
8258216601
7045424699
8411891449
7033996836
8290897705
7490141120
8242049418
7732403120
6820011942
7182564948
8321562440
1222358025
6933458577
8020701163
7430055882
6169722327
7222213567
8199691273
7636524442
8350794715
8407878639
8234288499
7248284139
7551821308
7677428748
7258904172
7806447654
8354216520
8478125955
6915022183
8193683258
6450070510
7224448977
8192900417
6584255867
7237469382
7008264301
7263056412
8460787639
8311347049
6889516587
7410908975
1976598994
803065027
7378832165
7380337852
7211294200
7362386477
7953032834
7710280602
7394317756
1852890482
7362571113
7712673649
7655338566
7678636223
7002214144
7189173559
8340624414
5965182072
7702923604
7214105823
7691284844
7272007424
8293661206
6326333274
7240527416
6762955368
7752581961
7748891195
7201338114
7272708321
7044341132
7087579260
7115753671
7853178223
1049247116
6869726763
6416420363
8076144445
7864375278
8409759020
7509365175
8353977587
7499393018
6519890217
6049046753
8135342231
7277049598
7181574457
6739386191
5051286298
7274473148
6985815609
6931765790
7557178718
8146484846
668236813
8454586402
7558191869
8498476287
7422241930
8045012189
6929413940
7122616895
7658953937
7919639227
7475381621
7010008708
7196306500
8435580749
7893122288
7383080849
7098057778
7003949749
7893327432
6507658154
7196502168
8213344972
7808869375
7240620090
8129965052
7172224531
7321949224
6767484138
7013321361
8241443824
6878115384
8371025754
8360395155
7032319633
7311418423
7393781313
7117536036
7674757404
7934518007
7588678624
7492285555
7670222609
7500713961
7178043015
7284409959
5523022152
7627620616
7226928661
7022033681
7101215715
7955732822
7441887682
8197528612
7125095314
8176308324
7002426470
6946650837
7136029588
5616760533
7418728078
6584504143
7977111822
7218861416
5902962495
7785071776
8157811100
7253091365
8227893230
7089108243
962739667
7440119343
7144188455
8157237478
8385100987
7908816193
7569845694
6805959132
8031408524
7980766390
7579812219
7942229229
7262364592
7605120527
7411252809
8215630619
7258771965
7859209087
7513189356
7711275491
7782318227
7655466675
8009478595
7707433982
7404752463
7280972771
8116727223
7943764157
7196365117
6984480540
7291466577
7619500590
7209208035
7625644043
7243039702
7271684211
8357180656
7453191575
6885807298
7031651860
7327210402
7581024626
8220306868
8072413055
7567282901
6126863038
6884694541
7989392494
7144512530
7065519107
8445072242
7326440132
8323442456
7271180983
6895892217
7255135548
6700516300
8326213761
8187133379
7291451820
7764956604
7979923628
8074946251
6703968344
7385933383
8420652901
2015380395
7774970328
8055248527
6333686238
7056515392
6819224269
6681165577
7248957099
7656850599
8364605816
8233313611
8259156187
7939079263
7437810934
8054298994
8453305130
7988194159
8874299396
7250359089
7463817112
6671154023
7029095548
7261364897
7201214262
7789912067
7043118793
8020956948
8075929974
7939460655
7219261731
7613105105
8481440394
7778687178
6884072147
8294982869
7317548423
8153701865
8162539178
5392687017
6229096581
7482519682
8138350965
7338658070
7231200496
7563037179
7942503037
8217941046
6761502011
6718633644
7629603912
8203472245
8147906546
7318257488
7249632015
7621560388
7225374740
6874629690
7064090795
7044675068
7798347852
7277787905
6610831729
7893832544
7531072486
8552420845
8054106294
7047164229
7248799536
7547977167
7797362283
7256159496
7735244324
7127659500
8095402606
7013630803
7599667477
7373198511
7617671412
7424895459
6772556716
7284961543
7211599976
5917950030
7224267263
8384183394
7492612831
1683357024
7359222124
7471864765
8249739456
6968599447
7256898243
7424547440
187796612
8111207851
7809041049
5821069734
7488180354
7160181090
7634840684
7739294331
7846958713
7528422565
7187091749
8194790816
6444274126
7072800030
7813533709
7067405669
7074628775
8227616350
7277184363
8233465318
7176934266
7924135319
8015080350
8350318058
7078007501
6909041272
8294436817
7058705033
7985884875
7514350483
7220482671
997220459
7484929788
8118463601
6497041599
7648976226
7729853087
8388577160
8248664398
6913827043
8314332912
6808440947
8240718741
7280065491
7467161244
6872349623
7789222344
8245863117
7702578542
8404204783
1857450676
7038573947
933461967
5968754586
7126153307
7318358051
7048808337
7983069519
8832261312
7031521799
7253540688
7299886368
7444482065
7582446721
6801353705
7360589513
7081557835
6888725369
8414502567
7955911078
8015394509
8030075818
8249924549
7453445256
7611809478
7808334262
8191262250
6899105792
6316907181
7215909270
6640209075
7732619273
7686672199
7192662899
7343023061
6131905552
8124809501
7255241615
7302344732
7986432511
6779867205
7735396413
7773022583
7215229781
7345098176
7199941686
7002926158
7828737597
6587123085
7281244688
8160863348
7338685236
7360451893
7654388662
5357579499
7295978082
8455349870
7424283976
8205694144
7117458862
8430703385
7316214357
8468804785
8004325231
8097158847
7641706298
8226755660
7592163584
7196575287
7071220233
7069818965
7491294349
8196082043
7436060395
8655737064
7854296858
7895059420
8456772386
8423385544
7049496473
7955366150
8443848962
7585935957
7633975265
7145375253
7446299114
7773059963
7614885086
7040324802
8248613633
7181574658
6999179085
8332767301
7042768329
7296122852
5920753969
6712583439
7683902957
7268778081
7972704161
6896379916
5502017462
7026259140
6721557878
8332901251
7208509883
6935995057
7386799195
7406511672
8311213277
7795574696
7899184257
7133544857
7527620954
7296165981
6172698197
7139299904
6503417296
6227747923
8543377173
8231254386
7406843138
7442383638
7823573476
7356538614
8205331933
8561972925
7161524927
8387427231
7296865560
7340124603
7066620051
8333405012
7635164844
8578589618
7349410086
7596042921
7496583768
7566921998
8160523174
8392950354
8404682602
8382029741
8499573258
7367691908
7416362441
7093249777
6837636338
6851512977
7633182563
7267797422
7155376326
7291684776
6425258517
7389403568
1415986587
8154003213
7842613065
8509186873
7043114770
7240918694
7455783623
6492545855
422368525
7880144210
8490020476
7674286516
7821542566
7233490618
8147646701
8100527328
7523115127
7362165151
8400542479
7633844446
7129900244
8227800002
8456602586
8131424435
7918691295
7749138989
8483252484
8086724725
8361331630
1965480129
8078654388
7483005341
7203043560
8290185508
7872195834
7392551925
7283085876
7797211814
6869187670
6914281744
7810544734
7343279185
6012573521
7024700734
7678612356
7339434236
6008760213
7568776117
7635704716
8382036398
8458038880
5873806411
6531711257
8119095816
7226920159
7527596335
7559617859
7066534206
7105417761
8094022210
2041145945
8259551689
7863861315
8128031766
7857629231
7823656576
7336316270
7264186642
8236043184
8531009142
6849273795
6049427299
7051249454
8400054748
7204068671
8382016758
5635690356
8063809575
7558123341
8149639073
7057731070
8391076631
7578863915
6371510420
7273105681
8226033534
7698180845
8551878392
7822815475
7493006259
128646027
6790148052
7310924435
8477031028
7216435186
8352919469
550983845
7273738273
7456040139
8407626481
8356342437
7979558281
6818749978
7698919748
8140704053
6700845236
7197418031
6943443447
8202310796
7956213279
7112320584
5458694307
6406590097
7949517644
8445676996
8322615859
7544941593
6794042498
7961948207
8447863587
8127479668
7381749814
7224124178
7037539639
7510637053
7970981512
7536996980
7759874972
7030211743
7964088251
8174890848
7496688066
7304674568
8339366511
7366085329
7102043128
8495555468
7169432913
6877973575
7975822185
8338792596
6178672384
7463868354
7225535984
7445288073
8207898591
6225926130
7263022841
6462698951
7729204643
6830268191
7714966133
7318416140
7345334102
8399988827
8293704165
8124941964
7312299867
8017004055
7013955107
8050194035
6804502720
7135037431
7045235090
7453872564
7205087959
6933686963
7090831771
7683557023
8077135571
7847466237
7287645311
7055774410
7470875436
8425269002
8429137810
8331277508
8516800499
7344572390
7719144213
7015012889
7008855594
7237568043
5249427658
6734462609
8355957685
6880245951
7605139699
7962358239
7099174635
8200242030
7400569586
7221845776
8351065973
7694387448
5588824155
7125645736
7359469407
7254473579
7580400371
8106653287
8211001660
8437903793
8164868531
8328071600
7581180749
6883755433
8184210116
7163462115
6613439740
8095458108
7027029860
8355797357
6367419893
8086402844
8062061979
8387098317
6883708571
7196403054
7142915278
7973056873
7154022734
6450237965
8054316621
7331383412
8526630004
7319365473
7304342033
7425179265
7469592866
8022801460
8498438119
7140639723
7417723254
8254636284
6524502505
6993029359
7198552041
7209661574
1006288364
7362747792
7950304210
8476877959
8339623070
6680723559
8294190677
7334435489
7307167606
7401735712
7891213021
7905899967
6872326593
7471373156
7204310552
7066056912
7901490976
6780805446
8257332855
8472338309
7946624167
7020187036
7282719672
7378213639
8444716719
7485866556
6919063894
7177692507
8026610383
7168191964
7363485809
5244601623
7496893156
7329729088
7023020476
7272174830
7022373586
7952378363
8197686116
6351849639
7430926636
7672279902
7911343141
8193053138
6983739596
7209189038
7514152247
5815038260
8397487456
7346227933
7406534291
7994489249
8248322599
7474320813
7850567396
6435051042
7407641413
6826482392
5231017972
546663374
6494537185
7455400924
7485609711
7827136691
7782366090
8025666689
7201203267
7204441122
5237529093
7381193818
7033845009
7240111293
7087080691
7433605372
8157491535
7339359962
7261150811
7151701228
6986122271
7458052934
8372037445
6919287113
6810957491
7275358903
7384269781
7363168770
7908825023
7746011980
6462884999
7891611836
7535725015
7308295008
8411370686
7437932832
7217159333
7268600815
7462601340
7886523744
7508047340
8241784061
6936351720
8188095824
6477778686
7118306805
7418294212
7206861277
7675560097
7476559234
7183827847
6872289510
7430874103
6399973019
7595510661
7527960879
7183393921
7642071073
5594991688
7069344294
7095684265
8276057047
8120526480
7411724785
8119131730
7796589755
6808492085
1672043822
6260534216
7591652764
8020741663
6851523607
7287000902
7873601706
6325809394
7408714282
7973003281
8468734138
7740402150
7360071511
8047816912
8321257451
8049542830
8383961668
7076299542
8304839455
7219311839
6713126941
6583736709
7659481321
7474897168
7426341444
7525083692
7014825139
8112089372
7594855572
6619278071
7179331377
6410496335
8593536100
7262570038
8396335336
6475467569
6654742091
8072731171
7117099819
8557285650
7573389675
8074954102
7589702346
6780089838
7590729376
7296406313
7094772734
7546397040
5682271273
7727234230
6785026222
7355380189
8383683824
7299200598
7715357255
7004190112
6187241098
7996663392
8266936820
7641944164
8274957286
7877903277
8119369544
7296263561
7590673300
7775817875
7811809339
8206487712
7312735123
7675000974
7902427601
8255395202
7242678125
8000292149
8548311880
7552643192
7179676723
6567744520
8059040433
7329730642
7468502087
7260462694
7493884100
7654418870
8041661114
7367357531
8177688264
7312410669
7353222774
8370230083
7133885448
7647138192
7586655359
7313333405
7225130078
6795456353
7821809341
8225841120
7049289830
7542460721
7655701496
6928099863
8004028428
8358573740
7879975107
8282488953
7326156649
8579032336
8382160140
6843275058
7140364742
6809515814
7312808427
8129460446
8137762753
8170468958
6791130850
7163837520
8304551181
8489052919
7619759716
6720878721
7618999125
6486900054
7801699139
7558138342
7141665924
7516879638
8178482693
7907649424
8394898735
7437164503
8258671054
7442052273
7220132022
7887301252
7103982391
7237747301
6735524622
7506480430
7876720557
8080234372
8240228317
6926458363
8577283290
7566826671
7744064379
7444850539
8069357082
6924640097
7256574930
8171540776
6946372953
7277036435
7444324562
7189030332
6035730826
7084827756
7471402248
7709743627
7061229118
6959715683
7993193691
6543005942
7335536191
7352839843
7643403513
7217964838
7287519500
7153101399
8361392225
8121770552
8539256045
8347960239
7081903917
8088864965
7834402603
7132971780
6789011133
7155494406
8343108097
7842160302
7859015505
7830931835
7773986807
7370193496
6726608035
7771816846
8429127248
7510155187
8462296949
7160579495
7512080768
7417881666
7444362070
7611633557
7092386025
7681454614
7211418008
7495900037
8023733406
7290832856
7510682741
6947561579
8886682548
7983324185
6894772751
8150471228
7465590874
8159856207
6559658448
8329231784
7484394978
7215721015
8232545461
8452153463
7815493442
6432291462
8305419757
8335429446
7782832630
7454265449
6945981683
8350172141
6911615211
7277867050
5721235546
7313588839
7213484464
7966607639
7773517060
8139734969
6962581571
7204231560
8076688630
7212848976
7033305447
7450422673
8296225078
6583840124
6714718273
8413143436
6790626199
7283562986
8008232049
8253427426
8481038270
8129279992
8159511374
6861683211
2130146399
6438779359
7357049873
7460263114
7305470680
7368481329
6911255866
7025497522
8468646095
7363966130
7572999709
7971138151
8379221671
7680002112
7667225356
7258520470
8216333182
8357226896
7437003849
8180966859
8072573425
7052368081
8275588934
7202143331
7202727181
7873355768
7198238091
7658363374
7429810903
8460006354
7935066264
8249942868
7435058968
7211286272
7468927651
7074508096
8393459741
7053298057
8007923070
7041516218
7789205492
6700785677
7793590614
986592552
7767180529
8531398998
7457020737
7295280427
7361040169
7442294618
7362464736
7059234970
6918980282
7380252515
8094229054
7383657188
7494909686
8575077217
8015721086
7127887793
8108073537
8181812614
8291233137
6530524782
6682528474
6543326167
7812166240
6867853857
7954928423
6810449483
6527775757
8512878958
5788624349
7295055685
7401800409
7314469684
7641522082
394639919
7054322451
8374581155
6874365784
7396855412
8103908333
6643331131
7073689902
6903933838
8241110990
7882593276
7466426120
7894343741
7936958406
7079079721
7755217402
8477357903
7637703313
8395807328
8475005610
7696444193
8007552296
7199931635
7715979660
7083051987
8068273058
5394770131
8149488927
7896814350
8316074213
7073428537
7351076310
7244158703
7495748223
7787974007
8331733798
6383485908
7243218742
7181442421
5479978016
7426267363
6754828727
7818873210
7255939681
8297497985
7189551010
7010568115
8469957035
8221070686
7769985450
7300609815
7742308299
8326574864
741845772
8200043784
8350012295
8261660402
6578345936
8085055335
8222214188
8336420016
7446592094
7642329484
1419379130
6829955949
7256485031
7301653473
7060124965
6402146908
7294457334
7553973068
7017182977
7091401605
6418500856
7291366764
7425496698
7049321986
7637655556
6460103953
7934980851
7133185639
7647700590
6339906425
7198150374
7195911837
8189634919
6849530477
8317694880
7934522628
7668119758
8212618048
7454677646
7435623110
8443066137
8231091639
7483823107
8049226212
8185513518
7069971297
7235925233
7793815939
8554511603
7970860552
7483350351
7600528735
8237817328
7801362750
41662831
7882639571
8235331980
6591089307
8125162269
8426073550
7055470018
8275378277
8497823475
8442940238
7097176408
7154567437
7471842735
6746141541
7207818809
8228871230
7718870600
7485803405
7360755528
8313582029
722676762
8329967305
6974615766
7936912834
8442112627
7113821389
7878437931
7247476458
7041247100
8004251741
8484520792
8450244526
7092878363
7098359295
5992009170
6746035580
8592851826
7764137774
6572835919
6907811742
6998298623
7287772057
7026323781
8304642398
7093031268
7408274969
6603161603
7106954128
7485711920
7829456800
6691016630
8482138225
7205131418
7173088715
6864798586
7264692501
6929636857
8288350778
7795096803
747494050
7841632917
7759399785
1607808626
8397591925
6744006602
8476008912
6803877023
7593258459
7908490229
7523957131
7329225620
7837768112
6172278180
8422413550
8105143326
8374311096
7841275340
7390282474
6639620434
8365882701
1646425270
7703250185
7116775813
8418775937
7520580917
8200192520
7165843405
6772645258
7863867219
7152681441
7499353893
8081535617
2070690304
8007772421
8554633289
8312427971
8469259695
8465984896
7358843191
7577784274
7228663524
7853657408
8309306035
8498691571
8213402843
6897500944
7265250574
7112886558
8465750172
7976368233
7281774690
7401306042
7875384006
8399148229
7221202951
6844861510
946457820
7080505347
8165785658
7701054619
7101231771
7409099972
8371312141
7867452698
6272094011
7042030387
7323751001
7239785421
7408315901
6498089925
7312284475
7585604767
7528159960
7563840980
7627921713
8072918371
7013649385
7246800939
7250309879
8458136379
6807362860
8272610003
7517949329
8253331914
6841467798
6442407194
1290943474
8154498804
7901880519
7533389680
7323694943
7496962833
6550877821
7384078933
7140897265
6535851535
7321022908
7693423315
8365129871
8030770833
8357467342
6443258991
6893715683
8398962173
7418959712
7998480168
8387941037
8197853495
6888914545
7012586175
7064375152
7844152332
7479019705
6999296895
7362552120
8271988186
7844998906
7891766473
6763270682
7079104521
7513092569
7253374988
8115263453
7617285156
7513479516
7947420293
7275057672
7972495865
7115451048
7319321410
7357650117
8081337177
7899159785
8066602131
8081301609
8166712013
7667139757
7404915799
7659055363
7245239579
7971368954
8407832979
6767114669
7331938093
6986540945
7052929719
8155833897
7393904015
7644624684
7213424681
7355345878
7285252501
7891198933
8266442832
8104245914
7451219741
8297284112
8217571294
7386461925
7209592859
7648080984
7430080811
8521507850
7425068495
7078593637
6810700161
8274398561
7503080617
6704440498
8369551269
7575408599
8293485984
8463307214
7490218082
7368187706
7132891865
6788513377
7089342753
6832910343
7261683260
7261498039
7750614515
7316400731
7363502884
7331194327
6911269208
6613155311
8569435255
7050551548
8417419226
7437813577
7920764533
7397365420
6758841802
7351282040
8269402120
6948737062
8089881117
5257818360
7491886230
6321015604
6719577168
8403007162
6802306730
6405267400
6322583843
7080803152
7802094304
7406302171
5023913463
174819242
7286205765
5258435663
6325213831
8388430077
8945594640
7516626418
8394550225
7677791085
7706869260
7882406289
8380099991
7684433527
7299057828
6541838476
7281871024
7217324456
7890986375
7551410445
6961000666
7394024280
8274897783
8145084127
7399081430
8480999602
7746328010
8075058885
8313588261
8042051374
8483740281
7072459795
8040119948
7338008358
7635410084
7248507839
6495675131
7148250751
7692932877
7831766842
7578743567
7515593730
7574450897
7823190240
7430620388
8472607600
8045051741
6514115944
7892693252
8003507844
7774975701
6848634060
8211410383
8067809425
8488364838
6758273751
6417272196
7347848142
2128433163
8132795540
8015225952
7354718249
7788133572
7469941669
8047171600
7676982648
7223303976
8405709520
8067996132
7732082511
7509502815
7408363645
7483088623
7077904571
7254974035
7186990567
8442052534
6801669684
7453679323
6783243646
8002683012
8268306085
7219666895
7226217619
7434539543
7449725649
7871514367
7204804367
7691901042
7969299673
7250114196
7242661452
7017942148
6804475043
7385813651
8145328671
8115094599
8369052795
6380122159
7121290311
5932516852
7399474460
8415019746
7329376985
7510056672
7299147762
8066022730
7437552326
7269575454
7569211948
7689843625
7332091807
6515957454
8457330031
6442610870
7536706637
8067302236
7032330828
7387209494
7290124014
7982667176
7313041590
8483161341
7438612884
7497126841
8019939970
8364804359
8303452788
8210794781
7167900110
7230675848
7263353170
7312485092
7444878797
7045438295
7174241746
8376553221
7369265981
7863282869
7604096460
7445927510
7594565842
7761158299
973940313
7973665420
7415040168
8060734545
7858458877
5632864585
7286045453
7855229284
6935319824
8005242437
7492079860
7987899374
7813530125
797135162
6385887395
7227531175
7113583405
7445673478
7241389359
7571025099
8469372590
7285207728
8242577071
7092914507
7230565740
7093743383
7934734811
7451554994
7423580255
7082304742
7185624459
6805679299
8427903620
6962740022
8007082008
7111501241
7363607906
8218730160
7281615750
6976779036
8354493916
7948041061
7297129047
7399959969
7178577547
7450231550
7148831701
8216134285
7171114757
7194259318
6995789205
7766361744
7564137425
8155220587
485193938
7658675234
7893181426
8457004988
6742056456
7248948623
8264892989
7994260224
8111694013
8297522004
7280005294
2139700908
7929388160
8041626054
6821501197
7123625845
6884464269
7381795731
7591960919
7706200139
7849106916
6339854262
7149357695
7625251496
7085917886
7408910833
7127351945
5344124566
7768019945
6551953318
7421137880
7463287682
7488376666
7675179515
7172394333
5507972957
7244097675
7013382338
7189038647
7019870895
8445494032
7373755128
8415358621
7792303336
8158809026
7793638798
7038881069
7996972894
8425894997
8413558174
7371891571
7171847348
7400641878
8182104837
7381530626
6739278446
7424222679
7390410322
7278860327
7434490148
6931418679
8469394882
7317050582
7032888302
7929825831
8261021162
6773871019
8105774662
7198831470
8355875300
7641825740
7466234471
6605399371
7879065231
7389787865
7885308958
7455212197
6430407816
8442022002
7509950446
8499593906
7002873197
8166815026
8144500605
8066266232
6895247719
8039562938
8309702422
8372785303
8226677882
7682505866
311593890
8602053302
6720297586
6891265182
7383802461
6420192879
7698309833
7096143165
7959393258
7853767779
8489525144
6807933278
7494019623
8017650031
7876764283
7639435645
6597283410
7788782171
7164489334
7989841738
8417017471
7546261542
7820992066
7269861588
7174288692
7365721260
7818369840
7121241445
7788877047
7383837736
8332373785
8252730540
8518427958
8472331107
7167902517
8068833024
7158219330
8478983589
7698718517
6339633254
5561770191
6032132630
6985329422
8350589340
7299305560
8020924554
6630698551
7143968494
7193462101
8481575392
6620206584
7145391989
8418865744
7014158232
8011210428
6261039483
6710047752
7483915186
7319199859
7945712758
6822839860
7386294345
8567508443
8122089795
7871200009
7579827662
7916393915
7672710244
8025658470
7824289406
6946048765
7952499853
8202335585
7246354968
7644515409
8210904578
7193206724
7213144496
7026202917
6752306645
7237305574
7237404376
8245380281
7363676601
7423657355
6748932478
6853832808
5589836092
7614903018
7517702396
7138834313
7056859883
7951447158
8247302593
7953606135
8313199654
8483082644
7520896526
7173999127
8235412134
7803832515
8028886353
7332226022
7710187073
6760659452
7445730879
7609431492
7889904966
7272986742
7977671926
349996894
8263705357
5065971034
7492354961
8449997736
8411198271
7813212108
7111565700
7345602747
7784116498
7954101794
7715035890
6591723403
7493884396
7010106894
7840119485
7158064050
5453889851
7218445963
6878274476
1047760474
7436508059
7784863786
8075527709
7085268902
7028775309
7132711389
1183641990
7100244502
8301646524
6895527746
7055854389
8193990798
8415478649
7495185289
8387530653
6995868483
6895193426
7339968926
7183990178
7502438441
8227110079
7202891295
7559591801
7933847483
6516408092
6778731326
1281337272
8300975723
8706520564
7312034471
7557477727
6711220033
7411891534
7304105407
8071577835
6660474194
7603121226
8442878945
8293056145
8047427972
5829473892
6878567358
1959562936
7372246483
7331685679
7306299686
7488036448
7172699137
7901249864
8368437206
6395808069
6902804276
7554690565
8102564424
7117217270
8253419955
7289126787
8087999779
7476616845
7623848669
6596481709
7225924027
8528716290
8427293685
7105426242
6445566928
7838159965
8498843668
8450258848
7900114137
7252406385
8241855823
8195969716
7184691386
7313277986
7941082016
7012243592
1047111452
8174350875
8799594508
7489748068
7512297999
8455851209
7311289737
7675252689
7111118287
5728734555
7055126656
6796067205
8329859371
8298059955
8104409384
7321447032
8352957108
8191085837
8073925256
7866420602
5755703479
8428727937
7128583916
7368993960
7836318825
8014969048
8267812508
8363988638
8205200713
7285934571
8284589162
7473180541
7198472514
1136732769
8081975201
7944616623
7279130348
7064744838
8290966921
8136305593
8461101794
7975377729
6746518616
6518289668
7131567907
7207948302
7336704950
8319254098
6651501511
6959674221
8341979193
7860617273
7060628966
6780568059
7057967336
8443936219
7018515152
7130584479
5320916298
7789118502
6831126564
6005000688
7738546941
6901250874
6833636358
7167861446
7066923513
7942513194
7409102628
6821052008
8084555784
8241438034
7120842831
7951527846
8073050161
7260668179
8298645952
7500199397
7757498016
7954155803
8248863096
7336189321
7614107755
8207827318
7294157731
8417854641
8562655432
7735390992
7283506908
7167410387
7373364793
7457141925
7161704328
7232243636
6683751377
7068904830
8165096206
6826128002
7465699757
7027579025
7490048801
7737114833
7443577890
8225636906
7302799957
8423622313
7337532557
8176767833
7283782825
7140616857
6933880485
7369511964
8426911924
572035453
8227194035
8072247312
7991084047
8255962959
7964561394
6831543873
7233411078
8341849539
7828347987
7318879243
8442392295
6445246249
8354985495
7397499030
7699643419
8310124203
7138934177
7206865922
7233225768
6644757995
7329565886
7652702918
8080167856
7815000966
7142914974
8204861601
8273222079
7414852713
7168723570
7203881691
8399190105
6671104382
8211662915
7711509684
7189473182
8339225292
7138174713
8314505154
8114792821
7124294554
7349507121
7116547715
8190983924
8445968083
8080258347
6226142738
6616940820
7670652684
7373209004
8099469621
7203388344
7303328276
7288960100
8266894806
8419354152
6330620038
8382733783
8076442291
6745287901
8354609196
7887308153
7817129532
8129566051
7005859664
7085953094
7732793287
7469863965
8059175587
7013324456
7150748540
7524466394
7108105640
7731661769
7079985432
7484896456
7504587579
8064379824
6429507584
7326657653
7400927116
6463523948
7263121758
7547324928
7835386218
7048358271
8413731716
6602239175
8119875969
7084007826
6511670794
7271230030
7133887268
7380406906
6826128721
7871442649
6059089774
7295772806
8199618513
6200310117
5319036028
7551056298
7764121110
7171548670
5916369472
8456441235
7680479038
7407731366
7296358353
6920745913
7225025852
8499837155
67465863
7754181718
7284690505
7934260955
7880620122
7427085121
7886878259
7488551985
7445826377
8267069707
6911163575
7208903318
7493909367
7888591027
6967869382
7119536095
7769472955
8455180580
7498187354
7666587077
6986694067
7844459562
8158857267
8452365605
8187426621
8228349278
6370138405
8419149358
8111613219
7784364602
7382059394
604285488
7567248039
6404997673
8009709390
7512576595
7933396943
7346787307
7252846922
7366786236
7534959587
7340992939
6348744091
8224901676
7086663574
6335175118
7256002511
7087310855
8656981475
6875849269
7569365497
7383536064
6649038381
524472666
7388660102
7294543463
7662695765
8581126875
6579272668
7325086947
7114887522
7893566076
8189361953
7206188242
7430268178
6896878266
7339783511
7043436886
7626115587
7198438832
6651593377
7242622741
7756736970
6571079999
7445592560
6906914538
7972708933
5812109698
7029725810
6414985637
8299791674
8238099970
7212753625
6609824619
7620854323
6980885629
7488356248
7815760607
7296342909
7362011435
7500116306
6587727680
8436915121
6998826465
8205663483
7484396675
7894013618
7145723872
8345549690
8384865678
6337897141
7279572535
7871286406
7265918133
7509769304
8152811974
5993131944
7886715873
7836902440
7864782496
7573752849
7959419101
8459774722
7308178669
8188950052
7836992677
7736305667
7451641657
7936567973
8340501001
8225396930
7375072142
8073568286
7159306081
5044536999
7337565510
8285862463
7051822462
7362587656
7592671033
7306492764
6913713945
8245945891
7222621175
7490178714
7733496440
7419257428
8357648775
8083287908
5938101818
7411316921
7425553215
6832231671
5408039901
7378250050
1968188062
6501427984
5103444935
7302679853
8115281059
6870950617
7610350722
7779763398
7762146131
6076417082
8376941477
6996801621
6473462248
8431908508
7450680789
7249685415
7556401190
6878491539
7243688868
7961786508
7516494686
8334801479
8246547390
8206076791
7533850975
8295189902
7820658864
8327852980
7482312545
7370063087
7020008538
7260284494
7184577097
7418842903
7237352290
7951104412
7168362785
7882661665
8384311619
7401057234
7578098665
7393082184
7436180251
6503084001
8256677697
7130873734
8301423429
8305363153
8349541508
7087885886
8076558365
6369633246
7313058589
8268940699
7503752440
7354032017
7405073469
7179074399
6311318009
7523522025
8017250020
7434117036
7790740702
2079001359
7178435856
7193257645
8453108579
8463006659
7451600591
7805359336
8599477031
5724330331
7952667234
368105759
6838528127
7639597049
8394145487
7487764202
8460422957
5961341047
7430088909
7296956332
6453343080
8578785136
7605860600
7481685650
7096970108
7707973807
8185987877
7342770795
7386380589
7715081363
7933331716
8294820045
8394423187
7846329430
6790128670
8387379865
5163997645
6890264846
7362920394
8322003251
7811563536
7865570225
8536368623
7186204296
2013729242
7359497855
6494478967
8495979699
8499839557
8414283748
7095454459
7407034380
8202652023
7258054005
7759278838
7300339883
7317387245
6684969958
6854268370
8303553416
7372823804
8156152400
6837978913
6986176854
7113284590
8442066251
7632953761
6854116833
7187454417
6558530860
8464286632
7443044909
7979857760
8470513489
7538428750
8288114569
7947048153
7317547203
7046383823
6859412598
7785293602
7385419973
6316947752
7760004653
8205847620
7642396916
6094217344
8217575481
7538679829
8243171492
7436215277
7927576840
7024997277
8376354536
7157572447
6784423856
7302401781
7235014573
7934805815
8530039798
7358194339
7286879062
7236970558
8409246178
7797703868
7513440541
6787203011
8449557893
7125599238
7075565056
7029970629
7008027686
6347287426
1941252863
7173815524
7377487867
8237481110
7176514396
7820501379
1935436654
7410168563
7305279870
7675873565
8462508610
8333120487
6978614235
7700681640
8578179278
6972173814
7408683503
8149143408
8128786778
6922903715
8330833905
8481690638
7822607865
6808805321
1809937964
7251983360
7831390860
8314716802
7591711772
7875803491
7519105055
7447309149
6910879445
7342575341
7124354887
7251077494
8201717723
7364987721
7842847950
7791316505
6759823764
7453167289
6669588093
6718318615
8310739074
8219812523
8062302734
6106410110
7157847351
8397496877
7020439713
7332952091
7160233523
8340072703
7334430573
8388563071
6703193450
6796068953
6526602925
5422004222
7737026779
7360728916
6754515242
8488898881
7901930580
7343504942
7008921153
7079133179
7513096039
6714239808
7249935599
7539351706
8014401371
6435044244
7438103310
7373024609
6846731693
7149417923
7755080615
932713164
8088834270
5858222887
6819431187
7682797994
7833857520
8080236850
8185195586
8158154025
7017644691
7341262030
7216205223
6155167966
7326482318
7355667920
7272238149
8577563865
7224164792
6373715437
7483947404
7302163832
7009299892
7398533847
7183641840
7409061230
6838538338
7221229407
8460827442
7465283934
6960413476
7893144827
7634602847
8403834100
8086100966
7473937495
7710077870
7069035018
7673569982
8352406774
7021386284
8131216809
7050947437
8089914530
7446070896
8257614779
7487305859
8457450014
8260008056
7291715433
7629642811
6278045321
7384935210
8469194735
6618725161
7208703175
7233015475
6790432767
7075373118
8206168669
8324988589
7525729414
7641455841
1051054878
7391823934
498012897
7278093432
5984200163
6370418632
5066030156
6855601231
6906105827
5621413886
547230641
6858726335
7011771742
7289986059
8423364009
7491476007
7595625725
6758663714
7861999155
7506815358
7841217849
6069605623
8121613343
7846989498
7778372034
8155332410
7467309580
6964651800
7093833165
7172415711
8270944964
7367498779
6421715083
7217011986
8240098098
6758547570
7233971989
8170648604
7286404735
7736805052
7438313990
8395780245
8251769277
7658896188
7950996276
7706756766
7321405804
7491545949
7136031924
8057199879
8294560632
7726333584
8396799861
7565478969
7236067313
7207593762
7863184313
8194580930
7196280532
6672385524
7187175131
6746705619
8448169825
7275495737
8463951001
660923024
7419290170
7300868988
6134002096
7349659689
7086079653
8195087342
7738063645
6368618090
7169558453
6886469557
8298726426
7729022254
7182687369
8192857621
6870873401
7190583281
7483020985
7724397852
8376737319
6301783087
7853324157
7829498532
6906568597
8028224652
7969915376
7447741177
7387533230
7296353066
8049759553
550929238
6987219010
7694816938
6105959147
7428573290
8035540766
6242758495
7795375944
8103147818
7400740626
7248217295
7388930565
7299769531
6875542969
7877151109
5603315748
7379480967
8067677572
7475914171
7349227627
7243154515
7012698839
7535294244
7780616020
6715869282
6660525081
7792638218
8444153535
6582277987
7460643787
7226284932
7202858484
7083711126
7372014294
6112567701
7337870360
7922486927
7110149894
7340069628
7300473721
7416099552
8119750487
7206751599
6482357041
7278323195
7237055822
7158124429
7419968048
6859522044
7567812566
1236102277
7038059360
8406623126
6470401505
7569602181
6714398090
7389527319
7676729089
8454346913
7337717838
7161510421
7079266699
7417473921
7678533025
8481101270
7939599818
8229368841
7894285594
7613874980
8199275089
7973071163
7255245855
8537440555
7715638468
8246086491
8072257170
8482131909
7073598946
6932661737
7335540450
7384301495
7873834908
8354110253
8011399300
7340638033
7866752685
7055849115
5985011824
8266798595
6460571002
7613235026
7653487824
6621309583
8370466261
7298145094
6269572621
7257756670
8485000863
7282081307
7994794805
7482573193
8524823361
7509762084
7898635621
7508815610
7184903799
7186420281
7660149121
6264863839
8305798317
8002064933
8113503418
7077158363
8204967298
8075418937
7076905573
7488961745
6412186703
7650871254
5522474073
7280491330
7394246810
7869787970
5238179745
7432614070
7393425005
7487343672
7443353384
6980482810
7629283209
7267936094
6709481174
6966812536
7480701305
8456789169
6026338960
7653972554
6425997663
7212060476
7210272129
7013924131
7776939046
7429328561
7060169007
6420214190
7318923404
7227721960
6175528026
7091317457
8348214892
6886568527
8576481664
7241742260
8235045219
7987672761
7542075822
8104698176
7914393266
7056053378
8229330287
6819091622
8425363265
7345534463
8470647345
7895520659
7014669865
7895686588
8369422752
7424909126
7864754984
7784751314
6232809847
7197613979
7425382677
6860523766
8041121039
7262506716
8455623011
7411651965
7376858314
8262534037
6832515538
7243354531
7525552490
6698551947
8412833339
8255089096
8406549238
7300016534
7322742603
7410308129
8375126246
7114244873
6527199876
7557755279
7623668971
8015467287
7410306055
7337879916
7744904019
7771920900
6790702966
7260595035
8280442047
7857070225
8348111906
7542584080
8141639737
6975188921
7204830343
7319029302
7474038466
7746727304
7709755140
7482475561
7244445444
7227449528
7740775808
8321541678
8040471695
7776711319
7912111035
6392757164
6418264413
6866094363
8424140088
7255711280
7347831708
6854313059
7538784713
8251851180
6694826357
8148568678
7845184274
8328543866
7051490822
6874153138
7551087103
7985550271
7264574978
7107316143
7212663471
8280859758
7026327025
8314683776
8399721576
7393442107
7377476728
8170623280
6757825647
7061269816
8369230795
7974597666
7135458326
7918519009
7447855956
8459243140
7247803599
7556130783
7281889455
8238028554
7480497946
6796307212
1072135201
7067809290
8237217196
7273723762
8314169043
7126092895
6873015002
7012392783
7797672376
7078280757
7481395810
7467886709
7172627100
7385171303
6998803251
7977913067
6905328254
7789941581
7161964690
7185794974
7138853147
8148089876
7854873289
7065035064
6414824906
6797933064
7909075254
8444160267
7279352075
7758317536
8423490068
7938701727
7489198011
6949659759
7220863880
8459209026
7234188550
8562444949
7453972804
6358056073
7796020740
8200399618
7464334691
7004031919
7426285239
7471475380
8483122298
7640451373
8213533303
7875815542
945146518
7581853287
7714838908
6329112146
7976468615
8271865367
8483955243
8124364208
7242774801
7363378813
5986097809
7718964414
7249897802
8327981798
8124375582
5422147404
7341019390
6510127192
7710237500
7525372974
8320873470
8075707194
8285521938
6967243604
7914463827
8260507894
7443858285
6302022973
7530188384
8209770385
8200703988
7487829207
8450467290
7240343488
8407487117
7061316031
7398555965
7429533278
6746921180
8377177609
7462830148
7482487376
7951497579
8290635255
7754331050
7451506854
7457323186
7826942676
8394925293
7123673180
7824974853
8200487122
7931966832
1684019011
7401920567
6560857021
7043140895
7806197331
7788715342
7382154525
6840907371
8388109767
6705107189
8484748614
7202083934
8361674734
7977500091
8282589701
8324371938
8487516987
7924644383
7512320240
8091008727
8069252003
8395081789
7467867808
7221862313
7716585875
7742942139
8111539601
7539096188
8051506947
7808660214
8444602952
7202632701
6820820359
6646729975
8304825353
8125681902
7151404064
8113786688
7256275332
7585949888
7297203368
8056523724
8156480870
8012489183
7099928544
7762731227
8225302510
7765085987
7042965559
5597225316
8002577298
7159698646
8527419676
7858430128
7904700009
7975604893
8492204517
8165677273
34126586
7216802020
8101651591
8204769479
7706516708
7761648516
8041699939
7260944605
6300488664
7658974171
8065223768
6989083126
6577712906
5504694418
6926975604
7369069283
7318128719
8202918956
7091593190
7585492564
7464635364
8308942018
7105921041
7133934376
8136091985
7033335148
7296127401
8125634132
5358095717
8184855752
6700160041
8319533178
8819407249
7299293962
6330266329
7862854161
7503140935
7489595016
7675584041
8170761923
8059083409
6955494996
6268371927
8088328254
8312533253
7770837937
8551408117
7398267863
6844623361
6507796277
8049463512
8240845217
8038718057
7812308781
7684057718
7474564315
7425078817
7316157945
8478624811
5462769788
7109975416
6713081749
8010631166
7464668403
7018311979
7028721750
8323534894
6567954576
7640481939
7523745585
7384881135
7984770890
7230046202
8284460325
7753425555
7319054073
8446996622
6965012122
8303440379
7051839247
7162349587
7389760514
7366370123
6791439815
8311074871
8016933080
7900945842
7341171684
7388952358
1789677031
7318395115
6880333190
7382790120
7875459412
6694413948
8100253965
7899705460
6580972731
7156271738
8409182616
7161141487
7647055230
7150204219
7696012144
7020210638
7299077196
7222752605
7275600832
7468807039
7291474700
7476614611
6865208005
7980303181
7200271038
7129940813
7142022453
8013017416
5949827972
6890786061
7352502494
7292058289
7286049909
6639969633
7709651300
6718848885
7716307671
7936965705
6839374790
6759931234
827154624
6920638260
8592425097
7063109325
7346676997
8368436275
7623037438
7317307303
6949674378
6718058820
8125062445
7304320795
8488767196
7234546597
7171290704
7106203583
7592371753
6681566587
7591373994
7576849561
6979009046
6530915780
7221000144
7997805643
7310870636
7253701925
7776076140
7889210436
7849727562
8206175843
7402891113
8577981295
6075434895
7919347837
7451543829
7239114372
7376221686
7892921829
6385319131
7371416060
7210645904
7244787555
6754625396
6555250033
7246653462
8009014629
7084317839
7020785035
8412210759
8258059441
7140119088
7459080797
6715842039
8229248215
8452193963
7538909442
8574260019
6827489564
7240294443
7918986312
7902284678
8098299050
7206061267
6332094722
8192563990
1282966628
7869589644
7243850752
7800746782
7845798810
7683442407
7447816043
7090835245
7366171794
7474346786
8239237217
8212086044
7631263566
8259345700
7280618513
7278573664
7632411149
7311695062
7673708139
8065694111
8441156169
7094804026
8496534691
8469308243
8371313711
7456522838
7098081238
8409333897
7332417543
7406674567
7030961392
7050897977
5402665952
7922740743
6345018236
7398938763
7505792422
6988068795
8185110181
8493627215
7081199757
8013295667
6470389784
8451477353
7850582469
7349686472
7073705355
8060051340
6980077011
7547419016
7315268121
8503743450
6867987958
8411240055
8437189651
7331924095
6909647461
8444615182
6405418098
6900742576
7823662696
8388497563
7231911280
7577214296
7233284799
7207919985
7320191143
7091483277
8440882904
6881812682
7105346181
7150261377
8502867502
6356995883
631656608
6778539925
6401108465
8098980321
7894039198
7340866325
7450312744
7095094102
8318026261
7363620744
7325829879
6392382556
6777206834
7884000495
6764103136
7027134379
7544048179
6780922683
8497880737
6374197599
6938521107
7290404550
6924083236
6873930102
8119633198
6890446146
7396129148
7600022853
7604307867
8333018333
7727276643
8237584444
7477467957
7242177116
7513504745
7096215780
7026341999
8381804756
6969372873
7227818035
8038594474
1252750728
8293092173
7293239945
8239143514
7599213111
7034381213
7384994651
7452385547
6925732001
1576867641
6921909411
6731113055
7041945535
7887976172
7438751502
8401364274
766453827
7623624574
7939667374
8040953958
8442684751
7371269042
6840638558
7373995101
8146508001
8493106453
8149396823
8341786325
6651270594
7405018331
8210848206
6748099061
8238797194
6414181877
7039931711
5735982066
7669715624
7559671819
7293746705
8077140711
7539323876
8352891471
6368751397
8048021813
8383631381
8047908034
7564738190
7982728951
7805313769
7470165999
7078348794
7161788285
8256192948
7587270369
7660608103
7873565950
7915423020
7985412606
8305262585
7497303350
6977792869
7062501439
7056470564
7218873793
6916307071
7372149404
7798253752
7223542421
8222245409
5819908054
8330350070
7293206549
7242551687
7083785108
6645113054
6974264200
6837136005
8025776388
7481570472
7378408609
6343380744
7438533927
7436984262
6977876531
7716892297
7502402621
6541727904
7740089601
7254401020
8416871320
8330478867
7326035397
7463913360
7388905918
8138962962
7609254126
8259500327
8289154118
7892618651
6607956135
8165185297
7225243079
7351663107
6854982450
7287119255
6850802245
8454733692
5984763125
7828052733
6931031088
7766468992
8312044028
7468673646
7680131141
8517430440
7271060474
7804404350
8103829069
8146554033
7779708021
7786826714
7529536699
8350993773
7518444488
7375956006
7372727607
7049740510
8003994752
5942769397
7274605554
7650616071
6382522671
8035395562
8021290391
6555273179
7670514804
7088564284
8395691985
8391782865
7056475842
7529375176
7807807739
7148387002
8232453296
6057403464
7069330094
6907875398
6871364582
8445292833
7108816945
8146125292
6847808149
321805740
6908689089
7452096607
8149890773
6046390637
7805422767
8388423157
6436164076
7085442124
7248805308
8188531728
7603173657
7954933375
7014426928
7937100276
877147383
7377251915
103929477
7265866654
8090155898
8440895980
7433393729
1767529922
8500752584
6895618140
7390197740
8414390546
7817645137
7442013933
7279197833
7420263461
1077250528
7810874653
8022785903
6823427284
7428757252
7177694522
7101038784
7418137033
8487645805
7050282844
7836862498
8386687879
6810416136
6864096237
8008229112
7836417625
7122527124
7035086846
7020086531
8278187311
8282251944
7081411804
7849096517
7368669372
7530879595
7421560291
7856933378
7327702267
6871314215
7070779515
1570219895
8422976268
7555959324
7080459739
7734438735
8274905762
7528764628
7465793175
7163782223
8261523076
7557210457
8946773785
7269367780
8265965140
7563298479
7157760711
7582492940
7114688629
7386421369
8176455691
7773417656
8470369424
7458650715
7480611057
6706310304
7364032725
7485838040
7286242831
7006986927
7600839962
7169897939
6931111768
6877287906
7140791764
7418127998
7672624497
8683072892
6547055408
8184213220
8431215583
7668388193
7332624652
8287111651
7270051029
7034501683
8101317924
7388894527
7468152710
8544424393
8256943388
1609208121
7840158016
8413024178
7197706412
1144021125
7066336855
7434525129
7206668526
7703025069
6983762104
8029038493
7351166928
7075283205
7676854339
7346075741
6765894788
7073749809
8105599192
6828753339
7855662381
7010212470
7945106198
6881241534
7147986743
8434858443
6050310882
8059031549
7746038190
7707100531
6800868676
8279064846
8270200629
8429454038
7112076515
8211777145
8317590296
6885482386
7988972025
8161019355
8048779848
7183367028
7283776533
7462481022
7705809737
8338909444
8250275555
8435593595
7708490758
7882725724
7471094364
7977730180
8134372447
8141919601
7332542622
8456744465
8392362523
8560197906
7116549861
7980465844
8483690811
7424396242
7296149526
7083912469
917681682
7985671495
7443882796
7927653935
8025120384
7586677370
7034415374
1182354232
6260292747
8078391238
7110055730
6424818468
7876385256
7704886725
8335973506
8402073284
6498087033
8229094030
7189969510
8258215109
6272402328
8402869114
6851398636
6150771985
6669985073
1424552721
8477963847
7053131232
7782871923
7905674581
7913100701
7413079669
8047831085
7543795684
7897695873
7341568686
7797708291
7030950914
7494819160
8251740524
1361509895
8200519081
6835109984
8442821754
7601438074
6487161189
8258078404
7939588073
7699943699
7550358562
8338844015
8239406118
7311463664
8469964229
7665801063
8063579628
6817128549
7366678555
7099294260
6698095623
5703525894
8323113975
6955673277
6393317039
7433530151
7009493314
6805925103
7605141882
5727160562
7840117265
8513630774
8104508180
8177239440
7264931459
7217444878
8016253217
7851227294
6090022855
7627998011
7541033327
1675102196
8486416898
8269865787
8597874907
7545205484
8057909880
7200070148
7867879184
7963894233
8251233975
6950119960
7443886261
8293013977
7373828174
7766626423
8269046846
8446813325
7754625169
8499322407
7121703614
6948430369
7294793818
8361504792
7532311144
6502465654
7036282319
7771436143
6504467400
7968602215
7086625430
552916435
7103884571
7109293966
8103615277
8016832421
8051718200
6871049214
7778087304
7260095307
6637505321
7913461628
7208486795
8314461315
7393076682
8244222548
7322202755
7252889455
8253980919
6157232637
6113460334
8360776899
8044613664
7501843452
7488486760
7786405506
7479510792
6714711854
7211690641
7157869977
1767631987
7052712290
7663173217
8308224949
913469381
7471723554
7169526047
7106058917
7244189120
7266175733
8219170266
7420028296
6968859864
7340685524
7690157642
6491953736
7896266924
6953898943
7328918824
7144247821
8402419484
7924735919
8091838932
7202717036
8479522927
6877568167
7642791338
7842042942
8146522957
7970465519
8030546544
6774216665
8173302173
7404092025
7504875775
7150151535
7302965847
7493528346
7205227637
7552075759
7159524538
7523017439
8479845765
7164031589
8264921507
8199010524
6815587014
8004793034
7184490869
7907514889
7439333668
8286735668
7715336569
7878302446
7571460547
8105642109
7722937634
7166327191
7457063513
8381563453
7390568185
6868746454
8169420334
7360341250
7837993920
7333501849
7783540192
7621630414
7609050677
7426580548
8052918249
6662764494
7970341821
7242566557
7687093775
7602120590
7782586423
7998396754
7022645511
7550039780
7894088708
7185659746
7767338685
6805272162
8154105095
8338786159
7950610239
7667212904
7386452302
8077282809
7765939298
8032394918
6820288376
6741865649
7119231261
6958322937
7800121631
8221891949
6521336631
7014961893
7439681952
7446900244
7412051372
7468509013
6942724803
6335171018
8315174736
1271440013
7191888917
7156619246
7668721014
5452463531
6870120930
2070445885
7296801469
7117870274
7432957877
8254668044
8068881594
7295198415
7871249840
7103068053
7651886833
7678040340
380345383
6921065281
7371709901
182601089
932536440
6771262634
7330419304
7489231120
6992463575
7513268296
6572226150
7682930747
7296484101
7914925120
7168073855
7439526185
8002421332
8229077134
8179062720
8476706959
6755833053
7786710791
7357970488
6748979520
6967694201
8040047295
8399636805
8103993961
8456567591
7678795475
8154941496
2058971227
7181523973
7041639294
6235938101
8055035196
7789958745
7703128887
7121941073
7433346485
7917563523
2052526292
7812212398
7175743800
7108989571
7099501925
8426901038
7481172967
7426221261
7383387142
7541599590
7510351365
7780042449
7571577679
7209403800
7326041749
7686953350
7307576552
6665214439
6735802352
7039632023
7820043243
6105774324
7140160092
7114104091
8043057705
7378822163
464662663
8363232493
7976688937
7647826048
8404841428
5806031805
7047282045
8422247771
7641313523
6887219201
7432900163
7251070848
6986903804
7748409940
5004283209
7144249458
6749014235
8217521766
7568425499
7032413372
7990955776
8590527175
7755152194
7428994764
5422183867
7328145262
5281009647
7339168116
8270793232
7875520204
7887430422
7462055324
8525997315
7345760626
7337358549
6325471421
7794193439
7599139162
6922612147
8336818902
7496821693
7405901303
5912107823
7581749850
7004764377
8364591788
8319883889
6928250479
8094815505
7161014313
8085380083
6769155364
6657870768
6973531054
7251857753
7058932906
8424212080
8229429244
8027181731
8157062554
8326700359
7281401763
6929737733
8364286579
8115086404
6304714388
8368305763
7172167198
8471655942
7015749560
6691887598
7728152844
6780526198
7164956173
6926127382
8103921749
7248645304
8343222064
7566723614
6740706895
6806535475
7385981732
7859453202
7411721739
6946053299
7561645634
8618416193
7312055291
8426115056
7901222144
7475613805
7807565898
8497253744
7278394665
7949998771
7908846744
6069244661
8248345814
7585457411
8277755264
8135055132
7379788548
8490834867
7924286440
7403827789
7136415986
7164601263
7607862205
7117235536
8596590417
7487642151
6747267825
7963465411
7261584724
6764663816
7767056627
7450876862
8277113679
7375829808
519919830
7397448364
7619095141
7107383434
7186790505
7474340464
6788870196
1893760734
7492640177
6326396610
7950685748
7126236463
7046447331
7657351321
6415247501
8464564329
6800817020
8195173031
6858562282
1487877250
8339659650
8246046690
6976339270
7886115404
6456006141
7174024145
8446386661
7748768455
8351793411
712629441
7468739875
7497391473
1031902258
7217863099
7200426117
8387062371
7823275893
8316864722
7285872082
7586018851
8262905328
7943245962
6876906857
7291983096
7460450512
8566271631
7363168119
8175789612
7340114430
6833860510
8002827949
6769286763
7361692557
8475779961
7179398194
7796120769
6459568409
5285667535
7488529023
8494816080
7615841840
8429014829
1411722881
6522127310
8479951331
7853546305
7733355317
7136110054
7358862158
6934300296
7762527415
7447657644
7652211298
8451530161
7484094460
8365846528
7274955649
7544210268
8252065709
7042575789
8478127582
7572081557
8418602670
6785077580
7853489097
6546189465
7049549566
6676733754
8491038672
6626092242
6921597955
8437591826
6693278530
7264374879
7086490644
8287850691
8161880051
7078304628
6787713705
6844762390
7533180158
7348350259
1759839056
8336320860
8558262206
7277084063
7084050238
8315068799
6403121273
8093681349
6864704660
5284485203
6516220054
6281809703
7650088832
7981067236
7693869315
8345030915
7051447397
7037941370
8734435714
7065442456
7135134537
7322157501
6971726868
6868471300
7966341604
6839197158
6939143016
7963424216
7818783297
6994052024
7008972459
8465738536
7657158782
7534270828
7126748589
7401757309
8004156073
8271011461
8207391924
7299114955
6706171039
7166952764
7318124819
7009766455
7899647144
7084439020
7617688536
475173111
7475365477
8369800840
8596502733
7639528316
7531554344
7915415704
8293816695
8221851492
6088339629
7633649651
6662066265
8283207717
7204739419
8292426970
7382469150
7559228417
7334690851
7220472151
1119418987
7309294735
8474242496
382370457
6514585859
6741467853
2138061753
7370248418
7582398940
7419605976
7122099151
8284721654
8101120748
1688822664
6990314483
7461067080
7658183589
7750506115
438975837
6500573827
7219261261
8112132504
7632171405
8436185201
7240957056
7647256978
7050066284
7888134473
7323048419
8531149343
7036929917
7336700334
7874962693
7075355911
7654618217
7360604800
7764523152
902395977
7412989171
7701286767
8451507621
7231523051
8458650435
7695176545
7142898884
7424233637
7188381859
7309863141
8158127674
7095284337
7404369654
7332684747
8245702592
7966071999
7549521567
7565177303
7809214554
1618224583
7619506281
7037636404
7260204366
7389159847
7407655988
800588939
7514337192
8278105513
7978440752
7887101524
7267927636
7736680991
7334592485
7763190528
523074102
7789410994
7160706183
7257229664
7206246477
7936700945
7623026099
8212434361
7394974804
8081591887
6921513854
7328135949
7354657569
7153244974
7754462891
8231151707
7326319736
477738883
8165370390
7381326143
8498917099
5220778591
7429609688
6853555593
8283389844
7631047402
7265092072
6934411406
8107112006
8452662011
6410155873
8130866909
7471297417
8226815396
8038307965
7922193372
7043160291
7840728604
8544462730
7482867094
7188777226
7339587226
8375929069
7893920085
7606317667
7027843353
8142924168
7485043721
7169045910
8407087516
7312627002
7346041843
7039915879
7794015248
7353488182
7459238899
6373741343
1630671475
7649013672
7233289896
7321780115
7032244614
8415477865
7288102207
7648376263
8105039259
7973861287
7047364038
7162736612
8346035057
8145301617
7209800257
6979229606
8042957192
7655598861
8231946444
8210078111
7572731804
7159127230
8189198451
7936785204
7532631359
1972984563
8025685191
7178537902
8268306977
7867964964
7302911931
6641526476
7125282749
8217102905
7030361325
227758413
7426525613
8253221221
7506152871
7025168453
7042279299
7105211632
6703429245
7227058695
8142945655
8364723027
8491089149
7639116430
7253241938
7248457307
7339772684
6787577209
6583209290
6727968073
8447196454
7539145520
8348470578
7820460832
6954759890
7120090969
8053808617
406555802
7057592746
6317873904
8126724473
7191340260
7383732296
7392150647
1370299116
7905286064
7167479058
7401083768
6621533194
6559197471
8033389441
7147130674
7181571369
8375853333
8310564692
7004610041
7758671182
7032324573
7174154530
8162513198
8215940801
6763636445
7604035268
7637487267
7231016105
7153907866
6997724688
7135822641
6900790626
7329472023
7812157136
7911150844
7166226530
6451536444
7070714250
7818957659
8507881189
7303888892
6508888231
6923923828
8244986284
7114956940
7354965889
6105795896
7305901730
6356972043
7708360635
8184881849
6079670777
7167538519
7616585490
6795627066
8078263982
8246979982
8077742915
7631650615
7216793391
7388907104
7353281294
6486982185
8165491831
7049457376
6906947044
8397576060
7361662112
7655412242
6616232626
7144284702
7505812298
7236325892
7022200192
7533633788
6300102340
8397946651
7109044332
7252425368
7959019114
7425205305
7497811656
7713578717
6999358555
8016761560
7320166748
7431083465
8140135842
8272651235
8018085230
7284290477
8103991308
8237391398
8425963495
7466936158
8453848888
8447375861
8291760904
7039444297
7851171480
7573661519
6342302932
926467592
7495918382
8490776048
7385529611
8137207313
7187885069
7749961683
7586141147
8365915347
7425644762
7354497819
6935066235
7453211598
8300886881
7482918464
8196798800
6425971483
8337258718
7762286645
7791959921
7470154236
8017867338
6210911961
8146300768
7640801511
7531145147
6784174595
8478068610
7746753801
7287107062
6839069994
7025125328
8333133550
8173104586
6784917200
7345723820
7769221280
7713280608
7586322481
6212822908
8480309219
7713842087
6310375289
7053359847
6037934517
7356924266
7009986145
7267928370
6539036680
7965322308
7976240826
7418381008
7871879975
6425868628
8237259009
8476551123
8246415673
8347562671
7339249451
7952064045
8396270620
6703941677
7489659117
7370374650
7586128636
8300712080
6703621223
7415981903
8130709602
7359822063
7316247014
7890719644
7657389253
7161405196
6991106809
8266422815
7787122966
6808268909
7649595555
7968801070
6452086628
7244193661
7865193903
6738982704
7345118304
7386652781
8020420384
7573425433
7296476762
7792595232
8200052313
7845733570
8092216609
7826707775
7212579584
2024912037
6922142861
8488555830
8121484979
7543893662
7236260855
7007474071
7901190370
7359462483
8267847659
7262734422
6483076085
8279172284
8189706188
7818920664
7134254627
7218368362
7359755759
6188723019
7780078935
7174797526
7345200005
7244349878
7781993537
7849717209
6671844533
8468415046
7027155814
6992474112
7811259845
6904547360
7423528184
8068371504
7019454767
7033350564
7037601395
8557953487
7688118247
6707431160
6198054128
7170665088
8592056525
6516387664
7824549831
8265796083
8351764270
7284319273
7558085133
8435370337
7382822263
7380396065
7830792243
8234077674
7519450545
7757065009
7827569404
8000887336
7322866048
8488435340
7951559973
7475372589
7220163023
6959759392
7338032473
7968365498
7091475401
8563797754
7081626766
5290472196
8295530810
7534805558
6737542455
7368453056
7471550205
7510872861
6953284060
6327925135
6718289816
7221137788
1482382429
6943328634
5672605835
468180322
6643852181
7599006425
8093281909
7146506338
7715275582
7127824616
6632213667
7467141283
7072714110
7656796573
6695227667
7469558876
7301051701
8341014964
7289958829
8223226230
6990876663
7360181933
7454986076
7583477935
7893459641
1244977081
6797827077
8382527733
8127230325
8583444618
8150286769
7896567336
8232828552
6482446236
7389615240
8214616238
8166877144
7001898118
6992233270
7295954185
7817020852
7439706317
7481993729
8484801694
7052396109
7015273830
8263737678
6748435726
7215056240
7440824224
7100441796
6939739135
6423114904
6386890805
923353565
7718497134
7399321252
7024055262
6895828194
8069249305
8546559533
7457121352
7074241405
8244104898
7115896244
8156299483
8278883785
6493957352
7662156793
8311030805
7029713035
6768933107
846358790
7671105900
8026458711
1047515791
8293411421
7450388049
7489586563
7450710470
6282812565
6549771936
7035341297
6653484363
7414949195
7452304233
6053351729
7226660675
7742582083
7631986500
7905177603
7283529550
7362671715
7029168281
7300425060
7307375025
7482328956
7259682512
7471780084
7330345076
7149446281
8418769924
7707002591
1185127881
7357296634
7076699676
7755987235
6761861677
7212110854
7856255615
6699153612
7289164810
7780207865
7565913041
8361584924
8453703265
8198871619
7898790896
7549503082
7616974564
7099220706
8093886781
7019562385
6577552081
7216289434
8143379404
7887215600
7828785094
7212153357
8114361630
7238822919
6790450031
8113672368
7393275863
6953125741
8016032772
7283366321
6854090950
7098251183
7315821535
7748140624
8257764982
6995941501
7401993861
8455413901
8155843615
7453889166
8214542340
7907215424
7430326774
7441398256
7626603187
5575844896
8450564674
6867768113
7396260341
5148080641
7312277393
7159163550
8455053050
7296379655
7511846190
8496125799
7006714935
7383717562
7472236625
6591915282
7297370169
6800560772
7359430826
7398883311
8381714601
7443433694
7773790354
8174197942
7940786857
8306699684
8481085909
6566910846
6689642896
8139950785
7272668073
8068394115
7549445995
7684734071
7239706842
6473420836
6792432364
7482933928
8221428736
7297410435
7486386144
7063436243
7525460812
8006520580
8462958646
7152228585
7193129883
7682464860
7570628534
7709055807
7026534762
6830300149
7130878685
7075505299
8232414592
7812613683
7757773212
7127317796
8062249976
7254149545
7332034215
252386808
7678561578
7599710701
7845460210
7813378610
7093351117
7366087306
7697505688
6405629158
7167907536
7062828159
1921053333
6952624102
7752300437
7910288180
6997359228
7075455614
8293140431
6965436448
8309901993
7380810597
1095127346
7814611418
7090313149
8414628361
7247395120
7542809886
7775026856
7403773198
6848562858
6832892786
6325856823
7202702976
7019403320
7008040018
7052355178
7221284275
7778421915
8531048313
7265052053
7452300498
7727450287
7597560231
7324717063
8182472086
7487885035
7184525123
7057698897
6703684840
7176212793
6790832234
5915342243
8228281360
8190200162
7574337582
8583525288
5285929024
8568351920
8311297265
7690802409
7938257499
8232809871
7267938982
7434953182
6790635337
8201741961
8169259855
7808197665
7093125842
7992725422
7470676767
8423570829
7162725915
7256856131
8453565981
7502555625
8282913554
7134504226
6916504523
7443349906
8120685949
7100789516
7876299585
7239009478
7392171711
7098026276
7710338579
7089536066
7351273647
8373361021
7194608203
8258514151
7212696297
7241815739
6941981533
7090486544
6386957899
7956861600
8278605326
1352746316
8494204342
7742285521
8368384597
8591428493
7610504625
7593181186
7271360531
7061698091
7917349896
8061129615
8207651872
6382153145
7224081340
8261104363
8476064080
7415067436
8358389156
7020159418
7987352616
8073626911
7327631686
7531649928
7405724779
5526597010
6912886210
7100859145
8156357939
7137764094
7281709249
8471628022
7113001341
8167306699
7246508701
7594644451
8211818256
8383297285
8289710200
8518374351
7434241205
7473321175
862290388
7581129263
8412029111
8325371820
7188262108
8015420895
6725900302
7416430177
7282879780
7612431489
7313137089
7356278301
7469771305
7474194348
7132319705
7261249005
8292908119
8044896189
7260676587
7424549750
8142356405
7539219480
6831829719
6829646796
6817214312
7933266935
509376122
8247107472
8311894071
7506147369
7217188466
7248145503
7263229914
6516568569
8470316703
8176751167
8202648200
8327377914
8220785791
7347354521
6699008110
8123077233
7851518598
7104859611
7103040921
7277568799
7242178638
6411959778
8255998454
6856905627
7351539575
7238427195
7180063284
6803804019
7166341702
7498290169
7240900310
7669074278
7862394427
7535843209
7443501327
7939685220
7472691619
6898733425
7461338506
7347178436
7975567924
7426298463
7445228283
7740344547
6410789781
8066322139
6231442913
7847219190
7395757368
7394294162
7865981183
7190067954
7536883051
7761409629
7220628441
7686271951
6754628666
6659803455
8300812241
8563871225
8355306748
7401635115
6985135468
6849220997
8095922765
7389970200
679921306
8294889075
7912413085
8328248348
7330980529
8319093194
8426792767
8355735488
7726940268
7343928871
6442298681
6304678224
7891612005
7262167318
7397353107
7246820765
7730727902
8236282603
7542305610
7035106020
8493627418
6892476039
7567885110
7549174348
6555751922
7059941742
7338011135
7889118830
7423139501
6523695625
8020878932
1811781137
6992633224
6872394883
8030556182
7557769789
7152871493
7150075856
7989227429
5519731139
7373728213
8079253851
6344748583
7785494196
7495547379
7011453889
7881223940
7056122215
6521565158
7426842516
7231613278
6803369808
8082751959
8248316494
7250799232
8047490987
7472097286
7375907273
7578712793
8047220876
8493870300
7473729421
7464329259
7383113391
7049276133
7208972226
8509734270
8142386039
7094747557
7481616214
8102596292
8356611775
6754898610
7421556625
8202754014
8117316500
7794300310
7510974104
318526321
6929808846
8453329481
574411823
7485985439
6787253383
7087387639
6703631832
8104162076
7577983004
5125965822
7386081009
7217868660
7267047284
6869998090
6636123625
7046403129
7269453142
7039886872
7424013583
8129820196
8305118509
6479835619
6731226112
7814522875
7342683640
6956234046
8158320346
7268318474
6821791795
7521705544
8493563181
7353941527
7984022015
7451609472
2120773523
6922957670
7950586701
7329131790
7313268046
6891221165
1009556663
7068324864
8292071236
7164230676
8317116612
6964468193
6722887228
7159875958
8239611587
7822907973
7648281880
7110896670
7286254178
7067992270
8350742565
7506977844
6310763761
7151209517
7211291974
5802916059
7406285847
7016420702
7445205143
5294312992
7147575816
7316232716
6993801438
6905031532
7039105941
6976000565
8107127298
6225890869
7359759709
7520124889
7026202257
6681184088
7262927827
7315840371
8323130790
7008076844
7443662744
7000335518
7517267717
7423839543
7043566134
8211874491
7559258723
6962527747
8415110320
8392483284
7203388504
8029244747
2137647590
7891721444
8438590992
6959327272
7323790959
7518419835
8949081236
8214582426
6695524316
7969888728
7691531052
7266210376
8466463103
7624505085
7296908560
8009258452
6564513655
7197149113
327996086
6742367277
7618543083
7109755583
8276877015
6943578971
7727008238
8150894269
7204021471
7939896445
8428254581
7080096003
7990964897
8236304767
7610155099
6900321626
8111384095
8126715506
7433189794
7639980240
433168554
8084892292
7011797360
7425479641
8253785143
8172060346
6717222217
1148894132
8363657677
7694033002
8591662326
7081380885
7154307241
8236140526
6861545086
7716614615
7819047372
7128166023
7527554772
7219004663
618982057
7580694036
6841722012
8176292743
6989829579
6684944983
7332489941
7607390984
6468003496
7369946230
7208151755
7714963971
8149885274
8594312607
7365352739
8352549919
7937100977
7584970220
7744076684
1472584725
8250765868
7135143781
8350826849
7842767253
1181392360
7137769128
7512267209
8060634840
1616773140
7232112587
7148364795
1477668484
6541734848
7542214267
7174708397
7340957673
7179961301
8278887244
7017912115
8413595623
8389853429
7824329450
8344832830
8077153499
7230289095
6947611723
6993326513
7411579720
7550721924
7194839018
1866623642
1694061212
7494264305
8472611760
8333014769
7143700142
930303419
6826195918
8087234586
7528810975
7042537724
6913928455
8289951804
8178844524
7666374648
7078300801
7763916087
8344021969
8227443351
6594311025
7023998379
6813939865
7021864345
7258993919
7577124205
8285077843
7466405945
7472210026
8118613622
7121626124
8290634516
8050046025
7889362722
6530028316
8432581088
7856770427
7427222391
7118334085
7466949229
792612293
8380375765
6765513685
7743143520
1855656384
8409108594
6733014911
7703997677
7138418885
8197790921
7020731941
7362752858
8482588103
7062646707
7035946710
5103830973
7714406385
7218386138
7081374779
7513662417
8375507720
6344676660
7971500380
8406811105
6926337141
7893407940
6706288938
7866145494
8246776636
7720347128
7169356270
8141930842
7946683346
8124343535
6403485931
8378579513
6111545752
7033088637
6449572833
7077792964
8052218838
7257427972
8290401617
6988913396
6970172707
8347788835
7012449156
8101105181
7238154336
5519835484
8208954663
7365000557
8312870596
8100942724
7019552448
7146009247
7722774451
7913381066
7450628354
6678421129
6947083566
8489294145
7448513732
7612027100
7363773076
7460820472
7782218125
7139402961
7293508346
8333055772
6840499475
7118773419
6734516329
7961890444
8254301846
7157087591
8422294612
7690918527
7616070437
7783206293
7512495737
7246514336
1496623384
7723384719
7827431067
1493620102
6168478434
7015697732
6977834098
6130931924
6264709783
7694732218
7199989304
7818835115
7544267734
7168009170
7723419785
7556826485
7201510554
8414166243
1680043551
7021236101
7464447154
8276104641
6286819659
7544709037
7581473554
8088509054
7776461204
7753951957
7971378953
2033713928
7264003720
7342752295
8252257810
7172307463
7312838925
8113466823
8449100175
7793192774
7868102793
6842438912
7368543402
7153611183
7015280052
7476186761
7420152360
7645792975
6444349153
7997807926
7604170324
8220950859
7947329171
8227036913
7558382499
8159937991
7640364563
8426789020
7643332562
7883840161
7847457279
7816251110
8023618394
6722436193
6934811346
8238198621
7642454868
7050827827
7000547942
6343773588
7332920003
8181454987
6964654518
8413635388
8180184862
7565175249
7804483895
6619459001
7495020735
7047245407
7892654613
7158909594
7589147019
7357543598
7207693905
7864020729
6993720153
7307899589
7754610532
6992524841
8470456913
7352782244
6937023832
8378093346
1789221645
7009195465
7041255768
7491378345
7704803799
8344178282
7879525440
8204762239
7364789774
7480208539
7062273329
7820845333
7255999660
7774643299
8142224387
8241371518
7751686900
7273349341
7249564913
8184264516
7961169692
7019712578
8447434092
7229369160
6454551722
7512030360
7580830730
7809559430
7436231066
7191740771
6821068643
8438959487
7872256132
8322738009
7192809878
7375344990
7307720982
8322235394
7871282480
7988647185
7962200569
8194053151
8279114430
7008119577
7220699585
7064869871
7440354002
7065568928
7115031955
8208771007
7344773495
6465539688
7896006030
7318981717
7067548154
7435109576
7461243559
7036932742
7990392977
8024879027
8209089986
7469859303
7403028344
7985094286
7222996432
6141048425
8455426825
7838352494
7145305175
8302874814
7481063908
7801875414
6807242374
7260136316
6792139995
6562381479
8393038550
6931533480
5864226839
8226059604
7674434512
7487046956
7376945013
8147282989
7320396998
7035484705
8416133869
8407000310
7077730291
7608749100
8232752744
7260773233
7139140007
8447942148
6264350040
7963186452
7174610409
7058665592
7737010941
1066748918
7152439123
7271723438
5259721584
7245029167
7360029424
7147700044
7026992406
8228359042
8420965437
8430909484
5920014945
7795342107
7009410533
6707652283
8440714849
8328551221
8381182552
7320746314
7302919071
6954694879
8302802077
8569791002
7176680323
281924535
7929717487
6652294086
7676593302
8458139479
7308344887
7210220014
7736901532
848218347
7264954411
8549130671
6054155729
7973910371
7530637689
7503295328
7897087528
8130057724
8317398552
7489056189
7528642067
7362254119
7761587900
6350139280
6985575452
7114032734
8242106097
7075044578
7175808532
7113448129
7342531621
7961616588
6646640608
5951458001
7248617178
6451101410
7425675399
8307598780
8246631744
8194378223
7259336080
8103714413
7023670235
6796265681
7818336630
7578522355
8338197612
6975021442
7238659705
8231481338
6716595089
7371038482
5027921063
6806415699
7620478573
6482562704
7619203558
7614375331
5869368944
1137865139
7054112102
8003684491
6992498349
6544825338
6781879515
8230165966
7550566250
7047944317
7245630168
8488624474
6822255419
8340650736
8438953081
7679254254
8429954842
1231751391
7078403374
7320288327
7376742377
7537239916
8568365716
7532785996
7868625475
8047866454
7391491403
8357773910
7090807289
6914397497
8397111984
7759908025
7644565250
7181746374
7451209933
7185708211
8274783719
8364244426
7384322106
452232618
7761287633
7103462728
6928870246
7575886958
6890520716
8167338717
8397274089
8197327783
7181118420
8196734016
7664747277
865490299
8231809898
7166865266
7148377470
7456939824
7608876296
7098536030
8249442478
7533498329
7162125266
7254531970
7149322804
8030359532
7271216956
7798951256
7710189641
8315218917
7677653002
7304682975
7461384365
6854864464
8074806352
7346101372
7164021744
6615513121
8204223394
7805389419
7826535340
7138002891
7862076476
7345046492
7737750825
7326316685
8057756410
7426430883
8330675528
7545379592
7242823109
6796901227
763473388
7918715588
7257593183
6311307545
7280862511
8197633605
7379525127
6660901188
8179745248
7888454324
7374100706
7617558353
7412682146
7471038705
7418032040
7260385770
6119982681
7051905122
8170339156
6990186246
8243517252
8100230137
7505826222
7032678455
8379433331
8035541713
8602016525
1848815224
8306725376
7266351800
6921673330
7923340615
7232262055
7183954952
7455651522
7294301674
8305964715
7509398966
6882384833
7324879493
7237869355
8018697258
7010361690
7048443682
7668452381
7224113859
6704660627
7489119206
6801121165
7956192886
7219315802
7322347278
7953792628
7095728065
7290185588
7545664709
6590740162
5512504780
7929160094
8253785282
6092263948
7715425363
8024689491
7208741066
7675590868
6977844078
8497237247
7555407698
6604482486
7185857746
8335205547
7083093365
7240558590
8245737744
8279516532
7302941993
7075741843
7948022053
7237846958
8280795098
7174732243
7118862252
5477786458
7731324275
8401448813
8102911895
6358747826
7298496277
7625636969
8296258727
6586734683
7031796748
7061199361
7072997611
7744847899
8245750460
7456237792
8147425817
590011384
7596807718
8178858569
8333776296
8101758745
7265613144
7074878671
8114749895
7351171792
6352759475
8491114525
7683007191
7327870213
7625535991
7466376408
8276865355
7676676251
7091709168
7700600891
6571387038
7420923358
8393977078
6995996107
7239218181
5213965530
7328142065
7395389471
7943178695
7141813648
7206890595
7442726181
7423524085
7515534359
8282644481
7022299560
6842412985
7107109085
7191736736
7718283325
6891900405
8084104175
8261729476
8157462734
8183706920
7283160266
7344486294
6612938531
8484265622
8422179458
7818357476
7018555542
7887085820
7404297558
7212785654
7953155094
7976006418
8074128555
6651035173
7800248222
8184339568
7175518304
7472365580
7569839167
7558176919
7036290893
7295338850
7096654962
7198515731
7086501439
8237442350
7869476392
7269539277
7953066546
7952741814
7424252094
7641760527
6769863975
7111416056
7345422710
7699387886
6594982753
7503845160
8376051077
8366742365
6713688025
7413224152
7020070711
7443128514
371965653
7992941870
7421464328
8215985602
7329003866
8073935752
7188125555
7745996073
7442941021
8226043846
7042887735
6004768490
8038970746
8169471161
8485218253
8245320410
5106129615
7951541508
7888977836
7795051890
7829287056
7323648051
6496102316
7811886040
7703355814
8325585601
7490712548
7284189154
1504871012
6772250032
7126074027
7559774854
7334088596
6789321908
8304037242
5971834749
6991183676
6813320981
8294968203
7582502002
7452736497
7180445518
7689650371
6753573627
8354951178
7114258030
7156529175
7753342548
6585928380
6566905529
7329658850
7630563580
7645244791
7543780370
7635511477
7278436457
7632753312
7620019449
8380165553
8430293741
8075919374
1453314855
8155350202
5853624529
7053382291
7005059514
7406179736
7615921960
7605543002
7899451489
1290305525
7513248720
7146670246
6742743926
6862642468
7547489415
7006932714
7176861331
8109118345
7044339745
8371553675
7328243017
8363778247
7223730174
6722852195
6885156268
6274900338
7481479503
8340834918
7794009125
7433001464
7312633852
7220020618
7571532611
7420954101
8004016230
7559882700
7081918524
8063758487
7329830010
7314372155
6382513804
7052548515
7815976837
7911575122
8427243798
8393887186
7827360620
7673793780
7818731430
7041655215
8121791729
7430975850
7722943901
7423447193
1232557599
7848884640
8251246357
7430772840
7265213026
7078580854
8181087394
7298666206
7714958705
7665171580
8096339746
7076006118
7356965301
7609285303
8310307356
6071762457
6801488982
8439967555
7246352692
7238820206
7790742581
6956745235
8082535744
7406311153
7489202854
7300321463
5086211342
8511444164
5197526817
7590348756
8270902964
5018919128
7311747095
8362492177
6952971836
7424070336
8235151274
8200298635
8046170728
7362971484
6995749752
8194662799
7425885835
8266399878
7187903931
7148686519
7517779839
6673967997
8349870202
7282913143
8397530329
7374463880
5473582885
8570551334
7246550135
7429484631
8351209052
7529819436
1475144043
7316377988
8281358661
8416126722
8240619384
7459196758
8051789150
7317541647
7755066574
6840623524
5989357771
7526776111
7329174509
8000883667
8313051809
6600954850
7281494521
6998127826
7061862320
7238256225
8194783886
7889808314
7245288329
7436770460
7110588127
7314774537
7250840088
6722016006
6847145589
8275648876
1412648151
7280088351
7957518247
7414999705
6453224898
7261757440
7548114883
7027454280
7601925306
7300905350
7334555861
8164239341
7073731567
6848729398
7209268304
8407430986
7781727309
6883903580
8399413050
7809539870
7970029150
8590956616
6828606728
7417709756
7538991459
7198954333
7553546104
8346324611
8308011558
7754562586
7945827990
7660805185
7491785347
8199579486
6811787120
8392661542
7334706355
7276854951
8110485031
7038329380
7222069896
6971574472
8312278765
6382115413
7215547211
6384229494
8135096378
8183141479
5836401586
6712849605
7348177061
8246380421
8300624788
7576967432
7875994303
7144253606
1994777178
7131230259
7263736518
7465339353
7839442381
8526226973
7069561015
7781512460
8005605866
6600374018
6299290923
6634113250
8385253341
8212889793
8270352016
7356896506
7429782573
7418206659
6909173423
8258197261
1511254913
7227238825
7092223713
7418524485
7221222396
8391047455
7053475507
6927879676
7459762028
8384352455
8010703143
6871202901
7898330607
7983753506
7655737722
8365350824
7335339550
7345161076
7204869353
7254524615
7028597327
6913073337
7933263061
7169562965
7026326500
6621689094
8257045851
8362455826
7463778280
8259897031
7182167841
8443316141
8383053103
7026284801
7067589570
7628664425
7172471102
7679438261
7034362420
7025607581
8122032716
6868639691
7314397951
6434370261
5358711930
8709268102
7125974457
5944480458
8244291169
8553025261
7391229029
7918876276
7249613999
8018946579
7446178675
7030367504
7636062734
568932745
6765636749
7273337050
8053317744
6396636811
7167561174
7182272957
8459364497
7326926668
7422974259
7353508862
7121077633
7026457306
8550220809
7280618145
7905161137
7478174412
6918344786
7813825269
7755245812
8478643312
7760434156
7455049859
8308940152
7569960970
5563847220
8475003153
7572658348
7018836040
8369032787
7947738093
6735084928
8494102015
7309952462
7379669837
7681019068
7592391911
7297595010
6777549750
6858344607
7443828977
7243106448
8468909301
7013038142
6203683551
7243996963
8459408115
8139605383
7220721866
7848107760
8034316418
8559057346
8352001077
93015322
8099149578
7019554925
7292867570
8461558516
7068015744
6856950115
8339668789
8565782367
7360702045
6580373468
7538443441
7287558229
7882263098
6592205370
8137315674
7287735138
7029416796
7994776433
7293219674
7329384102
7356105710
8224876254
7714820029
484012923
7405374627
7129593169
6677290029
7498191647
8091730175
6395046346
7523925155
8389774415
8279550720
8221552507
2117433273
7430001085
7383504447
1245284733
349985284
7616173997
2081837894
7719229816
8105172308
8200299853
8576011087
7401847815
7092894458
7875929787
7518538642
8394048069
7475629219
7124783996
8426635678
7425885888
6993264086
7919730119
607719619
7518190564
973439688
7960631472
7502932563
8468285821
6982757912
6968307738
7046958744
7204823841
7518726830
6718836933
6754307835
6424890788
7266714098
7509920752
7180850351
5658604924
1307055982
7381418765
7900219020
7327984983
7252120873
7763494546
7583279690
7748796625
7398322081
7129838616
7314136328
7253551418
7305895950
7492307581
7473306700
8213409820
5744196902
7602835023
7476615794
6745617935
7453408652
7095884857
7919379864
6354624554
8188887977
6994977991
6920075349
7913743150
7495671117
7039917388
8286469678
8180275395
8759271762
8471880508
8227069854
7113509480
7405077711
7830890062
728333023
7688106995
1145714842
7062034740
7376095990
7074747271
7718161415
7358781008
7852423870
6581646899
6932543857
7443153220
7414646206
7443001308
7454499722
8096947657
7624332049
2049394636
7623321396
7142617956
7136539560
8318790193
8344514376
8156497456
8356384322
6514263615
8548626329
7156165867
7921586836
8330777046
7152870961
7700145863
7275346047
7496935297
7070547476
7128279791
68445238
7234642403
7305887109
6096507267
8478829069
8198381950
6876521251
5870854544
7713247476
7579921979
7012727775
499142436
7187544920
8277777597
7703521478
8303619263
8062699993
7375614077
394783840
8326858985
7567240403
7101487603
7226072528
8265876621
7366193439
7111262335
7430740723
6390262335
6978898828
857003220
6920695518
6715963774
7424787285
7208205491
8456292068
1474166541
7887881219
7266372589
7779312195
8523084640
1141037828
7660801497
7871936301
7215973208
7422828838
7334351651
7054411788
7379224891
7496835196
7479798486
8129757099
6536529874
7222105084
7776314277
7841144148
8298192291
7534916716
8169490708
5415973050
7651176944
1095992589
8154340481
7384120509
6496336111
8119739201
7054416613
7594712979
7298508117
7479642428
6926091460
7292354134
7506281892
8479827320
1498511982
6408632549
8053448566
8275903824
6622385941
6492911867
8450916544
7615689815
7402228670
8356675203
7127795269
7412230100
7625452701
8345292716
8219853786
7196158937
8478312330
7660923452
7414205458
5233446064
6982899841
7425055713
7734681335
7298892185
7986379805
8313396969
8361976498
8056040328
7481275034
7154327069
7883783540
7940098523
7678259047
8189438848
6861523459
6689151412
6995525788
7986064462
6816304590
8445576097
7448378033
7077618912
7374622303
6614131978
7611525074
7083630184
7119835389
7463899968
7064491064
7284840947
6407764033
7038037021
6497466395
6348263385
6768808110
7466171049
8447757694
7257778763
8003025727
7541128806
8324848078
7409741179
6786545334
7504666375
7263704789
7539969163
7118093669
6786458357
8261589482
7890365716
7433572111
7757003402
8064906063
7359073190
7954926216
8567835074
8414180699
7303374903
7882043552
7013767244
8267035975
7159244450
6449147798
7116601982
6329148468
8086927804
7824005806
7987333994
8177731561
6571467261
6582578856
7259637768
6870929138
8455696500
7615276634
7797617246
5420878998
8282698385
5929098712
8487836717
7259906776
7937796140
8061529221
8777737666
7609819113
7298811554
6927918055
7344672924
7488596827
8471566445
7521811804
8070094065
7493312968
7435965194
7223290989
7659019260
7128715688
1103903278
6779868679
7483782594
6575270529
7393206408
7962113714
7179925672
7325564292
8398180119
7202829154
7189099367
7710943939
704375191
6867170762
7328083610
7447736602
7563670090
2129153873
6714874467
7337114182
7086699817
7570686419
7834201741
7907447505
7174964616
8322123948
8478531933
8020122291
7869950407
8133297670
7411312966
7301876554
7479873455
8077145995
8157013099
7438672107
7238026704
6910342934
7264778475
7938605159
7536154425
7584626615
7744671746
6892788598
1790250021
7918337206
6427895821
7905040382
7883091478
7051892118
8260670263
7105668340
6022408247
8130690848
8002203028
8499577487
7324785225
7000887907
7391204318
7341070576
6459043910
7815168650
8475166251
1735261873
7355901574
7575881189
7805399274
6871428526
7500521797
7690637340
7803787983
7373057155
6725076904
7999987075
7329362022
7386267637
7483865205
7652740740
7232673525
8315667272
7208562810
8305093570
7866836882
7296416173
7604127570
7218120244
8484413438
6165226699
8325778003
6312452161
7245419492
7253287876
7718622770
8107997713
7499626607
6586666128
7615274605
6957203790
6909378275
8004497860
8322320201
8434866801
686767568
7231062217
7263030406
7856857287
7854597958
7544037891
825547028
7603647954
7462812297
7331003797
6518609945
7107875177
7489625267
7922429586
7398852618
7305927800
7110461816
7058744636
6884896647
7103577220
7476299070
6935045002
6568694823
7044790815
7033633603
7438315640
6768436825
6949281721
7295960630
7630206104
7638724563
7580918065
1917691947
7104370558
7345337390
7072852598
7154368306
7716996923
8110851886
8485574963
6735112603
7442364413
7261799685
7949286828
8129437090
8452676817
7498407502
8171174505
7456482020
7794646541
7613220701
7893294493
7324617110
7716529896
7025848793
7457783554
7203561811
7192892631
7902369821
8254626035
7236636829
1715448007
7203753026
7800090460
7342164884
7085927309
7171840908
5786664310
7058755119
8284521692
7860243330
1120009774
7959249883
7933339507
8060147397
7908806953
8289293760
8354445515
7486343561
7282684521
8009699317
8424672175
7923556500
8112278439
7275160556
7375561479
8211856742
7173928807
8365501387
8336353378
7995788749
7481270503
8473596271
7550649968
7646031409
7781444155
7408458928
6710865506
7676690626
7074137267
7396609682
6710136112
7030452317
7362661614
8111458255
7800690743
7162703930
8173854510
7191885024
7972781842
7101924949
7131659174
8214008665
6900243850
7944683165
8376590614
7254939773
7580357805
8117708438
8500267082
7421809452
8178245195
6343170993
6570840025
7383704327
7223366277
6779520760
7173665379
7340804537
6465660181
8246078472
741551644
8277746314
7520146667
6967634816
7978397174
8145727100
7069671472
8480864579
6961960974
8103470880
7345723414
7137148247
7091532177
6831931103
7471177961
7153766884
8453762434
8005750957
7332511032
7086000702
6198020531
7949257374
7346928977
6944683897
7871078395
7395096543
7494141724
7951526551
7077078919
6374724412
6483094450
7633516200
8266567220
6665848975
8010194774
6596111064
7499282878
7875467878
8123324869
7856511206
7977668972
7488357671
7286936904
7861908080
6858636745
8217347815
7030122191
7270468824
8227118438
6511572117
6279151076
6792431233
7132506497
7061553316
7610516832
8455814300
8318992747
6912692185
7504521006
7424967516
6832566080
6311396155
8026606172
8397561711
7066893134
8276939928
7398417181
7203684866
1102854112
7299044401
8468319653
7326070178
7681956719
8550735082
7281119721
8378875001
7267430855
7551923034
7504496909
7634142194
973234390
8041609278
7185659501
6323585147
7923018409
7395147422
7542145401
7259875366
549143517
7214685006
6520552515
7172784479
8417908045
7733485289
7855466611
6858333209
7538396309
6971534398
7871938864
7448382904
6784398827
7372639866
8015400278
7134197157
6629167143
7348481980
7360132942
6993598033
7811293923
6721238729
7382340496
8117189447
8082840318
8076312140
6798488222
7676557966
6968706128
7053089060
5817783468
7206834129
7569673831
7133975846
6606269275
8348955006
6960802395
7465891086
7031131878
7405796396
8403800591
8118799032
7632189970
8472219785
7665583576
5919402882
7318030828
8349661295
8515763783
7115694401
7481273437
7474166688
8307456973
7641938659
7899010898
8381315583
8221286921
6940263802
7613355320
8277722158
5550510052
6817060778
7010181671
8431771146
7853680951
8444437232
8465619283
7586700079
7915995389
8427490346
7083033157
7480126288
6543321347
8255956263
7489292244
7803822022
7424883740
7887494882
8533751968
6723962724
6998739332
7277899486
6495805584
7897660241
7188502753
8309325152
7160289506
7149462143
7109185683
7778783090
7220467355
7355182986
7429574754
7770269592
6740948748
7772036667
7130429590
7412178833
7945326228
7249798395
6555374192
7434467850
7558434151
7567607293
7471845110
1427103830
7088354805
6863261933
7559517926
7331870118
7106278586
8146209765
7471978875
5257592986
7324009429
7092272515
8386198361
7965231334
7150182352
6253122330
7311883592
8342775390
7273179018
8473806713
7522497965
7070046284
8485882975
7851784132
7161182824
8345669656
6032727358
8412128698
7238023391
6053652533
7293278740
8288810326
6970600935
8417958915
7674138616
7482172830
7313552156
7457349787
7606247385
7346717211
6990702155
2030801899
7799390590
7259608387
7570467351
7826782397
7047428190
7441878638
8391915222
8396336539
8245331814
6072583391
7249448624
7789144916
8407334498
7391894022
7072185076
7351219529
7290164914
7923133403
8008518362
7024383334
7711653142
7430629905
7341225988
5050350579
6210338336
7304174959
7297251948
5539448590
8439745184
302971826
7267463599
8543583692
5225869951
6979654120
7704290710
6794108152
7645335726
7219219007
7120016828
768928303
7293107310
7152454701
8033972696
8377825555
8288373155
7744126738
7602996809
8384220436
7169041406
7069039504
7248206278
7272225459
7186231438
7190983378
7265398210
8275753728
7314328456
7709178557
7442540763
7807242272
8311389099
7383179342
7653521373
8047203204
8199715873
6717331160
1275220914
6725172597
8251381537
7093843343
7115916872
7031205172
7256167730
6530805995
7278627845
7333724263
7141725833
8025240810
7068855159
7505741972
7604917871
7021734104
7357471331
5150511747
7477182893
7432403102
8032346861
7277675372
7070212745
7232783367
5584035582
7049066312
7195173060
7404316704
8287565050
7210797023
8253604934
7497855444
7477006211
8522184496
7658808699
6746700643
7947812136
7454754244
7130355485
7798939787
8479146552
8269181628
7493589226
6358374594
7363324080
6670522703
8242759477
7964464773
8341823017
8211890316
8256685509
7766371813
6894319638
7212517906
6312658634
8307199647
8053846633
6029447469
7329559532
7425320289
5950053102
7724718372
8291142701
7154320725
5337471105
8045992254
6622794452
7432574785
7152175025
7007518644
7647665243
7926238189
6999820531
7145425822
7528839699
8320090216
6772761342
7109724118
7899716696
7838923751
6694680730
7189628476
7657380381
7099639982
8273265427
7108320024
6970364408
7041930035
7158595544
8029518193
8099810226
6913759893
7180001570
6997994581
8213194111
7875614427
7677713397
7374735445
7929041444
7682285443
7038920044
7819483139
7874377873
5822769213
6739931130
7034575800
8470018526
7422867037
7061198403
7351770565
8392741672
8006913603
8292688380
7795038676
7420032617
8336679511
8109410820
8493967975
7421475127
8467056073
8444559262
7361154593
6800805961
8134475979
853412359
7226031818
8101223706
6639923173
7052567243
7403274360
7819962929
6886894677
7383857355
6836022103
8262855529
8449265813
7494313315
7211653020
6279798169
789397171
6846437962
7418710633
1470958312
7346115323
7318649020
6930530167
8748653445
7388237376
7702158076
8051642959
7680080566
8295101980
7267014065
7876869435
5522148388
7603067651
6531890012
8429580574
6746903961
5611946057
8352419900
7399177346
8127546462
7543302118
6756791942
7304042422
6441833631
8770365660
7379745971
6787331486
7514200114
7029227666
7056019445
7398416474
7387308709
8254918253
7473055509
8264415393
7207355840
8440999813
8439271761
7303704044
8298299244
7317707886
7337620215
7122951889
832008028
8458761349
8066276917
7575847130
8183122625
8469363597
6995682390
7950411270
7331958152
7154615384
7272170495
7794005666
2109909085
7088381027
6538524409
6582160170
7255008077
8272829349
7738455153
7476311059
7989582045
7111255403
7494942901
7339253994
7336687933
7762994431
8392740699
7676374648
6372821580
7006914880
7822546976
913977001
7632682337
7683967940
7930298518
7062008871
7271948057
7763265768
6619882564
8098732067
7688586943
7294405609
7394266053
7200535523
8171829854
7463840868
8231034538
7418303806
7964040166
7254260062
8296918317
7212608737
6972471111
7384483394
7431861088
7000713256
7054585917
7021257823
8277834093
1310930420
6959965445
6731856155
7089531290
7910137165
6506317816
7296497925
7021323363
7222517737
8325468101
8219635517
7508164225
8226070385
6913162645
7677982761
7529451298
6828336198
6462917420
6296605201
7503203398
7331905455
6673001507
7134996501
7517574241
8354426581
6874401312
7367661885
8383826027
7741860469
8247920460
8499486701
7961471346
7915218741
7783575189
7573401401
8486923155
8060492799
8470531058
7827273559
6753578722
8230726409
8270943390
7965591321
7872815165
7699307577
7440067275
7284596978
7557044148
7120069183
8480000098
7977457347
7878032792
7288943669
7326283984
7226919931
7239799049
7406867692
8309229711
8349212447
8327898132
6831443780
7678778264
5487921671
7093074495
8205991476
7193049876
8259415851
8042104821
7814092405
7036488626
8444553447
7419583201
7748369474
6390298072
7020724153
349442056
8016628060
6203538152
6396130801
6996636274
7724189193
6473031326
8278989384
7306836032
7712378869
5181021616
7098804690
6754427092
8198828701
7229637882
7094373912
7464417548
7138519376
8408446447
7808609709
7362609856
7536440723
7613879494
7508435829
8352497582
7447754180
8261107381
5206672951
7277882284
7865092343
8164698790
7732320546
7968662175
6585190631
8524375692
6770572699
7213985087
7086925790
5093012358
7843681823
7211108119
7853894269
7065408812
7090389858
7538816568
5301653372
7966738930
6782224604
7415949472
7397127623
7011386985
8037699369
7654114731
6748895327
1287010862
7164635408
8558829364
7805923721
7897489974
8337333514
7914517948
7729122175
6904583667
7713486341
7778792927
7869150491
7961653764
7045221668
1895508682
7090757889
7597373889
8335285083
7658937659
8208182958
7300890293
7247365253
1089381617
7650971296
6992452636
7784576124
365290113
6590522079
7480304502
7339514506
7618186138
5084171982
7366099458
7288274212
8215334647
7076681448
8461514590
8293257746
7308081179
7051052453
7452394968
7156548316
6707712010
7026431061
7621180698
1757879348
939302231
6766284580
7468138257
6519926770
7773433176
8162335470
7470530980
8237494712
8464060005
7821540528
8303534482
8099662321
7235967453
759975172
8342703510
8475451883
6689271103
7171272438
8104072582
596453183
7386211151
5569215473
7177050046
7176237191
6929558837
7484984117
8431870716
430909852
6949824296
7469764707
7774255621
7461929251
6885404031
168065156
7278284047
7493474298
7848501289
7051603612
6946992726
7807785871
8221926576
7483384622
8488340820
8193910914
6649000784
7645147076
8177968281
7029627512
7367241750
6797127281
7945642465
7170473744
8549092999
7077798206
7769764772
7444267394
7568801376
7166861065
7180247944
7374261787
7463218184
7563414554
7267533003
7438840519
7796781579
7346504732
8247024701
7983779635
7359465424
8173551006
5990082348
7415412058
7394640167
7894160293
6685617908
844784916
7138892610
8464200751
7166448251
6744083277
8383622318
7172064695
5580534982
8051774789
7662572219
7455303852
7183686443
7444857965
7480264215
7288785334
6334933148
7032273538
7084091370
7811581399
7353619702
7431795072
7204181430
8017970575
7646360686
7896005340
8057922516
7630764901
6301340362
7069617112
7492430247
8458613843
7089119722
7104654412
7455101660
7425587087
8546007657
7378731006
8187547155
7579105911
7869513215
7877161531
7233729148
6425841857
8394023620
8568949522
7078923779
8131605218
7389762502
8357596367
8482058927
8465517160
7357094017
8196832984
6258857343
8471592151
7007498036
7324575838
8379005228
7726274361
7254970068
8544379843
6730284217
8311599879
8074952876
7955324678
7058027993
7233591228
8214736507
7704925710
7830614771
7277350557
7482587916
8455612709
8215179130
8471433261
7900007779
7349716492
7205504784
6923967900
7837579499
7022252934
8058325506
7141171133
7878507287
7752047967
7319257554
7577041450
8175179122
7452403137
8319188058
5238541751
2089186854
7041397168
6526833526
7031228038
7022709364
8243635071
6754767182
7618651675
7139919782
7394895059
6528142594
7393006278
7239334043
7106319810
7741558852
7936545126
8039820534
7705234385
8356231511
7800150858
7020716824
8471476139
7647256060
7152917907
7319520734
7695059939
7287434101
7748574282
8233349283
7734345660
7191279390
6495924459
7108780682
7667683641
8185267101
7590953320
7306511661
7318250910
7278417574
7975952666
7722271642
7245148874
6893652148
7889572808
8078516813
7655282945
7099561528
6076106767
7198610472
6818789557
8380026875
7307557903
855888381
7359030251
7813428057
7129449805
7192975947
6994863402
7518895246
7997042682
7056751157
7578058161
7997990113
7710731658
7721110892
8112600253
7758068281
7165042230
8217892208
8283150819
7175636890
6071858657
8436899809
7300015736
6349487580
8334501073
7382115989
531489847
8074225806
6960923035
7130428881
7496657287
6556829404
7278037642
7193322098
6737913446
8460624924
7637417577
7258827772
6083746588
7056391196
7037928891
7396042822
8384867732
7767472071
1618710536
7528228838
6576268133
7923198222
8337770171
7846089028
7068706604
6523726354
8304555710
7241266063
7468456404
5807985320
7648774162
7729328774
6954209138
8599873785
7561564510
7185455264
6586210614
7458612930
7458060134
7725005532
697175198
7207129687
7923787379
8804432763
7954337065
6908223492
6915134356
8354480394
6439935081
6557659928
7249280937
7055611829
8407980638
8383059038
8333955866
8375178404
6297150808
5107820256
8326128696
8475619523
8171839492
7867481928
7131157089
7451822408
7309061504
6875983705
7259725952
7442473847
8026847517
8284960960
5878589703
7168618092
6298408163
8206005582
980712168
7033953480
6138207771
6822610337
7250250436
8057435354
7026134735
7312438253
7860693971
8461644346
7748314054
8466892417
7455714325
7447204287
7853293617
8191104117
6547683271
6751298559
7917294462
8532318694
8453519511
8392183567
7618705148
7945429875
6225036462
8145611139
7289892520
8213818078
7060576011
7797394641
7890442978
8186018298
8479437648
6485443201
8303487503
7322210122
1412220514
7376161599
7414735864
7641042442
6997747612
8313326156
8306874371
7750807821
7677468111
8248053120
7933284979
7311115510
6682589406
6777329310
8002007144
7024600299
8110301611
6523487215
8234982031
6903905220
7056058521
7435777621
7746104709
7006340707
8378196834
7038922012
6907431445
6806561476
7590131214
7351812861
8397152513
8307639491
7299385649
8236150714
8257659699
7419655161
7312723771
7073137976
7240317575
6829845101
7490651628
7905969072
7983674922
7284348553
7892895119
7435885127
7321632600
6321053682
7281677516
7156512022
7807373599
7579511179
1327942472
6584390457
7726015852
7506415573
7226575290
7177774557
7415033162
7331757011
7407908957
1343574317
8031323063
7093191993
7722858326
7386299044
6846733863
7205600426
8183075637
7429943437
7002223758
8271834335
7869052541
8462916801
8209270190
7400640594
8028646532
7493680783
7526062663
8244120850
7871692770
6955563935
8459745451
7499160667
8552688534
8158676490
8565914323
7949717781
6754134975
7990001919
7005245872
7363953799
7617271358
7005097038
7951692204
8424215290
7985669157
8336285432
8079630643
7403467680
8015689602
7634822621
6848789037
7909842930
7007742265
7678882102
8185741528
7147901064
7333961498
8203523873
8426584823
7726634866
8382863673
8350396265
6780845675
6750005521
7487963871
8094074075
8368890618
7396452020
7119537125
7843251380
8165323041
584934888
7090473863
8323012473
8406562635
7827408073
8112592539
7465983398
7247830218
8093263790
889206108
7750935204
5890970152
7550363041
6844110279
7382572389
7028644301
7384800801
7130300653
7835627482
8013465233
8329574158
7879838666
7473796073
1642166621
7511445534
8049620190
7208694338
8359780597
8814820723
8418316046
7668970279
7202970697
7297400788
7824090713
7074870261
7258716741
7880501711
7109797810
7432660540
7448029430
5707343447
6865450560
7095030379
8356905329
8461350429
7463863048
7262210040
7434831428
6977804534
5825303090
7018393195
7038929366
6981790631
7237995042
7595420605
8444118358
6474282587
8147937544
8245109403
7449713390
6950990560
8212799508
7850914954
7177333558
7289446210
7602218127
7894008238
7818820053
8339162967
7387985251
5027497967
7654032601
7979786978
7994524121
7250852849
8244741317
7201779583
7745822577
7496333512
7092300483
8405857593
8394463902
7086396143
7320910539
8194776914
6978908851
7236976992
7392891724
7358689221
5867172178
7675011968
7602912167
7555440428
7534248338
8075023424
7281217774
8340828124
6794369158
7151499424
8390686772
8041969051
7595339854
7808599722
7487261300
8373672347
8005172996
7798342227
8302589496
8262797825
7210075961
7290614226
7115171455
8162657988
8528183287
8070512247
8316433237
8226694308
7214898897
7238222594
8369486813
7926680274
7350098815
778594206
6700415638
7247912699
8234793112
8290809135
7208129451
1221789401
8550632222
7135937964
1326113206
7226499609
7330451036
7192956065
8444450920
8140231637
7259750789
7964556291
7813798823
7753312653
7796441732
457182099
8248886177
6718956052
7115945292
7503250673
7686736561
7330902945
7338824664
7318952121
7038845624
7908475456
7251502926
6978369019
7940241627
7400589722
7247566416
7893020339
8447560735
8215858810
8201446456
8198097430
6498463180
8186743438
7095788055
7242136699
